trial_number,receive_time,node,ts,px,py,yaw,temp
1,1778095460.5287485,1,19583,4.820237e-07,3.623859e-06,4.558584e-06,33.6
1,1778095460.5692704,1,19633,-5.533433e-06,1e-05,0.00046,34.6
1,1778095460.6169732,1,19683,-3.6e-05,3.6e-05,0.000924,34.6
1,1778095460.6842668,1,19749,-8e-05,0.0001,0.001512,34.6
1,1778095460.7234166,1,19783,-0.000108,0.00015,0.001759,34.6
1,1778095460.7802489,1,19840,-0.00016,0.000247,0.002291,34.6
1,1778095460.8649929,1,19933,-0.000272,0.000459,0.003217,34.6
1,1778095460.9653282,1,20033,-0.000421,0.000755,0.004137,34.6
1,1778095461.0653267,1,20133,-0.000596,0.001147,0.004974,34.6
1,1778095461.1760843,1,20233,-0.000837,0.001619,0.006037,35.6
1,1778095461.2188554,1,20284,-0.000984,0.001877,0.006517,35.6
1,1778095461.3163404,1,20383,-0.001306,0.002412,0.007449,34.6
1,1778095461.4681132,1,20533,-0.001869,0.003381,0.008697,35.6
1,1778095461.5149393,1,20583,-0.002136,0.003829,0.009273,35.6
1,1778095461.7149477,1,20783,-0.003133,0.005554,0.0112,35.6
1,1778095461.8150408,1,20883,-0.003692,0.006527,0.012171,35.6
1,1778095461.8649836,1,20933,-0.004002,0.007025,0.012613,35.6
1,1778095461.9173148,1,20983,-0.004228,0.007385,0.012998,35.6
1,1778095462.0280137,1,21095,-0.00506,0.008738,0.014191,35.6
1,1778095462.2163317,1,21283,-0.006474,0.010992,0.016041,35.6
1,1778095462.2655401,1,21333,-0.006884,0.011628,0.016427,35.6
1,1778095462.314938,1,21383,-0.007311,0.012285,0.016877,35.6
1,1778095462.4161398,1,21483,-0.008191,0.013648,0.017763,35.6
1,1778095462.5251865,1,21550,-0.008833,0.01464,0.018356,35.6
1,1778095462.5279605,1,21583,-0.009117,0.015073,0.018769,36.6
1,1778095462.6152842,1,21683,-0.010073,0.016499,0.019764,35.6
1,1778095462.6668973,1,21733,-0.010641,0.017349,0.020196,35.6
1,1778095462.9663079,1,22033,-0.013991,0.022368,0.02313,35.6
1,1778095463.0260766,1,22090,-0.014576,0.023268,0.023526,35.6
1,1778095463.1149657,1,22183,-0.015753,0.025105,0.024479,35.6
1,1778095463.3180137,1,22383,-0.018282,0.028994,0.02665,35.6
1,1778095463.4149017,1,22483,-0.019631,0.031029,0.027621,35.6
1,1778095463.5156875,1,22583,-0.021003,0.033112,0.028678,36.6
1,1778095463.6156406,1,22683,-0.022404,0.03527,0.029712,36.6
1,1778095463.6672559,1,22733,-0.023046,0.036269,0.030102,36.6
1,1778095463.7151208,1,22783,-0.023691,0.037282,0.030531,36.6
1,1778095463.9648023,1,23033,-0.027586,0.043392,0.033089,36.6
1,1778095464.1172533,1,23183,-0.029882,0.047008,0.034382,36.6
1,1778095464.2166743,1,23283,-0.031592,0.04969,0.035278,36.6
1,1778095464.314768,1,23383,-0.033163,0.052197,0.036052,36.6
1,1778095464.3777964,1,23441,-0.034266,0.053953,0.036593,36.6
1,1778095464.4162107,1,23483,-0.034962,0.055048,0.036945,36.6
1,1778095464.464928,1,23533,-0.035842,0.056436,0.037415,36.6
1,1778095464.5150084,1,23583,-0.036739,0.057842,0.037893,36.6
1,1778095464.566093,1,23633,-0.037649,0.059273,0.038359,36.6
1,1778095464.6151774,1,23683,-0.038475,0.060583,0.038779,36.6
1,1778095464.8029013,1,23833,-0.041356,0.065179,0.040445,37.6
1,1778095464.8232472,1,23892,-0.042495,0.066997,0.041208,37.6
1,1778095464.8652108,1,23933,-0.043161,0.068078,0.041523,37.6
1,1778095464.9159224,1,23983,-0.044217,0.069797,0.042071,36.6
1,1778095464.9661465,1,24033,-0.045191,0.071388,0.042503,36.6
1,1778095465.1191506,1,24183,-0.048163,0.076252,0.043949,36.6
1,1778095465.1980512,1,24251,-0.049577,0.078565,0.04477,37.6
1,1778095465.3156276,1,24383,-0.052287,0.082968,0.046054,37.6
1,1778095465.3721743,1,24433,-0.053345,0.084692,0.046475,37.6
1,1778095465.5199525,1,24583,-0.056399,0.08958,0.04781,37.6
1,1778095465.5663092,1,24633,-0.057736,0.091716,0.048413,37.6
1,1778095465.6340377,1,24701,-0.059314,0.094252,0.049001,37.6
1,1778095465.8657875,1,24933,-0.064684,0.102731,0.051375,37.6
1,1778095465.915926,1,24983,-0.065879,0.104619,0.051794,37.6
1,1778095465.9648964,1,25033,-0.066963,0.106329,0.052201,37.6
1,1778095466.2169468,1,25283,-0.073338,0.116263,0.055094,37.6
1,1778095466.2653148,1,25333,-0.074622,0.118283,0.055562,37.6
1,1778095466.3168116,1,25383,-0.075906,0.120329,0.055962,37.6
1,1778095466.4160044,1,25483,-0.078367,0.124263,0.056848,37.6
1,1778095466.5542712,1,25602,-0.081667,0.12953,0.058083,37.6
1,1778095466.5647993,1,25633,-0.082331,0.130599,0.05841,38.6
1,1778095466.6530232,1,25692,-0.08407,0.133395,0.05896,38.6
1,1778095466.6648107,1,25733,-0.085146,0.135129,0.059369,38.6
1,1778095466.7197332,1,25783,-0.086499,0.137314,0.059813,37.6
1,1778095466.8165746,1,25883,-0.089212,0.141728,0.060837,37.6
1,1778095466.9157925,1,25983,-0.091949,0.146224,0.061746,37.6
1,1778095467.0033512,1,26053,-0.093873,0.149411,0.062472,37.6
1,1778095467.01824,1,26083,-0.094702,0.150782,0.062835,38.6
1,1778095469.8281703,1,28883,-0.1897,0.312633,0.09443,39.6
1,1778095473.3798206,1,32440,-0.363636,0.611017,0.135223,40.6
1,1778095473.984022,1,33033,-0.397336,0.668508,0.142011,41.6
1,1778095474.1393611,1,33183,-0.406495,0.684272,0.143731,41.6
1,1778095474.3392656,1,33383,-0.418472,0.704864,0.145946,41.6
1,1778095474.7232301,1,33790,-0.443307,0.747407,0.150774,41.6
1,1778095474.879261,1,33933,-0.452336,0.762985,0.152347,41.6
1,1778095475.231726,1,34283,-0.474663,0.80068,0.156494,42.6
1,1778095475.3250701,1,34383,-0.481106,0.81161,0.157549,41.6
1,1778095476.9201534,1,35983,-0.589452,0.995734,0.17609,42.6
1,1778095480.9388413,1,39983,-0.091749,-0.014645,0.221744,42.6
1,1778095483.639225,1,42683,-0.129195,0.030703,0.25238,43.6
1,1778095483.7552474,1,42800,-0.131691,0.033581,0.253827,43.6
1,1778095483.8530843,1,42890,-0.133619,0.03571,0.254938,43.6
1,1778095484.248702,1,43283,-0.142798,0.045621,0.259494,43.6
1,1778095484.3008764,1,43335,-0.144121,0.047066,0.260172,43.6
1,1778095484.3497527,1,43383,-0.145202,0.048312,0.26062,43.6
1,1778095484.4161263,1,43483,-0.147507,0.051036,0.261669,43.6
1,1778095484.4936514,1,43533,-0.148853,0.052594,0.262222,43.6
1,1778095484.5159347,1,43583,-0.149722,0.053571,0.262633,43.6
1,1778095484.632183,1,43696,-0.153016,0.057278,0.264013,43.6
1,1778095484.7230017,1,43786,-0.155334,0.059906,0.264906,43.6
1,1778095485.0294416,1,44083,-0.163233,0.0687,0.268255,43.6
1,1778095485.1212234,1,44183,-0.165998,0.071939,0.269292,43.6
1,1778095485.2332752,1,44283,-0.168861,0.075095,0.270489,43.6
1,1778095485.92064,1,44983,-0.190297,0.099111,0.278352,43.6
1,1778095488.069066,1,47133,-0.270403,0.18889,0.302408,43.6
1,1778095491.7658572,1,50833,-0.442515,0.397044,0.343308,44.6
1,1778095497.3652549,1,56433,-0.77112,0.832391,0.405708,44.6
1,1778095500.5666714,1,59634,-1.003737,1.148112,0.442329,45.6
1,1778095502.584,1,61633,-1.167497,1.366295,0.464228,45.6
1,1778095515.069317,1,74136,-2.56212,3.053249,0.603513,46.6
1,1778095515.5269616,1,74586,-2.626216,3.122433,0.608492,46.6
1,1778095528.6663885,1,87733,0.022896,0.227777,0.75454,47.6
1,1778095530.7644365,1,89833,-0.027265,0.243562,0.778158,47.6
1,1778095532.4223144,1,91483,-0.079957,0.269642,0.797121,47.6
1,1778095540.4139893,1,99483,-0.577674,0.530369,0.891806,48.6
1,1778095540.9743283,1,100033,-0.627873,0.555182,0.898632,48.6
1,1778095541.0326984,1,100083,-0.633082,0.557788,0.899202,48.6
1,1778095541.2258341,1,100283,-0.651541,0.56682,0.90152,48.6
1,1778095541.3308692,1,100383,-0.661548,0.571647,0.902787,48.6
1,1778095541.3884401,1,100433,-0.66636,0.574052,0.903354,48.6
1,1778095541.420343,1,100483,-0.670707,0.576255,0.903815,48.6
1,1778095542.1666873,1,101234,-0.743906,0.612883,0.912826,48.6
1,1778095542.7637944,1,101833,-0.805182,0.643582,0.920601,48.6
1,1778095543.188904,1,102233,-0.846851,0.664412,0.925296,48.6
1,1778095543.2185066,1,102283,-0.852096,0.667004,0.925995,48.6
1,1778095543.5159166,1,102585,-0.884375,0.683179,0.929506,48.6
1,1778095544.4403174,1,103485,-0.982175,0.732617,0.940549,48.6
1,1778095545.6312973,1,104683,-1.117085,0.800866,0.95487,48.6
1,1778095549.1137812,1,108183,-1.570633,1.01398,0.997762,48.6
1,1778095551.719547,1,110786,-0.163377,0.661616,1.030069,49.6
1,1778095551.814549,1,110883,-0.166054,0.666821,1.031177,48.6
1,1778095551.9637089,1,111033,-0.169702,0.673751,1.032779,48.6
1,1778095552.1136787,1,111183,-0.174415,0.682355,1.034809,49.6
1,1778095552.4756749,1,111533,-0.185089,0.700909,1.03905,49.6
1,1778095554.0638793,1,113133,-0.242738,0.789593,1.058552,49.6
1,1778095555.879024,1,114933,-0.323106,0.899337,1.080498,49.6
1,1778095556.3819332,1,115433,-0.34659,0.931964,1.086554,49.6
1,1778095556.8769174,1,115933,-0.370152,0.965361,1.092177,49.6
1,1778095559.021843,1,118083,-0.475296,1.126274,1.119844,49.6
1,1778095559.5715384,1,118633,-0.349374,0.78711,1.126042,49.6
1,1778095559.8714142,1,118933,-0.354698,0.788157,1.129493,49.6
1,1778095560.3144128,1,119383,-0.36254,0.790342,1.13473,49.6
1,1778095562.1726496,1,121233,-0.397039,0.810023,1.157131,49.6
1,1778095563.4701748,1,122533,-0.393712,0.743017,1.172288,49.6
1,1778095564.239714,1,123301,-0.40356,0.73305,1.180554,49.6
1,1778095564.9633787,1,124033,-0.41356,0.725814,1.188746,50.6
1,1778095565.866589,1,124933,-0.426703,0.719934,1.199071,50.6
1,1778095566.0633895,1,125133,-0.429651,0.719078,1.201197,50.6
1,1778095566.5787015,1,125642,-0.437815,0.717546,1.207049,50.6
1,1778095567.5768478,1,126633,-0.454978,0.717699,1.218495,50.6
1,1778095568.9195628,1,127985,-0.481316,0.722225,1.234817,50.6
1,1778095574.4677444,1,133533,-0.540573,0.659133,1.300217,50.6
1,1778095706.0356069,1,19637,-3.3e-05,4.155966e-06,0.000612,39.6
1,1778095706.0903413,1,19687,-6.4e-05,3.1e-05,0.001188,39.6
1,1778095706.1541476,1,19753,-0.000112,0.000143,0.001875,39.6
1,1778095706.1869018,1,19787,-0.000139,0.000238,0.002226,39.6
1,1778095706.2454467,1,19843,-0.000186,0.00041,0.00275,39.6
1,1778095706.2863317,1,19887,-0.00024,0.000598,0.003168,39.6
1,1778095706.3875334,1,19987,-0.000419,0.001016,0.00423,39.6
1,1778095706.4862938,1,20087,-0.000658,0.001455,0.005201,39.6
1,1778095706.5370123,1,20137,-0.000825,0.001807,0.005829,39.6
1,1778095706.6015055,1,20202,-0.001027,0.002244,0.00652,39.6
1,1778095706.6382382,1,20237,-0.001143,0.002497,0.006972,39.6
1,1778095706.7057312,1,20293,-0.001338,0.00292,0.007558,39.6
1,1778095706.7862716,1,20387,-0.001746,0.003669,0.008729,39.6
1,1778095706.8366544,1,20437,-0.00199,0.00408,0.009268,40.6
1,1778095706.9356778,1,20537,-0.002435,0.004922,0.010195,40.6
1,1778095706.9863737,1,20587,-0.00274,0.005558,0.010808,40.6
1,1778095707.0521007,1,20653,-0.003102,0.006279,0.011611,40.6
1,1778095707.08537,1,20687,-0.003282,0.006617,0.011904,40.6
1,1778095707.1438458,1,20743,-0.003652,0.007318,0.012565,40.6
1,1778095707.1855292,1,20787,-0.00393,0.007879,0.013087,40.6
1,1778095707.2447083,1,20837,-0.004246,0.008537,0.01361,40.6
1,1778095707.2894666,1,20887,-0.004575,0.009213,0.014115,40.6
1,1778095707.3376682,1,20937,-0.004918,0.009906,0.014695,40.6
1,1778095707.3855438,1,20987,-0.005171,0.010405,0.015031,40.6
1,1778095707.4403715,1,21037,-0.005668,0.011364,0.01578,40.6
1,1778095707.502424,1,21103,-0.00618,0.012368,0.016447,40.6
1,1778095707.54239,1,21137,-0.006465,0.012923,0.016743,40.6
1,1778095707.5882328,1,21190,-0.006926,0.013811,0.017284,40.6
1,1778095707.6372578,1,21237,-0.007272,0.014469,0.017718,40.6
1,1778095707.6896973,1,21287,-0.007757,0.015382,0.018273,40.6
1,1778095707.7878282,1,21387,-0.008693,0.0171,0.019418,40.6
1,1778095707.8355262,1,21437,-0.009133,0.017907,0.019898,40.6
1,1778095707.8873992,1,21487,-0.009686,0.018922,0.020421,40.6
1,1778095707.949705,1,21550,-0.010361,0.020165,0.021098,41.6
1,1778095707.9934402,1,21587,-0.010737,0.020854,0.021401,41.6
1,1778095708.0407162,1,21642,-0.011349,0.021955,0.021999,41.6
1,1778095708.090362,1,21687,-0.011873,0.022868,0.022412,41.6
1,1778095708.1865737,1,21787,-0.013086,0.024946,0.023527,41.6
1,1778095708.2363286,1,21837,-0.013706,0.026029,0.024072,41.6
1,1778095708.2905607,1,21887,-0.014205,0.026913,0.024474,41.6
1,1778095708.3371863,1,21937,-0.014972,0.028256,0.025099,41.6
1,1778095708.4000053,1,22000,-0.01577,0.029622,0.02573,41.6
1,1778095708.436447,1,22037,-0.016314,0.030547,0.025997,41.6
1,1778095708.5125835,1,22093,-0.017002,0.031731,0.026519,41.6
1,1778095708.53623,1,22137,-0.017694,0.032946,0.027118,41.6
1,1778095708.5870602,1,22187,-0.01833,0.034056,0.027562,41.6
1,1778095708.7364872,1,22337,-0.020512,0.037718,0.029071,41.6
1,1778095708.794589,1,22387,-0.021368,0.039164,0.029663,41.6
1,1778095708.942842,1,22543,-0.023984,0.043493,0.031258,41.6
1,1778095709.088929,1,22687,-0.026508,0.047608,0.032809,42.6
1,1778095709.1860273,1,22787,-0.028152,0.05026,0.03374,42.6
1,1778095709.23531,1,22837,-0.029275,0.052062,0.034427,42.6
1,1778095709.3023195,1,22904,-0.030518,0.054037,0.035154,42.6
1,1778095709.336952,1,22937,-0.031101,0.054955,0.035417,42.6
1,1778095709.3988307,1,22995,-0.032382,0.056962,0.03614,42.6
1,1778095709.4353004,1,23037,-0.033177,0.05822,0.036543,42.6
1,1778095709.4856696,1,23087,-0.034181,0.059812,0.037096,42.6
1,1778095709.5353813,1,23137,-0.035102,0.061253,0.037561,42.6
1,1778095709.5867164,1,23187,-0.036253,0.063032,0.038157,42.6
1,1778095709.6353693,1,23237,-0.037214,0.064508,0.038596,42.6
1,1778095709.6896877,1,23287,-0.038402,0.06634,0.039168,42.6
1,1778095709.7911184,1,23387,-0.040584,0.06973,0.040184,42.6
1,1778095709.8426642,1,23441,-0.041805,0.071619,0.040762,42.6
1,1778095709.886865,1,23487,-0.042813,0.073185,0.041245,42.6
1,1778095709.9370806,1,23537,-0.043944,0.074944,0.04177,42.6
1,1778095709.9853911,1,23587,-0.045072,0.076722,0.042272,42.6
1,1778095710.0368547,1,23637,-0.04622,0.078525,0.042839,42.6
1,1778095710.0919,1,23687,-0.047272,0.080164,0.043263,42.6
1,1778095710.1353161,1,23737,-0.048584,0.082191,0.043856,42.6
1,1778095710.2032895,1,23804,-0.05028,0.084814,0.044586,42.6
1,1778095710.2359786,1,23837,-0.051012,0.085952,0.044857,42.6
1,1778095710.2910714,1,23891,-0.052235,0.087867,0.04544,42.6
1,1778095710.3365755,1,23937,-0.05347,0.089801,0.045933,42.6
1,1778095710.3866014,1,23987,-0.054596,0.091555,0.046391,42.6
1,1778095710.4368064,1,24037,-0.05599,0.093718,0.04696,42.6
1,1778095710.4894028,1,24087,-0.057267,0.095701,0.047533,42.6
1,1778095710.53627,1,24137,-0.0583,0.097307,0.047934,42.6
1,1778095710.5894544,1,24187,-0.059872,0.099747,0.048575,42.6
1,1778095710.6551225,1,24255,-0.061741,0.102645,0.049435,43.6
1,1778095710.6946626,1,24287,-0.062554,0.103898,0.049736,42.6
1,1778095710.7392178,1,24342,-0.064065,0.106209,0.050312,42.6
1,1778095710.7870471,1,24387,-0.065314,0.108126,0.050831,42.6
1,1778095710.8353276,1,24437,-0.066573,0.110062,0.051281,42.6
1,1778095710.8863392,1,24487,-0.068118,0.112458,0.051877,42.6
1,1778095710.949553,1,24537,-0.069392,0.114435,0.052342,42.6
1,1778095710.9861066,1,24587,-0.070817,0.116639,0.05286,42.6
1,1778095711.0355737,1,24637,-0.072257,0.118857,0.053389,42.6
1,1778095711.1361103,1,24737,-0.075322,0.123557,0.054496,42.6
1,1778095711.1998556,1,24795,-0.077095,0.126283,0.055144,42.6
1,1778095711.285436,1,24887,-0.079796,0.130408,0.056134,42.6
1,1778095711.3410683,1,24937,-0.081324,0.132713,0.056582,42.6
1,1778095711.3870595,1,24987,-0.082868,0.135033,0.05715,42.6
1,1778095711.4363842,1,25037,-0.084112,0.136912,0.057559,42.6
1,1778095711.4857001,1,25087,-0.085825,0.139531,0.058196,42.6
1,1778095711.555404,1,25137,-0.086923,0.141218,0.058531,43.6
1,1778095711.5853405,1,25187,-0.08899,0.144374,0.059301,42.6
1,1778095711.6494458,1,25245,-0.0911,0.147547,0.059945,43.6
1,1778095711.6853807,1,25287,-0.092422,0.149512,0.06035,42.6
1,1778095711.7396915,1,25337,-0.094091,0.15199,0.060845,42.6
1,1778095711.7855306,1,25387,-0.095597,0.154247,0.061306,42.6
1,1778095711.8362706,1,25437,-0.097458,0.157034,0.061958,43.6
1,1778095711.8882656,1,25487,-0.098822,0.159082,0.062386,42.6
1,1778095711.9434614,1,25537,-0.10089,0.162178,0.063079,43.6
1,1778095712.0024512,1,25587,-0.102105,0.164,0.063388,43.6
1,1778095712.0363154,1,25637,-0.104365,0.167435,0.06408,43.6
1,1778095712.093937,1,25695,-0.106456,0.170669,0.064737,43.6
1,1778095712.1361728,1,25737,-0.107864,0.17284,0.065152,43.6
1,1778095712.1881394,1,25787,-0.10966,0.17553,0.065719,43.6
1,1778095712.2374182,1,25837,-0.11152,0.178173,0.066242,43.6
1,1778095712.2854373,1,25887,-0.113433,0.180779,0.066735,43.6
1,1778095712.388486,1,25987,-0.117349,0.185977,0.067859,43.6
1,1778095712.49148,1,26087,-0.121377,0.191227,0.068982,43.6
1,1778095712.5485177,1,26147,-0.123755,0.194553,0.069651,43.6
1,1778095712.5879939,1,26187,-0.125313,0.196873,0.07007,43.6
1,1778095712.6378696,1,26237,-0.127248,0.19983,0.07065,43.6
1,1778095712.7367353,1,26337,-0.131195,0.205701,0.071779,43.6
1,1778095712.786267,1,26387,-0.132838,0.20801,0.072173,43.6
1,1778095712.8366463,1,26437,-0.135329,0.211475,0.072797,43.6
1,1778095712.9195986,1,26487,-0.136574,0.213233,0.073088,43.6
1,1778095712.9369216,1,26537,-0.139471,0.217425,0.073732,43.6
1,1778095713.035786,1,26637,-0.14364,0.223549,0.074855,43.6
1,1778095713.0860124,1,26687,-0.14556,0.2263,0.07531,43.6
1,1778095713.1903076,1,26787,-0.150145,0.232726,0.076465,43.6
1,1778095713.2375956,1,26837,-0.151904,0.235202,0.07686,43.6
1,1778095713.29368,1,26887,-0.154324,0.238653,0.077394,43.6
1,1778095713.336364,1,26937,-0.155871,0.240877,0.077794,43.6
1,1778095713.3886218,1,26987,-0.158994,0.24536,0.078518,43.6
1,1778095713.4426582,1,27042,-0.161481,0.248886,0.079139,43.6
1,1778095713.486984,1,27087,-0.163535,0.251776,0.079568,43.6
1,1778095713.5367198,1,27137,-0.165835,0.255006,0.080117,43.6
1,1778095713.585386,1,27187,-0.168148,0.258267,0.080585,43.6
1,1778095713.6380014,1,27237,-0.170238,0.261233,0.081124,43.6
1,1778095713.686241,1,27287,-0.172572,0.264558,0.081574,43.6
1,1778095713.7405167,1,27337,-0.174927,0.267898,0.082066,43.6
1,1778095713.787162,1,27387,-0.17659,0.27024,0.082361,43.6
1,1778095713.8427248,1,27437,-0.179953,0.274935,0.083015,43.6
1,1778095714.0446994,1,27637,-0.189443,0.288319,0.085071,43.6
1,1778095714.0864437,1,27687,-0.192178,0.292166,0.085671,43.6
1,1778095714.235397,1,27837,-0.199043,0.301702,0.0871,44.6
1,1778095714.3503046,1,27946,-0.20554,0.310716,0.088609,43.6
1,1778095714.3882837,1,27987,-0.207634,0.313639,0.089032,44.6
1,1778095714.6361456,1,28237,-0.22092,0.332258,0.091845,44.6
1,1778095714.6862903,1,28287,-0.223076,0.335306,0.092244,44.6
1,1778095714.7352827,1,28337,-0.226339,0.3399,0.092903,44.6
1,1778095714.811443,1,28396,-0.229635,0.344519,0.093593,44.6
1,1778095714.8365583,1,28437,-0.231849,0.347622,0.094093,44.6
1,1778095714.8870082,1,28487,-0.234633,0.351528,0.094701,44.6
1,1778095714.9355404,1,28537,-0.237429,0.355472,0.095273,44.6
1,1778095714.9873486,1,28587,-0.24024,0.359448,0.095807,44.6
1,1778095715.0352702,1,28637,-0.242785,0.363045,0.096257,44.6
1,1778095715.0854552,1,28687,-0.245918,0.367444,0.096822,44.6
1,1778095715.1353076,1,28737,-0.247927,0.370253,0.097152,44.6
1,1778095715.1860824,1,28787,-0.251682,0.375509,0.097903,44.6
1,1778095715.2422285,1,28844,-0.254882,0.38001,0.098506,44.6
1,1778095715.286704,1,28887,-0.257511,0.383711,0.098956,44.6
1,1778095715.3355508,1,28937,-0.260456,0.387825,0.099502,44.6
1,1778095715.3868585,1,28987,-0.263429,0.391944,0.099964,44.6
1,1778095715.4361076,1,29037,-0.266423,0.396086,0.100492,44.6
1,1778095715.48938,1,29087,-0.268833,0.399425,0.100941,44.6
1,1778095715.5877037,1,29187,-0.274305,0.407001,0.10184,44.6
1,1778095715.6358418,1,29237,-0.278602,0.412948,0.102525,44.6
1,1778095715.6932714,1,29294,-0.282001,0.417648,0.103137,44.6
1,1778095715.7354565,1,29337,-0.284792,0.421525,0.103586,44.6
1,1778095715.7886932,1,29387,-0.287907,0.425881,0.104152,44.6
1,1778095715.8354924,1,29437,-0.291038,0.430264,0.104677,44.6
1,1778095715.8927548,1,29487,-0.294196,0.434658,0.105227,44.6
1,1778095715.9355211,1,29537,-0.296737,0.438174,0.105634,44.6
1,1778095715.987785,1,29587,-0.300256,0.44302,0.106266,44.6
1,1778095716.0353518,1,29637,-0.302505,0.446121,0.106559,44.6
1,1778095716.0857813,1,29687,-0.30703,0.452371,0.107318,44.6
1,1778095716.1524158,1,29744,-0.310604,0.457316,0.107915,44.6
1,1778095716.1859004,1,29787,-0.313542,0.461386,0.108407,44.6
1,1778095716.2354636,1,29837,-0.316829,0.465923,0.108962,44.6
1,1778095716.386466,1,29987,-0.326166,0.478736,0.110602,44.6
1,1778095716.4383204,1,30037,-0.330225,0.484291,0.111254,44.6
1,1778095716.4866407,1,30087,-0.332605,0.487549,0.111626,44.6
1,1778095716.594005,1,30194,-0.341191,0.499272,0.113043,44.6
1,1778095716.636501,1,30237,-0.343956,0.50306,0.113396,44.6
1,1778095716.6878211,1,30287,-0.347425,0.507804,0.113944,44.6
1,1778095716.7918928,1,30387,-0.354439,0.517312,0.115048,44.6
1,1778095716.8352425,1,30437,-0.357268,0.521137,0.115448,44.6
1,1778095716.994259,1,30587,-0.368668,0.536593,0.117261,44.6
1,1778095717.0419977,1,30644,-0.372641,0.541947,0.117876,44.6
1,1778095717.085316,1,30687,-0.375907,0.546349,0.118362,44.6
1,1778095717.1353745,1,30737,-0.379552,0.551275,0.118936,44.6
1,1778095717.2403796,1,30837,-0.386896,0.561216,0.119988,44.6
1,1778095717.285253,1,30887,-0.38985,0.565217,0.120325,44.6
1,1778095717.3353436,1,30937,-0.394305,0.571238,0.120886,44.6
1,1778095717.385214,1,30987,-0.396548,0.574261,0.121199,44.6
1,1778095717.4939616,1,31094,-0.405974,0.586934,0.12263,44.6
1,1778095717.5354254,1,31137,-0.409391,0.591539,0.1231,44.6
1,1778095717.5857625,1,31187,-0.413206,0.596673,0.123599,44.6
1,1778095717.6352615,1,31237,-0.417047,0.601825,0.124079,44.6
1,1778095717.7352366,1,31337,-0.424007,0.611156,0.125136,44.6
1,1778095717.785411,1,31387,-0.428277,0.616912,0.125688,44.6
1,1778095717.8352506,1,31437,-0.431396,0.621123,0.126104,44.6
1,1778095717.885326,1,31487,-0.436487,0.627995,0.126737,44.6
1,1778095717.9444404,1,31545,-0.441216,0.634356,0.127299,45.6
1,1778095717.986321,1,31587,-0.444381,0.63861,0.127779,44.6
1,1778095718.036391,1,31637,-0.44835,0.643949,0.128344,44.6
1,1778095718.136473,1,31737,-0.456365,0.654686,0.129473,44.6
1,1778095718.2372556,1,31837,-0.464051,0.664957,0.130509,44.6
1,1778095718.2891335,1,31887,-0.467297,0.669311,0.130933,44.6
1,1778095718.336079,1,31937,-0.472585,0.676427,0.131654,44.6
1,1778095718.3933382,1,31995,-0.477484,0.683037,0.132328,45.6
1,1778095718.4351704,1,32037,-0.480355,0.686905,0.132708,44.6
1,1778095718.5360847,1,32137,-0.488615,0.697995,0.133792,44.6
1,1778095718.58512,1,32187,-0.493195,0.704129,0.134376,44.6
1,1778095718.6351476,1,32237,-0.49738,0.709733,0.134859,44.6
1,1778095718.6868637,1,32287,-0.50159,0.715374,0.135377,44.6
1,1778095718.7365386,1,32337,-0.504546,0.719339,0.135753,45.6
1,1778095718.7852492,1,32387,-0.510055,0.726732,0.136455,45.6
1,1778095718.8484094,1,32445,-0.515177,0.733583,0.13706,45.6
1,1778095718.9358041,1,32537,-0.522901,0.743928,0.138008,45.6
1,1778095718.9925802,1,32587,-0.526791,0.749131,0.138447,44.6
1,1778095719.1363664,1,32737,-0.540312,0.767193,0.140028,45.6
1,1778095719.1852632,1,32787,-0.543382,0.771314,0.140342,45.6
1,1778095719.2386737,1,32837,-0.54911,0.778992,0.141013,45.6
1,1778095719.2939055,1,32896,-0.554433,0.786105,0.141654,44.6
1,1778095719.3355894,1,32937,-0.558003,0.790858,0.142083,45.6
1,1778095719.3864665,1,32987,-0.562489,0.796816,0.142624,45.6
1,1778095719.4445891,1,33037,-0.566993,0.8028,0.143138,45.6
1,1778095719.4853573,1,33087,-0.571519,0.808807,0.143653,45.6
1,1778095719.535387,1,33137,-0.575611,0.814242,0.144098,45.6
1,1778095719.587824,1,33187,-0.58062,0.820924,0.14466,44.6
1,1778095719.6357148,1,33237,-0.583817,0.825196,0.145038,45.6
1,1778095719.6855333,1,33287,-0.589797,0.833139,0.145749,45.6
1,1778095719.745852,1,33346,-0.59491,0.839834,0.146366,45.6
1,1778095719.786283,1,33387,-0.599114,0.845315,0.146775,45.6
1,1778095719.8370862,1,33438,-0.603782,0.851456,0.147299,45.6
1,1778095719.8872793,1,33487,-0.608435,0.857673,0.147806,45.6
1,1778095719.938557,1,33537,-0.612626,0.86331,0.148329,45.6
1,1778095719.9872954,1,33587,-0.617305,0.869579,0.148793,45.6
1,1778095720.0402045,1,33637,-0.622492,0.876448,0.149361,45.6
1,1778095720.087682,1,33687,-0.625811,0.88082,0.149745,45.6
1,1778095720.2369142,1,33837,-0.641556,0.901684,0.151547,45.6
1,1778095720.3092208,1,33889,-0.646384,0.908032,0.152071,45.6
1,1778095720.3364549,1,33937,-0.651245,0.914373,0.152709,45.6
1,1778095720.3873155,1,33987,-0.656132,0.920729,0.153275,45.6
1,1778095720.4370856,1,34037,-0.66054,0.926473,0.153669,45.6
1,1778095720.4892645,1,34087,-0.665453,0.932888,0.154232,45.6
1,1778095720.537214,1,34137,-0.669392,0.938042,0.154645,45.6
1,1778095720.6859226,1,34287,-0.685289,0.958746,0.156452,45.6
1,1778095720.7864387,1,34387,-0.695783,0.972508,0.157583,45.6
1,1778095720.8358536,1,34437,-0.700815,0.979091,0.158179,45.6
1,1778095720.8863351,1,34487,-0.705872,0.985682,0.158725,45.6
1,1778095720.936785,1,34537,-0.710955,0.992273,0.159329,45.6
1,1778095720.9861336,1,34587,-0.71453,0.996894,0.159753,45.6
1,1778095721.037166,1,34637,-0.721185,1.00552,0.160527,45.6
1,1778095721.1007943,1,34700,-0.727859,1.014222,0.161235,45.6
1,1778095721.1362402,1,34737,-0.731468,1.018933,0.161622,45.6
1,1778095721.1904566,1,34789,-0.737157,1.026343,0.162225,45.6
1,1778095721.2359438,1,34837,-0.741309,1.031739,0.162684,45.6
1,1778095721.2858756,1,34887,-0.747032,1.039185,0.163398,45.6
1,1778095721.336382,1,34937,-0.752256,1.045981,0.163945,45.6
1,1778095721.3862913,1,34987,-0.757495,1.052799,0.164463,45.6
1,1778095721.4354796,1,35037,-0.761172,1.057595,0.164869,45.6
1,1778095721.487566,1,35087,-0.768039,1.066534,0.165566,45.6
1,1778095721.5513976,1,35151,-0.774962,1.075485,0.166332,45.6
1,1778095721.5868104,1,35187,-0.778706,1.080316,0.16669,45.6
1,1778095721.639278,1,35242,-0.784061,1.087236,0.167263,45.6
1,1778095721.6887848,1,35287,-0.789416,1.094188,0.167834,45.6
1,1778095721.7872398,1,35387,-0.799636,1.107497,0.169006,45.6
1,1778095721.8350205,1,35437,-0.805589,1.115237,0.169682,45.6
1,1778095721.8876028,1,35487,-0.809389,1.120168,0.170053,45.6
1,1778095721.9380543,1,35537,-0.816482,1.129347,0.170788,45.6
1,1778095722.00696,1,35601,-0.823605,1.138571,0.171566,45.6
1,1778095722.0363626,1,35637,-0.827454,1.143543,0.172024,45.6
1,1778095722.0896423,1,35690,-0.83298,1.150629,0.172621,45.6
1,1778095722.1358073,1,35737,-0.838545,1.157706,0.173125,45.6
1,1778095722.1876662,1,35787,-0.844128,1.164814,0.173773,45.6
1,1778095722.2359488,1,35837,-0.849711,1.17197,0.174306,45.6
1,1778095722.2899644,1,35887,-0.855312,1.179161,0.174889,45.6
1,1778095722.3350623,1,35937,-0.859809,1.184927,0.175274,45.6
1,1778095722.3867087,1,35987,-0.866579,1.193583,0.175958,45.6
1,1778095722.4491186,1,36050,-0.873972,1.202937,0.176658,45.6
1,1778095722.537454,1,36140,-0.884248,1.215986,0.177831,45.6
1,1778095722.686647,1,36287,-0.900833,1.237356,0.179552,45.6
1,1778095722.7365518,1,36337,-0.906603,1.244728,0.180106,45.6
1,1778095722.7854831,1,36387,-0.911223,1.250654,0.180578,45.6
1,1778095722.835454,1,36437,-0.91817,1.2596,0.181244,45.6
1,1778095722.9036913,1,36502,-0.925737,1.269313,0.182025,45.6
1,1778095722.9352143,1,36537,-0.929249,1.273793,0.182332,45.6
1,1778095723.0070517,1,36591,-0.936302,1.282766,0.182991,45.6
1,1778095723.0355427,1,36637,-0.941608,1.289527,0.18356,45.6
1,1778095723.1354613,1,36737,-0.95285,1.303899,0.1847,45.6
1,1778095723.1905758,1,36787,-0.959396,1.312252,0.185393,45.6
1,1778095723.2361124,1,36837,-0.964777,1.319097,0.185884,45.6
1,1778095723.285981,1,36887,-0.971354,1.327499,0.186512,45.6
1,1778095723.3485355,1,36951,-0.979171,1.337507,0.187247,45.6
1,1778095723.3948967,1,36987,-0.983405,1.342916,0.187628,45.6
1,1778095723.4379272,1,37040,-0.990076,1.351413,0.18824,45.6
1,1778095723.5350873,1,37137,-1.001678,1.366104,0.189381,45.6
1,1778095723.6350787,1,37237,-1.013934,1.381605,0.190521,45.6
1,1778095723.6855426,1,37287,-1.019467,1.388591,0.191015,45.6
1,1778095723.8027918,1,37402,-1.034251,1.407372,0.192469,45.6
1,1778095723.8370974,1,37437,-1.038582,1.412886,0.192884,45.6
1,1778095723.8904314,1,37491,-1.04541,1.421553,0.193518,45.6
1,1778095723.9355054,1,37537,-1.051023,1.428631,0.194014,45.6
1,1778095723.9863622,1,37587,-1.056652,1.435702,0.194555,45.6
1,1778095724.0350947,1,37637,-1.062916,1.443583,0.195083,45.6
1,1778095724.087488,1,37687,-1.069813,1.452284,0.195755,45.6
1,1778095724.1354637,1,37737,-1.074213,1.457829,0.196158,45.6
1,1778095724.1848776,1,37787,-1.082412,1.468139,0.196912,45.6
1,1778095724.285493,1,37887,-1.095072,1.484076,0.198052,45.6
1,1778095724.338456,1,37941,-1.101417,1.492083,0.198641,46.6
1,1778095724.3870296,1,37987,-1.107772,1.500111,0.199218,45.6
1,1778095724.4379241,1,38037,-1.113499,1.507357,0.199721,45.6
1,1778095724.485228,1,38087,-1.119887,1.515425,0.200331,45.6
1,1778095724.5379262,1,38137,-1.126934,1.524299,0.200954,45.6
1,1778095724.5900598,1,38187,-1.132069,1.530755,0.201408,45.6
1,1778095724.6355865,1,38237,-1.13914,1.539666,0.202068,45.6
1,1778095724.699333,1,38299,-1.147512,1.550254,0.20284,46.6
1,1778095724.8367558,1,38437,-1.16565,1.573123,0.204491,45.6
1,1778095724.8864489,1,38487,-1.172158,1.581307,0.205047,45.6
1,1778095724.9851096,1,38587,-1.185211,1.597787,0.206291,45.6
1,1778095725.085806,1,38687,-1.198327,1.61436,0.20748,45.6
1,1778095725.1502151,1,38749,-1.206233,1.624338,0.208162,46.6
1,1778095725.1849828,1,38787,-1.21086,1.630168,0.208549,45.6
1,1778095725.240312,1,38839,-1.218151,1.63935,0.209181,45.6
1,1778095725.3381898,1,38937,-1.231445,1.6561,0.210475,45.6
1,1778095725.385013,1,38987,-1.237448,1.663656,0.210982,46.6
1,1778095725.437436,1,39037,-1.244817,1.672899,0.211702,45.6
1,1778095725.488956,1,39087,-1.250188,1.679629,0.212095,45.6
1,1778095725.537318,1,39137,-1.258267,1.689739,0.212783,45.6
1,1778095725.5978978,1,39199,-1.266385,1.699873,0.213422,45.6
1,1778095725.6863856,1,39289,-1.278602,1.715133,0.214425,46.6
1,1778095725.7376606,1,39337,-1.285411,1.723627,0.215014,45.6
1,1778095725.7849896,1,39387,-1.292234,1.732128,0.215589,45.6
1,1778095725.8369226,1,39437,-1.298384,1.739787,0.216077,45.6
1,1778095725.8865247,1,39487,-1.305916,1.749165,0.216754,45.6
1,1778095725.936482,1,39537,-1.310721,1.755148,0.217158,45.6
1,1778095726.0543237,1,39653,-1.328639,1.777478,0.218678,46.6
1,1778095726.0864182,1,39687,-1.333482,1.783515,0.219048,46.6
1,1778095726.1437967,1,39742,-1.341109,1.793024,0.219606,46.6
1,1778095726.2376492,1,39837,-1.353617,1.80864,0.220577,46.6
1,1778095726.3857408,1,39987,-1.373852,1.833983,0.22212,46.6
1,1778095726.4383335,1,40037,-1.382315,1.844395,0.222758,46.6
1,1778095726.4986956,1,40099,-1.390819,1.854774,0.223446,46.6
1,1778095726.5365512,1,40137,-1.396487,1.861737,0.223771,46.6
1,1778095726.5886397,1,40189,-1.402864,1.869641,0.22423,46.6
1,1778095726.6385589,1,40237,-1.410652,1.879371,0.224851,46.6
1,1778095726.6853418,1,40287,-1.417046,1.887343,0.225344,46.6
1,1778095726.735268,1,40337,-1.424896,1.89706,0.225919,46.6
1,1778095726.785312,1,40387,-1.432062,1.905862,0.226504,46.6
1,1778095726.8350925,1,40437,-1.437814,1.912899,0.226933,46.6
1,1778095726.9517515,1,40553,-1.455846,1.935034,0.228355,46.6
1,1778095726.9883437,1,40587,-1.460176,1.940386,0.228657,46.6
1,1778095727.0434372,1,40642,-1.46885,1.951127,0.229238,46.6
1,1778095727.0850704,1,40687,-1.475376,1.95919,0.229705,46.6
1,1778095727.1352413,1,40737,-1.48264,1.968169,0.230316,46.6
1,1778095727.1854274,1,40787,-1.489912,1.977179,0.230871,46.6
1,1778095727.2352626,1,40837,-1.497186,1.986232,0.231473,46.6
1,1778095727.2860727,1,40887,-1.503021,1.993502,0.231967,46.6
1,1778095727.3354197,1,40937,-1.511068,2.00351,0.232642,46.6
1,1778095727.3994396,1,41000,-1.521345,2.016233,0.233323,46.6
1,1778095727.4383724,1,41037,-1.525767,2.021672,0.233617,45.6
1,1778095727.4912224,1,41092,-1.534651,2.032533,0.234265,46.6
1,1778095727.5347376,1,41137,-1.54133,2.040695,0.234771,46.6
1,1778095727.5853584,1,41187,-1.548749,2.049815,0.235383,46.6
1,1778095727.6852558,1,41287,-1.563583,2.068207,0.236467,46.6
1,1778095727.735679,1,41337,-1.569532,2.075583,0.236931,45.6
1,1778095727.7856386,1,41387,-1.578497,2.086637,0.237649,46.6
1,1778095727.8483803,1,41450,-1.588275,2.098582,0.238351,46.6
1,1778095727.8857973,1,41487,-1.593566,2.105007,0.238694,46.6
1,1778095727.9403234,1,41541,-1.601897,2.115137,0.239326,46.6
1,1778095727.9894123,1,41587,-1.608714,2.123486,0.239792,46.6
1,1778095728.0349631,1,41637,-1.616294,2.132816,0.240395,46.6
1,1778095728.0867887,1,41687,-1.623134,2.141227,0.240874,46.6
1,1778095728.2353654,1,41837,-1.646928,2.170007,0.242612,46.6
1,1778095728.299137,1,41900,-1.656974,2.182078,0.243344,46.6
1,1778095728.3349361,1,41937,-1.662389,2.188617,0.243636,46.6
1,1778095728.3935442,1,41993,-1.670903,2.198948,0.24421,46.6
1,1778095728.4359124,1,42037,-1.677872,2.207437,0.244705,46.6
1,1778095728.4888902,1,42087,-1.685628,2.216873,0.245264,46.6
1,1778095728.5368612,1,42137,-1.693408,2.226292,0.245798,46.6
1,1778095728.686044,1,42287,-1.716851,2.254648,0.247437,46.6
1,1778095728.7519653,1,42353,-1.726254,2.266088,0.248086,46.6
1,1778095728.7867749,1,42387,-1.732526,2.273734,0.248435,46.6
1,1778095728.8654215,1,42440,-1.741167,2.284259,0.249069,46.6
1,1778095728.890692,1,42487,-1.748264,2.292862,0.24973,46.6
1,1778095728.9926994,1,42587,-1.764107,2.311977,0.250827,46.6
1,1778095729.0392227,1,42637,-1.772054,2.32159,0.251375,46.6
1,1778095729.087591,1,42687,-1.778411,2.329329,0.251777,46.6
1,1778095729.1356287,1,42737,-1.787162,2.340027,0.25241,46.6
1,1778095729.2348676,1,42837,-1.803135,2.359538,0.253691,46.6
1,1778095729.2910218,1,42891,-1.812797,2.371158,0.254347,46.6
1,1778095729.3354342,1,42937,-1.820082,2.37982,0.254825,46.6
1,1778095729.3858323,1,42987,-1.8282,2.389453,0.255399,46.6
1,1778095729.435663,1,43037,-1.836311,2.39915,0.255977,46.6
1,1778095729.4852328,1,43087,-1.844396,2.40895,0.256534,46.6
1,1778095729.5370936,1,43137,-1.850857,2.416858,0.256924,46.6
1,1778095729.587226,1,43187,-1.859774,2.427763,0.257506,46.6
1,1778095729.6848497,1,43287,-1.876952,2.44844,0.258656,46.6
1,1778095729.739358,1,43341,-1.886005,2.459253,0.259236,46.6
1,1778095729.7853925,1,43387,-1.893415,2.468132,0.25975,46.6
1,1778095729.835563,1,43437,-1.901648,2.478037,0.260282,46.6
1,1778095729.8859298,1,43487,-1.909065,2.486979,0.260691,46.6
1,1778095729.9366486,1,43537,-1.918159,2.497924,0.261314,46.6
1,1778095729.9853005,1,43587,-1.924796,2.505874,0.261742,46.6
1,1778095730.0363197,1,43637,-1.934784,2.517788,0.262464,46.6
1,1778095730.1006358,1,43701,-1.945624,2.530724,0.263141,46.6
1,1778095730.1420841,1,43737,-1.951466,2.537711,0.263388,46.6
1,1778095730.1963668,1,43791,-1.960657,2.548717,0.263907,46.6
1,1778095730.235247,1,43837,-1.96819,2.557745,0.2644,46.6
1,1778095730.2854946,1,43887,-1.976569,2.567797,0.264975,46.6
1,1778095730.3399458,1,43937,-1.984126,2.576856,0.265479,46.6
1,1778095730.3852346,1,43987,-1.993388,2.587937,0.266069,46.6
1,1778095730.436844,1,44037,-2.000139,2.596008,0.266505,46.6
1,1778095730.485358,1,44087,-2.010274,2.608143,0.267216,46.6
1,1778095730.549282,1,44151,-2.020432,2.620315,0.267881,46.6
1,1778095730.588819,1,44187,-2.02722,2.628444,0.268256,46.6
1,1778095730.6426327,1,44244,-2.036578,2.639632,0.268896,46.6
1,1778095730.687313,1,44287,-2.044251,2.648795,0.269413,46.6
1,1778095730.7385044,1,44337,-2.052788,2.658984,0.270049,46.6
1,1778095730.7873876,1,44387,-2.061342,2.669196,0.270617,46.6
1,1778095730.8388522,1,44437,-2.069904,2.679446,0.271157,46.6
1,1778095730.8851805,1,44487,-2.076756,2.68767,0.271613,46.6
1,1778095730.9372413,1,44537,-2.087049,2.700014,0.27229,46.6
1,1778095731.006329,1,44604,-2.097371,2.712366,0.273016,46.6
1,1778095731.0391986,1,44637,-2.104264,2.720608,0.273487,46.6
1,1778095731.1000648,1,44695,-2.113756,2.73196,0.274139,46.6
1,1778095731.1448314,1,44737,-2.121538,2.741276,0.274581,46.6
1,1778095731.1881847,1,44787,-2.129334,2.750614,0.275033,46.6
1,1778095731.2394195,1,44837,-2.138872,2.762046,0.275604,46.6
1,1778095731.285287,1,44887,-2.146681,2.771404,0.276112,46.6
1,1778095731.336758,1,44937,-2.154509,2.780761,0.276556,46.6
1,1778095731.3862631,1,44987,-2.164098,2.792192,0.27718,46.6
1,1778095731.4580896,1,45037,-2.17721,2.807822,0.277949,46.6
1,1778095731.4845796,1,45087,-2.182457,2.814096,0.278323,46.6
1,1778095731.5431218,1,45145,-2.192958,2.826692,0.278951,46.6
1,1778095731.5846844,1,45187,-2.199974,2.835123,0.279356,46.6
1,1778095731.6357985,1,45237,-2.208767,2.845678,0.279916,46.6
1,1778095731.6859875,1,45287,-2.217592,2.856206,0.280501,46.6
1,1778095731.7360013,1,45337,-2.226446,2.866697,0.28102,46.6
1,1778095731.7863622,1,45387,-2.233544,2.875087,0.281402,46.6
1,1778095731.8360937,1,45437,-2.243321,2.886659,0.282054,46.6
1,1778095731.9032276,1,45487,-2.249547,2.894055,0.282431,46.6
1,1778095731.9378083,1,45537,-2.262002,2.908932,0.28317,46.6
1,1778095731.9914162,1,45593,-2.271802,2.920664,0.283786,46.6
1,1778095732.0463822,1,45637,-2.278947,2.929199,0.284217,46.6
1,1778095732.1414738,1,45737,-2.296886,2.950503,0.285262,46.6
1,1778095732.18529,1,45787,-2.306799,2.962226,0.285856,46.6
1,1778095732.2359364,1,45837,-2.314024,2.970776,0.286322,46.6
1,1778095732.2861185,1,45887,-2.324871,2.983631,0.286976,46.6
1,1778095732.352491,1,45937,-2.331209,2.99114,0.287315,46.6
1,1778095732.385032,1,45987,-2.343,3.00509,0.287983,46.6
1,1778095732.447027,1,46042,-2.353007,3.016891,0.288516,46.6
1,1778095732.5354114,1,46137,-2.370363,3.037291,0.289624,46.6
1,1778095732.585234,1,46187,-2.379524,3.048059,0.290149,46.6
1,1778095732.635099,1,46237,-2.388696,3.058851,0.290769,46.6
1,1778095732.684382,1,46287,-2.396049,3.067496,0.291176,46.6
1,1778095732.7370355,1,46337,-2.4071,3.080467,0.291825,46.6
1,1778095732.7992947,1,46387,-2.412641,3.08695,0.292146,46.6
1,1778095732.836976,1,46437,-2.425598,3.102085,0.292953,46.6
1,1778095732.8900232,1,46492,-2.435794,3.114002,0.293554,46.6
1,1778095732.9375577,1,46537,-2.444151,3.123781,0.294051,46.6
1,1778095732.9852715,1,46587,-2.453451,3.134675,0.294625,46.6
1,1778095733.135416,1,46737,-2.479626,3.165272,0.29612,46.6
1,1778095733.1868134,1,46787,-2.490891,3.178376,0.296747,46.6
1,1778095733.286325,1,46887,-2.509696,3.200305,0.297853,46.6
1,1778095733.3412392,1,46943,-2.520048,3.212428,0.298457,46.6
1,1778095733.3853867,1,46987,-2.528544,3.222334,0.298946,46.6
1,1778095733.4349053,1,47037,-2.537071,3.232205,0.299459,46.6
1,1778095733.4864235,1,47087,-2.547532,3.244256,0.299971,46.6
1,1778095733.536274,1,47137,-2.556095,3.254162,0.300433,46.6
1,1778095733.5859804,1,47187,-2.564651,3.26413,0.300907,46.6
1,1778095733.6346755,1,47237,-2.575114,3.276362,0.301449,46.6
1,1778095733.6863005,1,47287,-2.58179,3.284152,0.301771,46.6
1,1778095733.7344832,1,47337,-2.595189,3.299695,0.302606,46.6
1,1778095733.7953167,1,47393,-2.605752,3.311899,0.303228,46.6
1,1778095733.8866928,1,47487,-2.624054,3.33305,0.304317,46.6
1,1778095733.9353344,1,47537,-2.633717,3.344201,0.30479,46.6
1,1778095733.985894,1,47587,-2.643398,3.35536,0.305321,46.6
1,1778095734.0381184,1,47637,-2.651156,3.364306,0.305747,46.6
1,1778095734.0868406,1,47687,-2.661844,3.376632,0.306338,46.6
1,1778095734.135361,1,47737,-2.668665,3.384481,0.30667,46.6
1,1778095734.1888788,1,47787,-2.68235,3.400171,0.307456,46.6
1,1778095734.2416706,1,47844,-2.693143,3.412499,0.308071,46.6
1,1778095734.286552,1,47887,-2.701,3.421486,0.308498,46.6
1,1778095734.3364177,1,47937,-2.711816,3.433889,0.309084,46.6
1,1778095734.3884308,1,47987,-2.720674,3.444064,0.309568,46.6
1,1778095734.434888,1,48037,-2.731518,3.456519,0.310167,46.6
1,1778095734.486482,1,48087,-2.739423,3.465588,0.310591,46.6
1,1778095734.5390954,1,48137,-2.751301,3.479197,0.311238,46.6
1,1778095734.5907657,1,48187,-2.758247,3.487131,0.311613,46.6
1,1778095734.6346555,1,48237,-2.771181,3.501858,0.312316,46.6
1,1778095734.690983,1,48293,-2.782146,3.514348,0.312956,46.6
1,1778095734.7361896,1,48337,-2.791127,3.524598,0.313422,46.6
1,1778095734.7857263,1,48387,-2.80112,3.536011,0.313967,46.6
1,1778095734.8859043,1,48487,-2.82118,3.558874,0.315121,46.6
1,1778095734.985436,1,48587,-2.841298,3.581865,0.316249,46.6
1,1778095735.0363805,1,48637,-2.847343,3.588799,0.316555,46.6
1,1778095735.1419032,1,48743,-2.871609,3.616528,0.317973,46.6
1,1778095735.1853049,1,48787,-2.881751,3.628078,0.318495,46.6
1,1778095735.234984,1,48837,-2.891912,3.639648,0.319064,46.6
1,1778095735.2878058,1,48887,-2.902099,3.651253,0.31963,46.6
1,1778095735.3399322,1,48937,-2.912297,3.662886,0.320163,46.6
1,1778095735.4424303,1,49037,-2.932727,3.686194,0.321202,46.6
1,1778095735.493599,1,49087,-2.938874,3.693187,0.321563,46.6
1,1778095735.5351691,1,49137,-2.953258,3.709515,0.322269,46.6
1,1778095735.5930054,1,49194,-2.964589,3.722337,0.322855,46.6
1,1778095735.6359236,1,49237,-2.973883,3.732825,0.323346,46.6
1,1778095735.6863327,1,49287,-2.984222,3.744503,0.32386,46.6
1,1778095735.7353399,1,49337,-2.994571,3.756225,0.324369,46.6
1,1778095735.7848315,1,49387,-3.003893,3.766799,0.324875,46.6
1,1778095735.8358374,1,49437,-3.013227,3.777375,0.32535,46.6
1,1778095735.8851595,1,49487,-3.025718,3.791447,0.325976,46.6
1,1778095735.9346402,1,49537,-3.031981,3.798472,0.326293,46.6
1,1778095735.9843905,1,49587,-3.046624,3.814895,0.327044,46.6
1,1778095736.0453863,1,49644,-3.058154,3.827873,0.327621,46.6
1,1778095736.0851824,1,49687,-3.0676,3.838526,0.328121,46.6
1,1778095736.1352177,1,49737,-3.078132,3.850358,0.328675,46.6
1,1778095736.185316,1,49787,-3.088698,3.86217,0.329165,46.6
1,1778095736.23584,1,49837,-3.099288,3.873978,0.329716,46.6
1,1778095736.2849603,1,49887,-3.107777,3.88344,0.330164,46.6
1,1778095736.3352413,1,49937,-3.119458,3.896493,0.330839,46.6
1,1778095736.3869689,1,49987,-3.127961,3.906026,0.33126,46.6
1,1778095736.4355633,1,50037,-3.141796,3.92159,0.332058,46.6
1,1778095736.4943852,1,50094,-3.153522,3.934794,0.332603,46.6
1,1778095736.5352507,1,50137,-3.162068,3.944405,0.333041,46.6
1,1778095736.585652,1,50187,-3.173845,3.957604,0.333631,46.6
1,1778095736.6367354,1,50237,-3.184572,3.969582,0.334154,46.6
1,1778095736.6852365,1,50287,-3.195316,3.981562,0.3347,46.6
1,1778095736.7363353,1,50337,-3.203921,3.991161,0.335086,46.6
1,1778095736.78567,1,50387,-3.216857,4.005599,0.335652,46.6
1,1778095736.8353977,1,50437,-3.224408,4.014044,0.335995,46.6
1,1778095736.885078,1,50487,-3.238455,4.029761,0.336698,46.6
1,1778095736.9439943,1,50545,-3.25145,4.044302,0.337336,46.6
1,1778095736.9864218,1,50587,-3.260128,4.053995,0.337718,46.6
1,1778095737.0372787,1,50637,-3.270989,4.066094,0.338264,46.6
1,1778095737.0843375,1,50687,-3.280779,4.076957,0.338704,46.6
1,1778095737.1368608,1,50737,-3.292764,4.090214,0.339292,46.6
1,1778095737.1853957,1,50787,-3.301494,4.09988,0.339699,46.6
1,1778095737.238324,1,50837,-3.314614,4.114483,0.340386,46.6
1,1778095737.2879934,1,50887,-3.322258,4.123061,0.340749,46.6
1,1778095737.3356075,1,50937,-3.336488,4.139009,0.341547,46.6
1,1778095737.4083114,1,50996,-3.349682,4.153664,0.342182,46.6
1,1778095737.4388218,1,51037,-3.358504,4.163413,0.342687,46.6
1,1778095737.6864069,1,51287,-3.413836,4.225079,0.345402,46.6
1,1778095737.785908,1,51387,-3.436132,4.249712,0.346485,46.6
1,1778095737.864026,1,51445,-3.44956,4.26441,0.347191,46.6
1,1778095737.886222,1,51487,-3.458488,4.274292,0.347707,46.6
1,1778095737.9358547,1,51537,-3.46964,4.286786,0.348266,46.6
1,1778095737.9843931,1,51587,-3.480767,4.299353,0.348835,46.6
1,1778095738.0407703,1,51637,-3.490805,4.310621,0.349325,46.6
1,1778095738.0853655,1,51687,-3.502013,4.323007,0.349882,46.6
1,1778095738.1377215,1,51737,-3.514397,4.336511,0.350439,46.6
1,1778095738.1862454,1,51787,-3.522297,4.345101,0.350844,46.6
1,1778095738.2348654,1,51837,-3.536977,4.361168,0.351481,46.6
1,1778095738.437867,1,52037,-3.582172,4.41171,0.353972,46.6
1,1778095738.4861298,1,52087,-3.593576,4.424303,0.354535,46.6
1,1778095738.5852108,1,52187,-3.616498,4.449372,0.355604,46.6
1,1778095738.635785,1,52237,-3.624537,4.458211,0.355948,46.6
1,1778095738.6856797,1,52287,-3.639479,4.474704,0.35674,46.6
1,1778095738.7449746,1,52345,-3.653339,4.489888,0.357454,46.6
1,1778095738.785304,1,52387,-3.661453,4.498713,0.357863,46.6
1,1778095738.8353164,1,52437,-3.67422,4.512596,0.358514,46.6
1,1778095738.9843235,1,52587,-3.70907,4.55091,0.360237,46.6
1,1778095739.192995,1,52795,-3.758256,4.604719,0.363004,46.6
1,1778095739.2393837,1,52837,-3.767685,4.615005,0.363406,46.6
1,1778095739.2885373,1,52887,-3.779477,4.627902,0.364015,46.6
1,1778095739.3352978,1,52937,-3.791284,4.640824,0.364595,46.6
1,1778095739.437784,1,53037,-3.814986,4.666681,0.365851,46.6
1,1778095739.537116,1,53137,-3.835202,4.688797,0.36697,46.6
1,1778095739.8366103,1,53437,-3.909723,4.76971,0.37096,47.6
1,1778095739.9359367,1,53537,-3.935238,4.797216,0.372133,47.6
1,1778095740.0970852,1,53699,-3.974334,4.839236,0.374209,47.6
1,1778095740.1372216,1,53737,-3.984155,4.84974,0.3746,47.6
1,1778095740.1852882,1,53787,-3.996445,4.862916,0.375127,46.6
1,1778095740.2850711,1,53887,-4.019872,4.888116,0.376254,47.6
1,1778095740.3352282,1,53937,-4.032228,4.901392,0.376851,46.6
1,1778095740.3865836,1,53987,-4.04586,4.915971,0.377412,46.6
1,1778095740.4870844,1,54087,-4.069505,4.94119,0.378371,46.6
1,1778095740.545052,1,54147,-4.085725,4.958556,0.379186,46.6
1,1778095740.5851452,1,54187,-4.094469,4.967936,0.379564,46.6
1,1778095740.6351423,1,54237,-4.108242,4.982676,0.380274,46.6
1,1778095740.6863055,1,54287,-4.120803,4.996034,0.380968,46.6
1,1778095740.7382326,1,54337,-4.1334,5.009364,0.381568,46.6
1,1778095740.8847709,1,54487,-4.167523,5.045594,0.383424,46.6
1,1778095740.9348633,1,54537,-4.182739,5.061867,0.384286,46.6
1,1778095740.9949203,1,54597,-4.199276,5.079496,0.385042,47.6
1,1778095741.0353339,1,54637,-4.208203,5.088956,0.385452,47.6
1,1778095741.0859041,1,54687,-4.222284,5.103796,0.385994,46.6
1,1778095741.1859245,1,54787,-4.24797,5.1308,0.387276,47.6
1,1778095741.2855155,1,54887,-4.273697,5.158131,0.388565,46.6
1,1778095741.339479,1,54937,-4.284008,5.169114,0.389079,47.6
1,1778095741.389932,1,54987,-4.299527,5.185553,0.389716,46.6
1,1778095741.4929168,1,55087,-4.325488,5.212818,0.391006,48.6
1,1778095741.7354465,1,55337,-4.390755,5.281697,0.394264,47.6
1,1778095741.7953634,1,55387,-4.399925,5.291414,0.394604,47.6
1,1778095741.835063,1,55437,-4.417006,5.309414,0.395401,47.6
1,1778095741.8993912,1,55497,-4.432827,5.326025,0.396169,47.6
1,1778095741.9370708,1,55537,-4.443397,5.337145,0.396619,47.6
1,1778095742.0363455,1,55637,-4.469896,5.365009,0.397775,47.6
1,1778095742.0873826,1,55687,-4.483202,5.378927,0.398395,47.6
1,1778095742.135276,1,55737,-4.495207,5.391455,0.398903,47.6
1,1778095742.2843306,1,55887,-4.536725,5.434791,0.400856,47.6
1,1778095742.3471982,1,55950,-4.552872,5.451621,0.40154,47.6
1,1778095742.385065,1,55987,-4.563664,5.46284,0.401832,46.6
1,1778095742.4381082,1,56041,-4.578536,5.47826,0.402463,47.6
1,1778095742.4842997,1,56087,-4.590726,5.490893,0.402975,47.6
1,1778095742.5351799,1,56137,-4.602934,5.503561,0.403616,46.6
1,1778095742.6843743,1,56287,-4.640995,5.543148,0.405293,47.6
1,1778095742.734206,1,56337,-4.657385,5.560121,0.405984,47.6
1,1778095742.885104,1,56488,-4.699914,5.604104,0.407905,47.6
1,1778095742.9854045,1,56587,-4.727465,5.632637,0.40897,47.6
1,1778095743.0353732,1,56637,-4.739892,5.645491,0.409469,47.6
1,1778095743.0852294,1,56687,-4.755101,5.661196,0.410051,47.6
1,1778095743.2441308,1,56847,-4.799537,5.70693,0.412005,47.6
1,1778095743.2848697,1,56887,-4.809288,5.716971,0.41236,47.6
1,1778095743.3370228,1,56937,-4.824628,5.732791,0.412906,47.6
1,1778095743.434387,1,57037,-4.852589,5.761662,0.414068,47.6
1,1778095743.6372406,1,57237,-4.908851,5.819495,0.41639,47.6
1,1778095743.9860325,1,57587,-5.008065,5.921498,0.420505,47.6
1,1778095744.145402,1,57748,-5.053791,5.968315,0.422583,47.6
1,1778095744.1851292,1,57787,-5.065269,5.980035,0.423127,47.6
1,1778095744.2863145,1,57887,-5.094016,6.00945,0.424439,47.6
1,1778095744.3378236,1,57937,-5.108438,6.024201,0.424954,47.6
1,1778095744.6159518,1,58199,-5.183821,6.101072,0.428128,47.6
1,1778095744.741093,1,58337,-5.224694,6.142595,0.429871,47.6
1,1778095744.7868624,1,58387,-5.237867,6.155994,0.430402,47.6
1,1778095744.8365371,1,58437,-5.252531,6.170898,0.430912,47.6
1,1778095744.9344904,1,58537,-5.278992,6.197724,0.431852,47.6
1,1778095745.0845788,1,58687,-5.326227,6.245551,0.433948,47.6
1,1778095745.184484,1,58787,-5.357345,6.277088,0.435064,47.6
1,1778095745.2364151,1,58837,-5.3722,6.29212,0.435587,47.6
1,1778095745.2843688,1,58887,-5.387079,6.307158,0.436098,47.6
1,1778095745.3846788,1,58987,-5.413921,6.334279,0.437185,47.6
1,1778095745.5344212,1,59137,-5.460285,6.381054,0.439155,47.6
1,1778095745.6342285,1,59237,-5.491827,6.412887,0.440234,47.6
1,1778095745.6857333,1,59287,-5.506875,6.428092,0.440911,47.6
1,1778095745.7342827,1,59337,-5.520433,6.441792,0.441444,47.6
1,1778095745.8349915,1,59437,-5.549129,6.470694,0.442503,47.6
1,1778095745.8864906,1,59487,-5.567314,6.488937,0.443163,47.6
1,1778095745.9877167,1,59587,-5.597674,6.519495,0.444299,47.6
1,1778095746.0430496,1,59642,-5.614393,6.53639,0.444907,47.6
1,1778095746.084363,1,59687,-5.628092,6.550232,0.445387,47.6
1,1778095746.135321,1,59737,-5.643339,6.565602,0.445951,47.6
1,1778095746.185149,1,59787,-5.657081,6.579408,0.446418,47.6
1,1778095746.234847,1,59837,-5.673903,6.596258,0.447077,47.6
1,1778095746.2843878,1,59887,-5.686162,6.608517,0.447506,47.6
1,1778095746.3345087,1,59937,-5.704577,6.626953,0.448264,47.6
1,1778095746.4039788,1,60003,-5.723027,6.645426,0.44901,47.6
1,1778095746.4354126,1,60037,-5.735341,6.657732,0.449634,47.6
1,1778095746.4940574,1,60094,-5.752309,6.674631,0.450386,47.6
1,1778095746.534875,1,60137,-5.766229,6.688471,0.450963,47.6
1,1778095746.5972133,1,60187,-5.780167,6.702382,0.451567,47.6
1,1778095746.6343884,1,60237,-5.797216,6.719494,0.452314,47.6
1,1778095746.6883125,1,60287,-5.812744,6.735085,0.453015,47.6
1,1778095746.7342172,1,60337,-5.825195,6.747532,0.453528,47.6
1,1778095746.7873726,1,60387,-5.84392,6.766126,0.454297,47.6
1,1778095746.8503394,1,60452,-5.862694,6.784707,0.455024,47.6
1,1778095746.8869839,1,60487,-5.875226,6.797146,0.455396,47.6
1,1778095746.94549,1,60544,-5.892462,6.814357,0.456143,47.6
1,1778095746.9888067,1,60587,-5.906581,6.828517,0.45671,47.6
1,1778095747.0844018,1,60687,-5.938059,6.85995,0.458087,47.6
1,1778095747.14313,1,60737,-5.953854,6.875562,0.458683,47.6
1,1778095747.2362378,1,60837,-5.983948,6.9052,0.459845,47.6
1,1778095747.3049116,1,60903,-6.006166,6.927206,0.460665,47.6
1,1778095747.33431,1,60937,-6.017292,6.938261,0.461049,47.6
1,1778095747.3987734,1,60994,-6.034804,6.95565,0.461745,47.6
1,1778095747.435047,1,61037,-6.04916,6.969864,0.462266,47.6
1,1778095747.485509,1,61087,-6.065142,6.985616,0.462842,47.6
1,1778095747.535174,1,61137,-6.081156,7.001339,0.463432,47.6
1,1778095747.5869956,1,61187,-6.097203,7.017072,0.463998,47.6
1,1778095747.6366365,1,61237,-6.110055,7.02969,0.464482,47.6
1,1778095747.6867425,1,61287,-6.127755,7.047116,0.465204,47.6
1,1778095747.7528765,1,61355,-6.151941,7.070934,0.466066,46.6
1,1778095747.7917867,1,61387,-6.161635,7.080446,0.466331,47.6
1,1778095747.8423173,1,61444,-6.179448,7.097853,0.467083,47.6
1,1778095747.8882773,1,61487,-6.19404,7.112122,0.467696,47.6
1,1778095747.9351704,1,61537,-6.210264,7.128021,0.468443,47.6
1,1778095747.986412,1,61587,-6.224887,7.14237,0.46899,47.6
1,1778095748.0358064,1,61637,-6.242784,7.159941,0.46968,47.6
1,1778095748.0847774,1,61687,-6.255816,7.172714,0.470123,47.6
1,1778095748.1370966,1,61737,-6.275404,7.191858,0.470811,47.6
1,1778095748.2020068,1,61804,-6.296669,7.21259,0.471573,47.6
1,1778095748.234376,1,61837,-6.308138,7.223758,0.471961,47.6
1,1778095748.2920284,1,61893,-6.326178,7.241335,0.472699,47.6
1,1778095748.3844035,1,61987,-6.35741,7.271806,0.474008,47.6
1,1778095748.4845,1,62087,-6.390403,7.303912,0.475217,47.6
1,1778095748.5343606,1,62137,-6.403627,7.316756,0.475727,47.6
1,1778095748.58435,1,62187,-6.423486,7.33603,0.476524,47.6
1,1778095748.6632972,1,62253,-6.445054,7.35696,0.47734,47.6
1,1778095748.684258,1,62287,-6.456673,7.36825,0.477753,47.6
1,1778095748.7417257,1,62343,-6.474943,7.386015,0.478437,47.6
1,1778095748.7858298,1,62387,-6.489924,7.400575,0.478977,47.6
1,1778095748.836979,1,62437,-6.506597,7.416746,0.479606,47.6
1,1778095748.8851678,1,62487,-6.523294,7.432908,0.480266,47.6
1,1778095748.984174,1,62587,-6.553425,7.462036,0.481636,47.6
1,1778095749.051279,1,62637,-6.573567,7.481509,0.482358,47.6
1,1778095749.1061053,1,62704,-6.593752,7.501038,0.483164,47.6
1,1778095749.1351826,1,62737,-6.607227,7.514072,0.483745,47.6
1,1778095749.1921966,1,62795,-6.625794,7.531997,0.484381,47.6
1,1778095749.2342386,1,62837,-6.64102,7.546654,0.484944,47.6
1,1778095749.2844324,1,62887,-6.657969,7.562942,0.485559,47.6
1,1778095749.389827,1,62987,-6.690266,7.593937,0.486712,47.6
1,1778095749.4358096,1,63037,-6.705605,7.608655,0.487244,47.6
1,1778095749.5529358,1,63155,-6.750052,7.651261,0.488939,47.6
1,1778095749.584754,1,63187,-6.760332,7.661099,0.489282,47.6
1,1778095749.6444438,1,63247,-6.78089,7.680777,0.490051,47.6
1,1778095749.6854436,1,63287,-6.794623,7.693915,0.490509,47.6
1,1778095749.7422886,1,63337,-6.81181,7.710377,0.491148,47.6
1,1778095749.7858305,1,63387,-6.829008,7.726871,0.491726,47.6
1,1778095749.8363366,1,63437,-6.84625,7.743374,0.492364,47.6
1,1778095749.8853064,1,63487,-6.861786,7.758212,0.49292,47.6
1,1778095749.9368875,1,63537,-6.879069,7.774667,0.493588,47.6
1,1778095749.9850056,1,63588,-6.885992,7.781244,0.493831,47.6
1,1778095750.036957,1,63637,-6.885992,7.781244,0.493831,47.6
1,1778095750.085792,1,63687,-6.932855,7.82565,0.495459,47.6
1,1778095750.135833,1,63737,-6.948521,7.840512,0.496071,47.6
1,1778095750.1863785,1,63787,-6.967699,7.858747,0.496851,47.6
1,1778095750.238791,1,63837,-6.978173,7.868716,0.497281,47.6
1,1778095750.2840724,1,63887,-7.002678,7.892047,0.498244,47.6
1,1778095750.3398538,1,63937,-7.016706,7.905414,0.498692,47.6
1,1778095750.4540734,1,64055,-7.062419,7.948829,0.500279,47.6
1,1778095750.4848933,1,64087,-7.072999,7.958828,0.500597,47.6
1,1778095750.547066,1,64145,-7.094185,7.978847,0.501326,47.6
1,1778095750.58469,1,64187,-7.108334,7.992225,0.501832,47.6
1,1778095750.637812,1,64237,-7.126034,8.008989,0.502376,47.6
1,1778095750.6860178,1,64287,-7.141986,8.024101,0.502925,47.6
1,1778095750.7351727,1,64337,-7.16151,8.04253,0.50349,47.6
1,1778095750.7852232,1,64387,-7.179287,8.05924,0.504013,47.6
1,1778095750.8457024,1,64437,-7.197094,8.075953,0.50464,47.6
1,1778095750.938755,1,64537,-7.232759,8.109525,0.505785,47.6
1,1778095750.9951806,1,64595,-7.254215,8.129709,0.50646,47.6
1,1778095751.0411162,1,64637,-7.268531,8.143154,0.506857,47.6
1,1778095751.0857053,1,64687,-7.286444,8.159961,0.507525,47.6
1,1778095751.1356664,1,64737,-7.304389,8.176793,0.508064,47.6
1,1778095751.1850889,1,64787,-7.322351,8.193652,0.50867,47.6
1,1778095751.2349546,1,64837,-7.336737,8.207153,0.509173,47.6
1,1778095751.3707669,1,64956,-7.381815,8.249394,0.51073,47.6
1,1778095751.3855236,1,64987,-7.394459,8.261225,0.511248,47.6
1,1778095751.445656,1,65046,-7.414363,8.279819,0.511908,48.6
1,1778095751.4868982,1,65087,-7.430665,8.295057,0.512519,47.6
1,1778095751.5382886,1,65137,-7.446984,8.310348,0.513163,47.6
1,1778095751.586991,1,65187,-7.466959,8.329111,0.513842,47.6
1,1778095751.6850913,1,65287,-7.501536,8.36154,0.514937,47.6
1,1778095751.7514167,1,65337,-7.521614,8.380223,0.515584,47.6
1,1778095751.805623,1,65387,-7.534413,8.392082,0.516005,47.6
1,1778095751.8351092,1,65437,-7.558219,8.414143,0.516779,47.6
1,1778095751.897037,1,65496,-7.580227,8.434612,0.517544,48.6
1,1778095751.9349763,1,65537,-7.594916,8.448315,0.517947,47.6
1,1778095751.984986,1,65587,-7.613306,8.465471,0.518507,47.6
1,1778095752.0342417,1,65637,-7.631719,8.482615,0.519026,47.6
1,1778095752.087991,1,65687,-7.650158,8.499726,0.51959,47.6
1,1778095752.1389234,1,65737,-7.666775,8.515109,0.520096,47.6
1,1778095752.187577,1,65787,-7.685268,8.5322,0.520697,47.6
1,1778095752.2610028,1,65837,-7.70008,8.545884,0.521108,47.6
1,1778095752.2868466,1,65887,-7.724177,8.568157,0.521836,47.6
1,1778095752.3476663,1,65946,-7.74646,8.588754,0.522513,47.6
1,1778095752.4387403,1,66037,-7.779954,8.619669,0.523584,47.6
1,1778095752.4849777,1,66087,-7.798598,8.636846,0.524131,47.6
1,1778095752.5355122,1,66137,-7.817264,8.65403,0.524693,47.6
1,1778095752.5859518,1,66187,-7.835949,8.671223,0.52519,47.6
1,1778095752.635524,1,66237,-7.854648,8.688438,0.525737,47.6
1,1778095752.7022214,1,66287,-7.867756,8.700497,0.526084,47.6
1,1778095752.7348723,1,66337,-7.892147,8.722892,0.526684,47.6
1,1778095752.7963736,1,66396,-7.914699,8.743549,0.527322,47.6
1,1778095752.8357747,1,66437,-7.92975,8.757325,0.527726,47.6
1,1778095752.8875902,1,66487,-7.948582,8.774562,0.528321,47.6
1,1778095752.9380136,1,66537,-7.967442,8.791819,0.528841,47.6
1,1778095752.9867866,1,66587,-7.986324,8.809093,0.529384,47.6
1,1778095753.0374157,1,66637,-8.005226,8.826392,0.529895,47.6
1,1778095753.0887458,1,66687,-8.024153,8.843719,0.530488,47.6
1,1778095753.1553671,1,66737,-8.037416,8.855855,0.530884,47.6
1,1778095753.1856654,1,66787,-8.062085,8.878396,0.531574,47.6
1,1778095753.2455003,1,66846,-8.084895,8.899216,0.53223,48.6
1,1778095753.2964804,1,66887,-8.100125,8.913109,0.532581,47.6
1,1778095753.3377922,1,66937,-8.119186,8.930478,0.53312,47.6
1,1778095753.3870037,1,66987,-8.138268,8.947861,0.533635,47.6
1,1778095753.4349968,1,67037,-8.157369,8.965263,0.53424,47.6
1,1778095753.4885564,1,67087,-8.17458,8.980941,0.534712,47.6
1,1778095753.5356421,1,67137,-8.195636,9.000112,0.535274,47.6
1,1778095753.58674,1,67187,-8.209049,9.012319,0.535633,47.6
1,1778095753.6350904,1,67237,-8.233991,9.035009,0.536433,47.6
1,1778095753.6985552,1,67296,-8.255132,9.054235,0.537079,47.6
1,1778095753.7349243,1,67337,-8.272449,9.069977,0.537658,47.6
1,1778095753.7884321,1,67387,-8.289778,9.085726,0.538181,47.6
1,1778095782.269737,1,20591,1.5e-05,1.1e-05,-0.000164,45.6
1,1778095782.3149514,1,20642,8.3e-05,6.8e-05,1.9e-05,46.6
1,1778095782.369823,1,20691,0.000277,0.000237,0.0003,46.6
1,1778095782.4143207,1,20743,0.000528,0.000458,0.000516,46.6
1,1778095782.4695964,1,20791,0.000773,0.000631,0.000742,46.6
1,1778095782.514411,1,20841,0.000978,0.000724,0.000993,46.6
1,1778095782.5637088,1,20891,0.001154,0.000778,0.001151,46.6
1,1778095782.6149924,1,20941,0.001406,0.000863,0.001376,46.6
1,1778095782.6653554,1,20991,0.001585,0.000928,0.001493,46.6
1,1778095782.7177236,1,21041,0.001966,0.001082,0.001755,46.6
1,1778095782.775351,1,21101,0.00237,0.001286,0.002014,46.6
1,1778095782.812858,1,21141,0.002766,0.001517,0.002187,46.6
1,1778095782.8638196,1,21191,0.003229,0.001784,0.002457,46.6
1,1778095782.916196,1,21241,0.003651,0.001973,0.00265,46.6
1,1778095782.9639616,1,21291,0.004011,0.002051,0.002861,46.6
1,1778095783.0128677,1,21341,0.004337,0.002094,0.003037,46.6
1,1778095783.0639884,1,21391,0.004768,0.002166,0.003248,46.6
1,1778095783.1146576,1,21441,0.005072,0.002248,0.003353,46.6
1,1778095783.1627984,1,21492,0.005734,0.002502,0.003554,46.6
1,1778095783.222514,1,21551,0.006452,0.002839,0.003726,46.6
1,1778095783.2629757,1,21591,0.006943,0.003085,0.003819,46.6
1,1778095783.3148277,1,21642,0.007552,0.003367,0.004018,46.6
1,1778095783.3634512,1,21691,0.008123,0.003585,0.004193,46.6
1,1778095783.4130242,1,21741,0.008667,0.003729,0.00444,46.6
1,1778095783.464906,1,21792,0.009149,0.003815,0.004592,46.6
1,1778095783.516062,1,21841,0.009702,0.00393,0.004793,46.6
1,1778095783.5629773,1,21891,-0.000734,0.000911,0.00491,46.6
1,1778095783.6198342,1,21941,-0.001008,0.00064,0.005138,46.6
1,1778095783.67379,1,22002,-0.001015,0.000632,0.005404,46.6
1,1778095783.715058,1,22042,-0.001015,0.000627,0.005514,46.6
1,1778095783.7638772,1,22092,-0.001053,0.000561,0.005733,46.6
1,1778095783.8169372,1,22141,-0.00113,0.000419,0.005896,46.6
1,1778095783.8631127,1,22191,-0.001254,0.000165,0.006126,46.6
1,1778095783.9167352,1,22241,-0.001334,-4.3e-05,0.006272,46.6
1,1778095783.9629388,1,22291,-0.001337,-0.000154,0.006528,46.6
1,1778095784.012997,1,22341,-0.001294,-0.000186,0.006638,46.6
1,1778095784.0635595,1,22391,-0.001177,-0.000208,0.006921,46.6
1,1778095784.1254377,1,22452,-0.001119,-0.00031,0.0071,46.6
1,1778095784.1630256,1,22492,-0.001108,-0.00043,0.007244,46.6
1,1778095784.2179978,1,22541,-0.001087,-0.000601,0.007445,46.6
1,1778095784.263009,1,22591,-0.001041,-0.00074,0.007633,46.6
1,1778095784.3134606,1,22641,-0.000924,-0.000861,0.007865,46.6
1,1778095784.3650224,1,22691,-0.000792,-0.000931,0.007993,46.6
1,1778095784.4150686,1,22741,-0.000629,-0.001013,0.008202,46.6
1,1778095784.4629657,1,22791,-0.000533,-0.001088,0.008263,46.6
1,1778095784.5128736,1,22841,-0.000371,-0.001268,0.008495,46.6
1,1778095784.5744638,1,22901,-0.000195,-0.001425,0.008763,47.6
1,1778095784.6179647,1,22941,-4.2e-05,-0.001499,0.008903,46.6
1,1778095784.662879,1,22992,0.000183,-0.001556,0.009136,46.6
1,1778095784.7139018,1,23041,0.000419,-0.001603,0.009364,46.6
1,1778095784.762972,1,23091,0.000661,-0.001682,0.009496,46.6
1,1778095784.8263416,1,23141,0.000887,-0.001774,0.009615,46.6
1,1778095784.862863,1,23191,0.001187,-0.001879,0.009835,46.6
1,1778095784.9128592,1,23241,0.001384,-0.001933,0.009914,46.6
1,1778095784.9648042,1,23291,0.001768,-0.002034,0.010197,46.6
1,1778095785.0254126,1,23352,-0.002092,-0.000985,0.010394,46.6
1,1778095785.0631404,1,23391,-0.002097,-0.000972,0.010546,46.6
1,1778095785.114774,1,23442,-0.002097,-0.000972,0.010704,46.6
1,1778095785.1629162,1,23491,-0.002081,-0.000971,0.010868,46.6
1,1778095785.2143815,1,23541,-0.002043,-0.000964,0.011095,46.6
1,1778095785.2630336,1,23591,-0.001985,-0.000949,0.01119,46.6
1,1778095785.3154156,1,23641,-0.001882,-0.000912,0.011407,46.6
1,1778095785.3630311,1,23691,-0.001802,-0.000883,0.011544,46.6
1,1778095785.413854,1,23742,-0.001639,-0.000842,0.011706,46.6
1,1778095785.474906,1,23802,-0.001485,-0.000841,0.01187,46.6
1,1778095785.5131567,1,23841,-0.001379,-0.000852,0.011961,46.6
1,1778095785.5625064,1,23891,-0.001237,-0.000856,0.012117,46.6
1,1778095785.618022,1,23941,-0.001908,-0.000952,0.012283,46.6
1,1778095785.6628711,1,23991,-0.00195,-0.000968,0.012474,46.6
1,1778095785.7131922,1,24042,-0.001951,-0.000967,0.012609,46.6
1,1778095785.7629242,1,24091,-0.001951,-0.000966,0.012772,47.6
1,1778095785.8144693,1,24141,-0.001951,-0.000967,0.0129,47.6
1,1778095785.8633006,1,24191,-0.00194,-0.000961,0.013159,47.6
1,1778095785.9268584,1,24252,-0.001877,-0.000906,0.013382,47.6
1,1778095785.963073,1,24292,-0.001817,-0.000848,0.013484,47.6
1,1778095786.0129764,1,24342,-0.001703,-0.000752,0.013681,47.6
1,1778095786.06287,1,24391,-0.001615,-0.00071,0.01385,47.6
1,1778095786.1128783,1,24441,-0.001518,-0.000712,0.014085,47.6
1,1778095786.163518,1,24491,-0.001812,-0.000686,0.014259,47.6
1,1778095786.2158265,1,24541,-0.00185,-0.000706,0.014506,47.6
1,1778095786.2635195,1,24591,-0.00185,-0.000706,0.014601,47.6
1,1778095786.3127935,1,24641,-0.001851,-0.000707,0.014908,47.6
1,1778095786.3759882,1,24703,-0.00185,-0.000705,0.015079,47.6
1,1778095786.4167001,1,24741,-0.001849,-0.00071,0.015234,47.6
1,1778095786.4648569,1,24792,-0.001851,-0.000739,0.015395,47.6
1,1778095786.5128703,1,24841,-0.001852,-0.000793,0.01554,46.6
1,1778095786.5628004,1,24891,-0.001836,-0.000857,0.015753,47.6
1,1778095786.6152759,1,24941,-0.001781,-0.000869,0.015915,47.6
1,1778095786.6649814,1,24991,-0.001691,-0.000847,0.01606,47.6
1,1778095786.7159712,1,25041,-0.001624,-0.000838,0.01621,47.6
1,1778095786.7629828,1,25091,-0.001514,-0.00087,0.016487,47.6
1,1778095786.8269396,1,25153,-0.00142,-0.000938,0.01671,47.6
1,1778095786.8632069,1,25191,-0.001339,-0.000975,0.016851,47.6
1,1778095786.919928,1,25243,-0.001211,-0.001002,0.017081,47.6
1,1778095786.9647377,1,25291,-0.001051,-0.001007,0.017226,47.6
1,1778095787.0137575,1,25341,-0.000878,-0.001008,0.017432,47.6
1,1778095787.0628664,1,25391,-0.000712,-0.001012,0.0176,47.6
1,1778095787.1128905,1,25441,-0.000503,-0.001035,0.017837,47.6
1,1778095787.1630921,1,25491,-0.000367,-0.001052,0.017969,47.6
1,1778095787.2147439,1,25541,-9.4e-05,-0.001074,0.018257,47.6
1,1778095787.2780945,1,25603,-0.001954,-0.001014,0.018435,47.6
1,1778095787.3127801,1,25641,-0.001957,-0.001014,0.018618,47.6
1,1778095787.3653033,1,25693,-0.001958,-0.001014,0.018861,47.6
1,1778095787.4188013,1,25741,-0.001959,-0.001014,0.019023,47.6
1,1778095787.4651494,1,25792,-0.001959,-0.001014,0.019234,47.6
1,1778095787.5128372,1,25841,-0.001959,-0.001014,0.019422,47.6
1,1778095787.563672,1,25891,-0.001959,-0.001014,0.019651,47.6
1,1778095787.6149814,1,25941,-0.00196,-0.001016,0.019728,47.6
1,1778095787.6663496,1,25991,-0.00196,-0.001015,0.019959,47.6
1,1778095787.7259893,1,26054,-0.00196,-0.001015,0.02025,47.6
1,1778095787.7662425,1,26091,-0.00196,-0.001018,0.020477,47.6
1,1778095787.8165486,1,26143,-0.001959,-0.00104,0.020658,47.6
1,1778095787.8627882,1,26191,-0.001951,-0.001075,0.020875,47.6
1,1778095787.9139714,1,26241,-0.001928,-0.001108,0.021082,47.6
1,1778095787.9677894,1,26291,-0.001894,-0.001123,0.02129,47.6
1,1778095788.020987,1,26341,-0.001843,-0.001131,0.021449,47.6
1,1778095788.0656438,1,26391,-0.001795,-0.001136,0.021671,47.6
1,1778095788.1139138,1,26441,-0.001713,-0.001145,0.021941,47.6
1,1778095788.1771758,1,26504,-0.001586,-0.001135,0.022275,47.6
1,1778095788.2166524,1,26541,-0.001518,-0.001131,0.022375,47.6
1,1778095788.2666464,1,26593,-0.001385,-0.001137,0.022546,47.6
1,1778095788.3129802,1,26641,-0.001259,-0.001164,0.022719,47.6
1,1778095788.3647118,1,26691,-0.001111,-0.001178,0.022956,47.6
1,1778095788.422089,1,26742,-0.000929,-0.001167,0.023098,47.6
1,1778095788.4650393,1,26791,-0.000707,-0.001124,0.023302,47.6
1,1778095788.5158665,1,26841,-0.000538,-0.001089,0.023365,47.6
1,1778095788.5693157,1,26891,-0.00023,-0.001049,0.023575,47.6
1,1778095788.6258063,1,26954,-0.002027,-0.000929,0.023816,47.6
1,1778095788.6667798,1,26991,-0.002035,-0.000934,0.023976,47.6
1,1778095788.7159343,1,27044,-0.002034,-0.000933,0.024208,47.6
1,1778095788.7629068,1,27091,-0.002003,-0.000901,0.024318,47.6
1,1778095788.8149278,1,27141,-0.001949,-0.000851,0.024489,47.6
1,1778095788.8710716,1,27192,-0.001918,-0.000838,0.024579,47.6
1,1778095788.912688,1,27241,-0.001885,-0.000849,0.024738,47.6
1,1778095788.9634902,1,27291,-0.001853,-0.000853,0.024837,47.6
1,1778095789.012765,1,27341,-0.001748,-0.000829,0.025063,47.6
1,1778095789.0774722,1,27404,-0.002088,-0.000965,0.025361,47.6
1,1778095789.113099,1,27441,-0.002083,-0.000974,0.025421,47.6
1,1778095789.1757061,1,27494,-0.002068,-0.001003,0.025682,47.6
1,1778095789.2151744,1,27542,-0.002038,-0.001029,0.025806,47.6
1,1778095789.2639794,1,27591,-0.001993,-0.001045,0.026054,47.6
1,1778095789.3149998,1,27642,-0.001921,-0.001044,0.026191,47.6
1,1778095789.3639708,1,27691,-0.001828,-0.001036,0.026395,47.6
1,1778095789.413789,1,27741,-0.00174,-0.001025,0.026536,47.6
1,1778095789.462723,1,27791,-0.00159,-0.001009,0.026739,47.6
1,1778095789.526913,1,27854,-0.002139,-0.001025,0.02694,47.6
1,1778095789.5627697,1,27891,-0.00213,-0.001028,0.027121,47.6
1,1778095789.6154416,1,27944,-0.002097,-0.001029,0.027316,47.6
1,1778095789.6735919,1,27991,-0.002043,-0.001005,0.027544,47.6
1,1778095789.7220528,1,28041,-0.001982,-0.000973,0.027752,47.6
1,1778095789.7658865,1,28091,-0.001888,-0.000945,0.027932,47.6
1,1778095789.8159904,1,28141,-0.001798,-0.000949,0.028088,47.6
1,1778095789.8640094,1,28191,-0.001724,-0.000968,0.028227,47.6
1,1778095789.916016,1,28241,-0.001587,-0.000985,0.028468,47.6
1,1778095789.9759817,1,28304,-0.001402,-0.000967,0.028731,47.6
1,1778095790.0224838,1,28341,-0.00126,-0.000944,0.028802,47.6
1,1778095790.0659938,1,28395,-0.00104,-0.000911,0.029056,47.6
1,1778095790.1130328,1,28441,-0.000849,-0.000894,0.029183,47.6
1,1778095790.165122,1,28491,-0.000633,-0.00089,0.029361,47.6
1,1778095790.2161808,1,28541,-0.000408,-0.000878,0.029508,47.6
1,1778095790.2683282,1,28591,-0.000161,-0.000857,0.029735,47.6
1,1778095790.3169518,1,28641,5.5e-05,-0.000828,0.029871,47.6
1,1778095790.3624783,1,28691,0.000411,-0.000754,0.030097,47.6
1,1778095790.434879,1,28755,0.000811,-0.000664,0.030305,47.6
1,1778095790.4625661,1,28791,0.000993,-0.00063,0.03036,47.6
1,1778095790.5182428,1,28845,0.001371,-0.000594,0.030614,47.6
1,1778095790.5625477,1,28891,0.001656,-0.000589,0.030819,47.6
1,1778095790.6188066,1,28941,0.001989,-0.000569,0.031047,47.6
1,1778095790.6639771,1,28991,0.002369,-0.000498,0.031242,47.6
1,1778095790.7219841,1,29041,0.00277,-0.000399,0.031489,47.6
1,1778095790.7634506,1,29091,0.003141,-0.000314,0.03157,47.6
1,1778095790.8143363,1,29141,0.0036,-0.00024,0.031765,47.6
1,1778095790.8823578,1,29204,0.004158,-0.0002,0.031945,47.6
1,1778095790.9189005,1,29241,0.004475,-0.000186,0.032026,47.6
1,1778095790.9676132,1,29294,0.005006,-0.000143,0.03215,47.6
1,1778095791.0168765,1,29341,0.005418,-0.0001,0.032266,47.6
1,1778095791.0639212,1,29391,0.006021,-2.2e-05,0.032413,47.6
1,1778095791.1161125,1,29441,0.006601,6.1e-05,0.032561,47.6
1,1778095791.1637666,1,29491,0.0072,0.000136,0.032766,47.6
1,1778095791.2177913,1,29541,0.007745,0.000185,0.032901,47.6
1,1778095791.2629695,1,29591,0.008415,0.000219,0.033111,47.6
1,1778095791.3287225,1,29656,0.009231,0.00026,0.03339,47.6
1,1778095791.3640938,1,29691,0.009691,0.000297,0.033461,47.6
1,1778095791.418814,1,29746,0.010443,0.000374,0.033597,47.6
1,1778095791.4640172,1,29791,0.011077,0.000442,0.03375,47.6
1,1778095791.5138633,1,29841,0.011725,0.000504,0.033948,47.6
1,1778095791.5627382,1,29891,0.012542,0.000574,0.034126,47.6
1,1778095791.615846,1,29941,0.013297,0.000628,0.034332,47.6
1,1778095791.6636086,1,29991,-0.002419,-0.000633,0.034458,47.6
1,1778095791.7155404,1,30041,-0.002924,-0.000802,0.034634,47.6
1,1778095791.7767527,1,30105,-0.002937,-0.000802,0.034839,47.6
1,1778095791.8130326,1,30141,-0.002926,-0.00081,0.03483,47.6
1,1778095791.866508,1,30195,-0.002887,-0.000825,0.035041,47.6
1,1778095791.9185436,1,30241,-0.002823,-0.000839,0.035215,47.6
1,1778095791.964415,1,30292,-0.002746,-0.000851,0.035417,47.6
1,1778095792.017703,1,30341,-0.002625,-0.000862,0.035622,47.6
1,1778095792.067696,1,30391,-0.002515,-0.000871,0.035815,47.6
1,1778095792.1201768,1,30441,-0.002394,-0.000883,0.035957,47.6
1,1778095792.1636944,1,30491,-0.002241,-0.000898,0.036167,47.6
1,1778095792.2282765,1,30555,-0.002017,-0.000908,0.036437,47.6
1,1778095792.2626517,1,30591,-0.001906,-0.000909,0.03655,47.6
1,1778095792.3249424,1,30645,-0.001658,-0.000905,0.036729,47.6
1,1778095792.3625963,1,30691,-0.001456,-0.000911,0.036814,47.6
1,1778095792.4127069,1,30742,-0.001216,-0.000932,0.037029,47.6
1,1778095792.4626508,1,30791,-0.000967,-0.00096,0.03719,47.6
1,1778095792.5139568,1,30841,-0.000701,-0.000992,0.037402,47.6
1,1778095792.5627666,1,30891,-0.000464,-0.001012,0.03755,47.6
1,1778095792.6125624,1,30941,-6.7e-05,-0.001032,0.037786,47.6
1,1778095792.6810868,1,30992,0.000398,-0.001059,0.037979,47.6
1,1778095792.712959,1,31041,0.000618,-0.00108,0.038146,47.6
1,1778095792.7680633,1,31096,0.001067,-0.00113,0.038393,47.6
1,1778095792.8139942,1,31141,0.001426,-0.001157,0.038557,47.6
1,1778095792.8667278,1,31191,0.001848,-0.001168,0.03874,47.6
1,1778095792.9139876,1,31241,0.002253,-0.001168,0.038815,47.6
1,1778095792.9633825,1,31291,0.002766,-0.001169,0.039026,47.6
1,1778095793.0129137,1,31341,-0.002586,-0.00076,0.039186,47.6
1,1778095793.0625758,1,31391,-0.002799,-0.000676,0.039388,47.6
1,1778095793.1346147,1,31442,-0.002792,-0.000686,0.039462,47.6
1,1778095793.1631227,1,31491,-0.002753,-0.000706,0.039608,47.6
1,1778095793.2191978,1,31547,-0.002687,-0.000683,0.039784,47.6
1,1778095793.2650743,1,31591,-0.002608,-0.00064,0.039898,47.6
1,1778095793.3145287,1,31641,-0.002507,-0.000585,0.040088,47.6
1,1778095793.3635304,1,31691,-0.002401,-0.000539,0.040255,47.6
1,1778095793.4135385,1,31741,-0.00229,-0.000513,0.040496,47.6
1,1778095793.4639614,1,31791,-0.002193,-0.000511,0.040622,47.6
1,1778095793.5159838,1,31841,-0.00204,-0.00051,0.040936,47.6
1,1778095793.5784009,1,31892,-0.001946,-0.000498,0.041091,47.6
1,1778095793.6199443,1,31941,-0.001656,-0.000425,0.041306,47.6
1,1778095793.6668065,1,31996,-0.001369,-0.00033,0.041508,47.6
1,1778095793.7188327,1,32041,-0.001124,-0.000269,0.041633,47.6
1,1778095793.7624252,1,32091,-0.000887,-0.000249,0.04184,47.6
1,1778095793.8159115,1,32141,-0.000602,-0.00027,0.042008,47.6
1,1778095793.8639894,1,32191,-0.000309,-0.000279,0.042234,47.6
1,1778095793.9164052,1,32241,-3.5e-05,-0.000259,0.04238,47.6
1,1778095793.9627748,1,32291,0.00041,-0.000201,0.0426,48.6
1,1778095794.030374,1,32341,0.000643,-0.000176,0.042715,47.6
1,1778095794.0657837,1,32391,0.001194,-0.000161,0.042848,47.6
1,1778095794.1191354,1,32446,0.001629,-0.000189,0.043028,48.6
1,1778095794.1660726,1,32491,0.001992,-0.000208,0.043134,47.6
1,1778095794.2167118,1,32542,0.002377,-0.000204,0.043291,48.6
1,1778095794.2629936,1,32591,0.002876,-0.000192,0.043414,48.6
1,1778095794.3198388,1,32641,0.003343,-0.000185,0.043617,48.6
1,1778095794.3648942,1,32691,-0.002365,-4.4e-05,0.043781,47.6
1,1778095794.4149466,1,32741,-0.002411,-4e-05,0.043935,48.6
1,1778095794.4787543,1,32791,-0.002416,-4.1e-05,0.044063,48.6
1,1778095794.5131333,1,32841,-0.002416,-4.1e-05,0.04426,47.6
1,1778095794.5688713,1,32897,-0.002418,-4.1e-05,0.044379,47.6
1,1778095794.6129491,1,32941,-0.002416,-4.1e-05,0.044489,47.6
1,1778095794.6672812,1,32992,-0.002415,-4.1e-05,0.044735,47.6
1,1778095794.7137163,1,33042,-0.002391,-4.9e-05,0.044891,47.6
1,1778095794.766807,1,33091,-0.002352,-6.9e-05,0.045134,47.6
1,1778095794.8195586,1,33141,-0.002298,-8.6e-05,0.045275,48.6
2,1778095797.217167,1,35441,0.002297,-0.001183,0.052967,48.6
2,1778095797.2172647,1,35491,0.002641,-0.001164,0.053088,48.6
2,1778095797.217291,1,35541,0.003033,-0.001443,0.053305,48.6
2,1778095797.2748468,1,35603,0.003382,-0.001817,0.05354,48.6
2,1778095797.3174033,1,35642,0.00367,-0.002001,0.053733,48.6
2,1778095797.3640468,1,35692,0.004126,-0.00209,0.054068,48.6
2,1778095797.4180002,1,35741,0.004651,-0.002033,0.054462,48.6
2,1778095797.4635594,1,35791,0.005346,-0.001845,0.05498,48.6
2,1778095797.5137992,1,35841,0.005926,-0.001728,0.055283,48.6
2,1778095797.5627236,1,35891,0.006478,-0.00174,0.055619,48.6
2,1778095797.62285,1,35941,0.006864,-0.001758,0.055736,48.6
2,1778095797.6633763,1,35991,0.007717,-0.001478,0.056149,48.6
2,1778095797.7265434,1,36053,0.008805,-0.000698,0.056501,48.6
2,1778095797.7623653,1,36091,0.009629,-3.2e-05,0.056655,48.6
2,1778095797.8155358,1,36142,0.010597,0.000719,0.056878,48.6
2,1778095797.863773,1,36191,0.011296,0.001111,0.057037,48.6
2,1778095797.917206,1,36241,0.011874,0.001158,0.057211,48.6
2,1778095797.9626627,1,36291,0.01221,0.00093,0.057394,48.6
2,1778095798.0149577,1,36341,0.012513,0.000633,0.057649,48.6
2,1778095798.0639837,1,36391,0.012781,0.000422,0.057822,48.6
2,1778095798.1163836,1,36441,0.01324,0.000276,0.058134,48.6
2,1778095798.174407,1,36503,0.013879,0.000456,0.058465,48.6
2,1778095798.2149055,1,36541,0.014412,0.00076,0.058546,48.6
2,1778095798.2659788,1,36593,0.015139,0.001253,0.058761,48.6
2,1778095798.3173327,1,36641,0.015875,0.001764,0.058918,48.6
2,1778095798.3711367,1,36691,0.01656,0.002191,0.059234,48.6
2,1778095798.4125657,1,36742,0.017099,0.002471,0.059414,48.6
2,1778095798.4625554,1,36792,0.017669,0.002706,0.059691,48.6
2,1778095798.5203025,1,36841,0.018009,0.002829,0.059802,48.6
2,1778095798.5624814,1,36891,0.018656,0.003123,0.060054,48.6
2,1778095798.6297805,1,36952,0.01926,0.003491,0.060304,48.6
2,1778095798.6624992,1,36991,0.01978,0.003864,0.060598,48.6
2,1778095798.7180128,1,37042,0.020351,0.004306,0.060816,48.6
2,1778095798.7638745,1,37091,0.020895,0.004711,0.061042,48.6
2,1778095798.8195193,1,37141,0.021394,0.00505,0.061193,48.6
2,1778095798.8628752,1,37191,0.02181,0.005325,0.061333,48.6
2,1778095798.9135966,1,37242,0.022265,0.005648,0.0615,48.6
2,1778095798.9628341,1,37291,0.022642,0.00595,0.061632,48.6
2,1778095799.0124574,1,37341,0.023293,0.006525,0.061874,48.6
2,1778095799.07637,1,37403,0.007114,-0.008635,0.062152,48.6
2,1778095799.112976,1,37441,0.007092,-0.00865,0.062205,48.6
2,1778095799.165043,1,37493,0.007022,-0.008711,0.06241,48.6
2,1778095799.214905,1,37541,0.00693,-0.008778,0.062582,48.6
2,1778095799.2639525,1,37591,0.006854,-0.008797,0.062835,48.6
2,1778095799.3175342,1,37641,0.006804,-0.008761,0.062995,48.6
2,1778095799.3625312,1,37692,0.006759,-0.00868,0.063294,48.6
2,1778095799.4157581,1,37741,0.006715,-0.008613,0.063395,48.6
2,1778095799.4629233,1,37791,0.006595,-0.008532,0.063703,48.6
2,1778095799.5286293,1,37854,0.006439,-0.008482,0.0639,48.6
2,1778095799.5684407,1,37891,0.006361,-0.008451,0.063926,48.6
2,1778095799.6135378,1,37942,0.006227,-0.00837,0.064216,48.6
2,1778095799.6624591,1,37991,0.006115,-0.008288,0.064435,48.6
2,1778095799.7130334,1,38041,0.005971,-0.008167,0.064712,48.6
2,1778095799.7624433,1,38091,0.00586,-0.008038,0.064872,48.6
2,1778095799.8163466,1,38142,0.005728,-0.007854,0.065106,48.6
2,1778095799.8659775,1,38191,0.005637,-0.007734,0.06525,48.6
2,1778095799.9178548,1,38241,0.005428,-0.007521,0.065595,48.6
2,1778095799.9755287,1,38303,0.005206,-0.007335,0.065945,48.6
2,1778095800.0127141,1,38341,0.005047,-0.007204,0.066091,48.6
2,1778095800.0649881,1,38392,0.004838,-0.007033,0.066278,48.6
2,1778095800.1157587,1,38441,0.004639,-0.00687,0.066493,48.6
2,1778095800.1630068,1,38491,0.004387,-0.006657,0.066668,48.6
2,1778095800.2134643,1,38541,0.004158,-0.006436,0.066913,48.6
2,1778095800.2638533,1,38591,0.003933,-0.00618,0.067175,48.6
2,1778095800.3142936,1,38641,0.003775,-0.005983,0.06737,48.6
2,1778095800.36399,1,38691,0.003469,-0.005594,0.067668,48.6
2,1778095800.4247677,1,38752,0.003168,-0.005245,0.067962,48.6
2,1778095800.4627056,1,38792,0.002954,-0.00502,0.068041,48.6
2,1778095800.512512,1,38841,0.002674,-0.004727,0.068236,48.6
2,1778095800.5661497,1,38891,0.002386,-0.004416,0.068393,48.6
2,1778095800.6153765,1,38941,0.002095,-0.004085,0.068656,48.6
2,1778095800.6625102,1,38991,0.001825,-0.003769,0.068827,48.6
2,1778095800.713002,1,39041,0.001484,-0.003361,0.069101,48.6
2,1778095800.7631335,1,39091,0.001264,-0.003089,0.069186,48.6
2,1778095800.812838,1,39141,0.000842,-0.002579,0.069471,48.6
2,1778095800.8756595,1,39203,0.000462,-0.002153,0.069675,49.6
2,1778095800.9138525,1,39241,0.000129,-0.001802,0.069827,48.6
2,1778095800.9657984,1,39291,-0.000249,-0.0014,0.070014,48.6
2,1778095801.0128417,1,39341,-0.00063,-0.000982,0.070324,48.6
2,1778095801.0646923,1,39391,-0.000974,-0.000587,0.070566,48.6
2,1778095801.113929,1,39441,-0.001365,-0.000132,0.070763,48.6
2,1778095801.1637673,1,39491,-0.001778,0.000329,0.070948,48.6
2,1778095801.2163837,1,39541,-0.002119,0.000698,0.071119,48.6
2,1778095801.2649882,1,39591,-0.002683,0.001311,0.071303,48.6
2,1778095801.3214955,1,39650,-0.003208,0.001911,0.071587,48.6
2,1778095801.366866,1,39691,-0.003559,0.002329,0.071747,48.6
2,1778095801.412297,1,39742,-0.004006,0.002863,0.07199,48.6
2,1778095801.4626474,1,39791,-0.004462,0.003403,0.072153,48.6
2,1778095801.5123053,1,39841,-0.004931,0.003956,0.072483,48.6
2,1778095801.5625188,1,39891,-0.005368,0.004471,0.072661,48.6
2,1778095801.6179829,1,39941,-0.005864,0.005059,0.072952,48.6
2,1778095801.6648762,1,39991,-0.006268,0.005541,0.073111,48.6
2,1778095801.7149713,1,40041,-0.006943,0.006346,0.0734,48.6
2,1778095801.7777603,1,40100,-0.007586,0.007105,0.073591,48.6
2,1778095801.8155804,1,40141,-0.007966,0.007558,0.073765,48.6
2,1778095801.8656504,1,40193,-0.008565,0.008279,0.073958,48.6
2,1778095801.915649,1,40241,-0.009065,0.008882,0.074155,48.6
2,1778095801.9633148,1,40291,-0.009696,0.009642,0.074388,48.6
2,1778095802.015495,1,40342,-0.01028,0.010345,0.074572,48.6
2,1778095802.0648072,1,40391,-0.010874,0.011055,0.074783,48.6
2,1778095802.1160903,1,40441,-0.011292,0.011559,0.074941,48.6
2,1778095802.1629276,1,40491,-0.012078,0.012521,0.075346,48.6
2,1778095802.2234123,1,40551,-0.012816,0.013433,0.075595,48.6
2,1778095802.2643023,1,40591,-0.013317,0.014055,0.075745,48.6
2,1778095802.3124013,1,40642,-0.01395,0.014841,0.075997,48.6
2,1778095802.3627508,1,40691,-0.014525,0.015553,0.07617,48.6
2,1778095802.4127378,1,40742,-0.015239,0.016432,0.076398,48.6
2,1778095802.4622698,1,40791,-0.015896,0.017244,0.076533,48.6
2,1778095802.512843,1,40842,-0.016552,0.018064,0.076779,48.6
2,1778095802.563677,1,40891,-0.017018,0.01865,0.076953,48.6
2,1778095802.6129923,1,40941,-0.017898,0.01976,0.077247,48.6
2,1778095802.679859,1,41004,-0.018777,0.02089,0.077475,48.6
2,1778095802.717886,1,41042,-0.019256,0.021499,0.077519,48.6
2,1778095802.7650084,1,41094,-0.020006,0.02246,0.077786,48.6
2,1778095802.8133159,1,41141,-0.020617,0.023258,0.077937,48.6
2,1778095802.862684,1,41191,-0.021303,0.02416,0.078151,48.6
2,1778095802.9123678,1,41241,-0.021928,0.024987,0.078315,48.6
2,1778095802.9623117,1,41291,-0.022702,0.026012,0.07856,48.6
2,1778095803.0132022,1,41341,-0.023203,0.026669,0.078654,48.6
2,1778095803.0637233,1,41391,0.005223,-0.010525,0.078916,48.6
2,1778095803.1254601,1,41454,0.005225,-0.010543,0.079234,48.6
2,1778095803.1623416,1,41491,0.00522,-0.010528,0.079353,48.6
2,1778095803.2151372,1,41544,0.005197,-0.0105,0.07964,48.6
2,1778095803.2623343,1,41591,0.00516,-0.010468,0.079927,48.6
2,1778095803.3139277,1,41641,0.005111,-0.010429,0.080171,48.6
2,1778095803.3633883,1,41691,0.005058,-0.010381,0.080386,48.6
2,1778095803.4136577,1,41741,0.004989,-0.010297,0.080695,48.6
2,1778095803.4623325,1,41791,0.004939,-0.010212,0.080884,48.6
2,1778095803.513188,1,41841,0.00485,-0.010067,0.081166,48.6
2,1778095803.5720186,1,41901,0.004725,-0.009912,0.081501,48.6
2,1778095803.6127477,1,41942,0.004628,-0.009802,0.081642,48.6
2,1778095803.6626434,1,41992,0.004495,-0.009658,0.081835,48.6
2,1778095803.7127683,1,42041,0.004366,-0.009502,0.08199,48.6
2,1778095803.7623568,1,42091,0.004226,-0.009335,0.082225,48.6
2,1778095803.8126135,1,42141,0.004092,-0.009169,0.082396,48.6
2,1778095803.8628256,1,42191,0.003925,-0.00896,0.08275,48.6
2,1778095803.9127228,1,42241,0.003782,-0.008782,0.082916,48.6
2,1778095803.962738,1,42291,0.003536,-0.00848,0.083241,48.6
2,1778095804.023958,1,42352,0.003287,-0.008191,0.083486,48.6
2,1778095804.0624528,1,42392,0.003131,-0.008015,0.083617,48.6
2,1778095804.1133378,1,42442,0.002888,-0.007726,0.083787,48.6
2,1778095804.1627893,1,42491,0.002663,-0.007438,0.084016,48.6
2,1778095804.2135768,1,42541,0.002434,-0.007126,0.084201,48.6
2,1778095804.2636049,1,42591,0.002191,-0.006799,0.084363,48.6
2,1778095804.3153396,1,42641,0.001926,-0.00647,0.084579,48.6
2,1778095804.3639443,1,42691,0.001732,-0.006236,0.084755,48.6
2,1778095804.4123936,1,42741,0.00135,-0.005781,0.085023,48.6
2,1778095804.4756908,1,42804,0.00095,-0.005302,0.085298,48.6
2,1778095804.5129013,1,42841,0.00072,-0.005036,0.085336,48.6
2,1778095804.5629044,1,42892,0.000382,-0.00465,0.085509,48.6
2,1778095804.6159804,1,42941,7.1e-05,-0.004291,0.085654,48.6
2,1778095804.6639006,1,42991,-0.000316,-0.003841,0.085929,48.6
2,1778095804.7127922,1,43041,-0.000675,-0.003409,0.086105,48.6
2,1778095804.763552,1,43092,-0.001041,-0.002965,0.086348,48.6
2,1778095804.8157952,1,43141,-0.001373,-0.002558,0.086496,48.6
2,1778095804.8626375,1,43191,-0.001799,-0.002054,0.086765,48.6
2,1778095804.9243646,1,43252,-0.002276,-0.00149,0.087017,48.6
2,1778095804.9628482,1,43291,-0.002601,-0.001107,0.087179,48.6
2,1778095805.0162978,1,43345,-0.003011,-0.000615,0.087407,48.6
2,1778095805.0622895,1,43391,-0.003434,-0.000107,0.087634,48.6
2,1778095805.112277,1,43441,-0.003866,0.00041,0.087877,48.6
2,1778095805.1622026,1,43491,-0.00426,0.00088,0.08808,48.6
2,1778095805.213919,1,43541,-0.004757,0.001471,0.088263,48.6
2,1778095805.2623014,1,43591,-0.005085,0.001858,0.088371,48.6
2,1778095805.315862,1,43641,-0.005703,0.002598,0.08872,48.6
2,1778095805.378031,1,43705,-0.006344,0.003353,0.089023,48.6
2,1778095805.4159322,1,43741,-0.006707,0.003769,0.089178,48.6
2,1778095805.4623191,1,43792,-0.007243,0.004374,0.089489,48.6
2,1778095805.512462,1,43841,-0.007787,0.004994,0.089701,48.6
2,1778095805.5620685,1,43891,-0.008282,0.005568,0.08998,48.6
2,1778095805.612207,1,43941,-0.008841,0.006224,0.090178,48.6
2,1778095805.6645381,1,43991,-0.009472,0.006955,0.090375,48.6
2,1778095805.712973,1,44041,-0.009938,0.007492,0.090585,48.6
2,1778095805.762655,1,44091,-0.010647,0.00831,0.090822,48.6
2,1778095805.8264003,1,44153,-0.011434,0.009202,0.091088,48.6
2,1778095805.8646188,1,44191,-0.011867,0.009691,0.091289,48.6
2,1778095805.9122458,1,44242,-0.012495,0.010405,0.091492,48.6
2,1778095805.9621942,1,44291,-0.013133,0.011138,0.091668,48.6
2,1778095806.0119343,1,44341,-0.013784,0.011878,0.09183,48.6
2,1778095806.0619414,1,44391,-0.014387,0.012548,0.09198,48.6
2,1778095806.1120594,1,44441,-0.015132,0.013383,0.092232,48.6
2,1778095806.1638596,1,44491,-0.015605,0.013926,0.092369,48.6
2,1778095806.2169573,1,44541,0.0047,-0.009744,0.092631,48.6
2,1778095806.2759798,1,44602,0.004706,-0.009752,0.092846,48.6
2,1778095806.3119795,1,44641,0.004699,-0.009745,0.092962,48.6
2,1778095806.362974,1,44692,0.004679,-0.009723,0.093151,48.6
2,1778095806.4119804,1,44741,0.004653,-0.009683,0.093332,48.6
2,1778095806.463555,1,44791,0.004622,-0.009632,0.093558,48.6
2,1778095806.514946,1,44841,0.004587,-0.00958,0.093722,48.6
2,1778095806.5629563,1,44891,0.004528,-0.00951,0.093974,48.6
2,1778095806.6125646,1,44941,0.004483,-0.009463,0.094063,48.6
2,1778095806.6629796,1,44991,0.004381,-0.009367,0.094275,48.6
2,1778095806.7238648,1,45053,0.004275,-0.009247,0.094486,48.6
2,1778095806.7628896,1,45092,0.004196,-0.00915,0.094657,48.6
2,1778095806.8166873,1,45142,0.004085,-0.009013,0.094888,48.6
2,1778095806.8629334,1,45191,0.003954,-0.008867,0.095114,48.6
2,1778095806.9177608,1,45241,0.003811,-0.008705,0.095343,48.6
2,1778095806.963053,1,45291,0.003654,-0.008526,0.095504,48.6
2,1778095807.0129752,1,45341,0.003488,-0.008324,0.095741,48.6
2,1778095807.0621958,1,45391,0.003364,-0.008175,0.095888,48.6
2,1778095807.1140409,1,45441,0.003119,-0.007894,0.096216,48.6
2,1778095807.176779,1,45503,0.002873,-0.007632,0.096516,48.6
2,1778095807.215818,1,45541,0.002704,-0.007445,0.096627,48.6
2,1778095807.2741644,1,45596,0.002467,-0.007164,0.096907,48.6
2,1778095807.312973,1,45641,0.002262,-0.006906,0.097137,48.6
2,1778095807.3646958,1,45691,0.00205,-0.006635,0.097349,48.6
2,1778095807.4137058,1,45741,0.001783,-0.006307,0.097651,48.6
2,1778095807.4628716,1,45791,0.001523,-0.006009,0.097945,48.6
2,1778095807.5143297,1,45841,0.001306,-0.005762,0.098109,48.6
2,1778095807.5634534,1,45891,0.000978,-0.005387,0.098299,48.6
2,1778095807.6269562,1,45956,0.000647,-0.004996,0.098555,48.6
2,1778095807.6640587,1,45991,0.000421,-0.004719,0.098519,48.6
2,1778095807.721369,1,46048,0.000136,-0.004354,0.098785,48.6
2,1778095807.7627275,1,46091,-0.000154,-0.003982,0.098988,48.6
2,1778095807.8138928,1,46141,-0.000424,-0.003644,0.099225,48.6
2,1778095807.8637261,1,46192,-0.000766,-0.003218,0.099368,48.6
2,1778095807.9155936,1,46241,-0.001084,-0.002819,0.099553,48.6
2,1778095807.9624486,1,46291,-0.001349,-0.002484,0.099796,48.6
2,1778095808.0121377,1,46341,-0.001718,-0.001999,0.100096,48.6
2,1778095808.0814886,1,46408,-0.002211,-0.001354,0.100426,48.6
2,1778095808.1143374,1,46441,-0.002434,-0.001073,0.100599,48.6
2,1778095808.1728194,1,46498,-0.002896,-0.000506,0.100826,48.6
2,1778095808.2199905,1,46542,-0.003253,-7.5e-05,0.101009,48.6
2,1778095808.2619739,1,46591,-0.00365,0.000417,0.101196,48.6
2,1778095808.3130398,1,46642,-0.004053,0.000925,0.101345,48.6
2,1778095808.3629913,1,46691,-0.004427,0.001389,0.101556,48.6
2,1778095808.4129128,1,46741,-0.004816,0.001855,0.101724,48.6
2,1778095808.4651687,1,46791,-0.00536,0.002481,0.102028,48.6
2,1778095808.5299852,1,46858,-0.00597,0.00318,0.102291,48.6
2,1778095808.5664208,1,46891,-0.006253,0.003514,0.102348,48.6
2,1778095808.6257463,1,46948,-0.006826,0.004204,0.102576,48.6
2,1778095808.6656177,1,46991,-0.007267,0.004739,0.102752,48.6
2,1778095808.7125523,1,47041,-0.007766,0.005338,0.103071,48.6
2,1778095808.767508,1,47092,-0.008286,0.005948,0.103232,48.6
2,1778095808.8118455,1,47141,-0.008821,0.006568,0.103486,48.6
2,1778095808.8622644,1,47191,-0.009255,0.007075,0.103637,48.6
2,1778095808.9129508,1,47241,-0.00991,0.007853,0.103946,48.6
2,1778095808.9807642,1,47309,-0.010681,0.008785,0.104196,48.6
2,1778095809.0124986,1,47341,-0.011022,0.009188,0.104356,48.6
2,1778095809.0730653,1,47398,-0.011656,0.009939,0.104661,48.6
2,1778095809.1119437,1,47441,-0.012188,0.010568,0.10486,48.6
2,1778095809.163364,1,47491,-0.012786,0.011276,0.104992,48.6
2,1778095809.2166202,1,47541,-0.013331,0.011922,0.105172,48.6
2,1778095809.2619643,1,47591,-0.014007,0.012717,0.105436,48.6
2,1778095809.3118632,1,47641,-0.01457,0.013374,0.105664,48.6
2,1778095809.36199,1,47691,-0.015274,0.01419,0.106002,48.6
2,1778095809.4279,1,47757,-0.01612,0.015179,0.106302,48.6
2,1778095809.4642396,1,47791,-0.01658,0.015723,0.106367,48.6
2,1778095809.518134,1,47847,-0.017304,0.016585,0.106572,48.6
2,1778095809.5619159,1,47891,-0.017904,0.017298,0.106738,48.6
2,1778095809.6122832,1,47941,-0.018579,0.018097,0.107022,48.6
2,1778095809.6665232,1,47991,-0.019264,0.018904,0.107188,48.6
2,1778095809.7118778,1,48041,-0.019946,0.019728,0.107458,48.6
2,1778095809.76253,1,48091,-0.020497,0.0204,0.107568,48.6
2,1778095809.811979,1,48141,-0.021338,0.021427,0.107729,48.6
2,1778095809.8831367,1,48207,-0.022192,0.022474,0.107948,48.6
2,1778095809.9147828,1,48242,-0.02277,0.023176,0.108007,48.6
2,1778095809.9739404,1,48299,-0.023577,0.024149,0.108235,48.6
2,1778095810.0120537,1,48341,-0.024251,0.024951,0.108444,48.6
2,1778095810.067862,1,48391,-0.024933,0.025756,0.108641,48.6
2,1778095810.112938,1,48442,-0.025781,0.026752,0.108817,48.6
2,1778095810.1619651,1,48491,-0.026561,0.027668,0.109015,48.6
2,1778095810.2130315,1,48541,0.003136,-0.007573,0.109151,48.6
2,1778095810.2643604,1,48591,0.003467,-0.008011,0.109422,48.6
2,1778095810.3284025,1,48657,0.003443,-0.007994,0.109814,48.6
2,1778095810.361865,1,48691,0.003422,-0.007979,0.10988,48.6
2,1778095810.4196975,1,48747,0.003383,-0.007947,0.110102,48.6
2,1778095810.4618726,1,48791,0.00334,-0.007915,0.110234,48.6
2,1778095810.511956,1,48841,0.003283,-0.007876,0.110455,48.6
2,1778095810.5635376,1,48891,0.003214,-0.007826,0.110653,48.6
2,1778095810.6119123,1,48941,0.003138,-0.00776,0.110909,48.6
2,1778095810.6619453,1,48991,0.003068,-0.007691,0.111059,48.6
2,1778095810.713209,1,49041,0.002956,-0.007578,0.111241,48.6
2,1778095810.7793772,1,49108,0.0028,-0.007427,0.111532,48.6
2,1778095810.8127806,1,49141,0.002726,-0.007362,0.111578,48.6
2,1778095810.8696704,1,49198,0.002559,-0.007228,0.111824,48.6
2,1778095810.9149637,1,49241,0.002424,-0.007123,0.112045,48.6
2,1778095810.9638295,1,49291,0.002258,-0.006994,0.112442,48.6
2,1778095811.0155776,1,49341,0.002102,-0.006856,0.11261,48.6
2,1778095811.0617604,1,49391,0.001909,-0.006677,0.112852,48.6
2,1778095811.1156747,1,49441,0.001759,-0.006543,0.112981,48.6
2,1778095811.161845,1,49491,0.001511,-0.006339,0.113263,48.6
2,1778095811.2348907,1,49559,0.001213,-0.006084,0.113549,48.6
2,1778095811.2619832,1,49591,0.001077,-0.005969,0.113718,48.6
2,1778095811.3230827,1,49649,0.000786,-0.005731,0.113975,48.6
2,1778095811.3619251,1,49691,0.000578,-0.005569,0.114157,48.6
2,1778095811.413774,1,49742,0.000302,-0.00536,0.114339,48.6
2,1778095811.463788,1,49791,4.1e-05,-0.005166,0.114518,48.6
2,1778095811.5125775,1,49841,-0.000285,-0.004905,0.114759,48.6
2,1778095811.5655887,1,49891,-0.000558,-0.004675,0.115,48.6
2,1778095811.6118941,1,49941,-0.000906,-0.004385,0.11527,48.6
2,1778095811.6807244,1,50010,0.003688,-0.008091,0.115489,49.6
2,1778095811.7129383,1,50041,0.003685,-0.008089,0.115524,48.6
2,1778095811.7714272,1,50100,0.003662,-0.008079,0.115792,48.6
2,1778095811.8126285,1,50141,0.003633,-0.008064,0.115896,48.6
2,1778095811.867472,1,50192,0.00359,-0.008035,0.116196,48.6
2,1778095811.91277,1,50241,0.003525,-0.00799,0.116408,48.6
2,1778095811.9618776,1,50291,0.003442,-0.007948,0.116621,49.6
2,1778095812.0157993,1,50341,0.003343,-0.007914,0.116802,48.6
2,1778095812.0637455,1,50391,0.003208,-0.007869,0.116986,48.6
2,1778095812.1369345,1,50460,0.003029,-0.007776,0.117152,48.6
2,1778095812.1646552,1,50491,0.002948,-0.007724,0.117321,48.6
2,1778095812.2241354,1,50550,0.0028,-0.007609,0.117605,48.6
2,1778095812.2636833,1,50591,0.002666,-0.007501,0.117825,48.6
2,1778095812.311905,1,50642,0.002518,-0.007391,0.118001,49.6
2,1778095812.3623934,1,50691,0.002303,-0.007275,0.118235,48.6
2,1778095812.4226875,1,50741,0.002104,-0.007189,0.118471,48.6
2,1778095812.462484,1,50791,0.00187,-0.007096,0.118672,48.6
2,1778095812.5140111,1,50841,0.00163,-0.00698,0.119006,48.6
2,1778095812.5848377,1,50910,0.001267,-0.006749,0.11937,48.6
2,1778095812.6125093,1,50941,0.001113,-0.006648,0.119541,48.6
2,1778095812.672086,1,51000,0.000793,-0.006447,0.119854,49.6
2,1778095812.7118561,1,51041,0.000571,-0.006318,0.11998,48.6
2,1778095812.762385,1,51092,0.000277,-0.00615,0.120207,48.6
2,1778095812.8169942,1,51141,-2e-05,-0.005957,0.120386,48.6
2,1778095812.863738,1,51191,-0.000318,-0.005727,0.120728,48.6
2,1778095812.9118333,1,51241,-0.000587,-0.005502,0.12089,48.6
2,1778095812.9667394,1,51291,-0.000902,-0.005242,0.121126,48.6
2,1778095813.0317476,1,51342,-0.001167,-0.005034,0.121217,49.6
2,1778095813.0629842,1,51391,-0.001629,-0.004689,0.121554,49.6
2,1778095813.12572,1,51450,-0.002073,-0.004355,0.121805,49.6
2,1778095813.1643586,1,51491,-0.002367,-0.004115,0.122081,48.6
2,1778095813.2124732,1,51542,-0.002747,-0.003794,0.122366,49.6
2,1778095813.2659974,1,51591,-0.003102,-0.003492,0.122533,48.6
2,1778095813.3118935,1,51641,-0.003553,-0.00312,0.122761,48.6
2,1778095813.3659,1,51692,-0.003975,-0.002784,0.122904,48.6
2,1778095813.411955,1,51741,-0.004401,-0.002441,0.123126,48.6
2,1778095813.4817944,1,51792,-0.004705,-0.002192,0.123277,48.6
2,1778095813.51184,1,51841,0.003148,-0.008789,0.123504,48.6
2,1778095813.5734076,1,51900,0.003137,-0.008753,0.123718,48.6
2,1778095813.6125538,1,51941,0.00313,-0.008722,0.123938,48.6
2,1778095813.661859,1,51991,0.003107,-0.008679,0.124138,48.6
2,1778095813.7139757,1,52041,0.003066,-0.008631,0.12429,48.6
2,1778095813.7617972,1,52091,0.003017,-0.008586,0.124517,48.6
2,1778095813.8117929,1,52141,0.002962,-0.008525,0.124755,48.6
2,1778095813.8654237,1,52191,0.002898,-0.008439,0.125009,48.6
2,1778095813.9309525,1,52241,0.002835,-0.008361,0.125166,48.6
2,1778095813.9647324,1,52291,0.002724,-0.008236,0.125282,48.6
2,1778095814.0224023,1,52351,0.002597,-0.008104,0.125566,49.6
2,1778095814.06842,1,52391,0.002503,-0.008009,0.125717,48.6
2,1778095814.1118803,1,52441,0.002379,-0.007874,0.125939,48.6
2,1778095814.1639113,1,52491,0.002246,-0.007724,0.126149,48.6
2,1778095814.2128558,1,52541,0.002108,-0.00756,0.126322,48.6
2,1778095814.2637289,1,52591,0.001975,-0.0074,0.126509,48.6
2,1778095814.3119407,1,52641,0.001794,-0.007199,0.126736,48.6
2,1778095814.3803837,1,52691,0.001666,-0.007075,0.126843,48.6
2,1778095814.4125526,1,52741,0.001412,-0.006835,0.127014,48.6
2,1778095814.472437,1,52800,0.001183,-0.006618,0.127273,48.6
2,1778095814.5118597,1,52841,0.000984,-0.006434,0.127445,48.6
2,1778095814.5647025,1,52892,0.00077,-0.006241,0.127636,48.6
2,1778095814.6119225,1,52941,0.000481,-0.005998,0.12784,48.6
2,1778095814.6617663,1,52991,0.000203,-0.005768,0.127929,48.6
2,1778095814.7137413,1,53041,-5.8e-05,-0.005548,0.128102,48.6
2,1778095814.7634087,1,53091,-0.000358,-0.005295,0.128366,49.6
2,1778095814.8126369,1,53141,-0.000608,-0.005083,0.128561,49.6
2,1778095814.863808,1,53191,-0.001035,-0.004727,0.128758,48.6
2,1778095814.9223187,1,53251,-0.001452,-0.004393,0.128999,48.6
2,1778095814.9652622,1,53291,-0.001735,-0.004165,0.12909,49.6
2,1778095815.011908,1,53342,-0.002103,-0.003873,0.129334,49.6
2,1778095815.0662434,1,53391,0.003739,-0.008667,0.129494,48.6
2,1778095815.1117492,1,53442,0.003781,-0.008716,0.129756,49.6
2,1778095815.166845,1,53491,0.003773,-0.008697,0.129893,48.6
2,1778095815.2117238,1,53542,0.003756,-0.008672,0.130071,49.6
2,1778095815.2694244,1,53591,0.003733,-0.008649,0.130182,48.6
2,1778095815.3147771,1,53641,0.003672,-0.008595,0.130406,48.6
2,1778095815.3727653,1,53701,0.003605,-0.008526,0.130623,49.6
2,1778095815.414404,1,53742,0.003567,-0.008479,0.130767,49.6
2,1778095815.4622996,1,53792,0.003496,-0.00839,0.130979,48.6
2,1778095815.5124469,1,53841,0.003421,-0.008309,0.131153,49.6
2,1778095815.561868,1,53891,0.00332,-0.008211,0.131379,48.6
2,1778095815.6123133,1,53941,0.00322,-0.008119,0.131526,48.6
2,1778095815.6618726,1,53991,0.003112,-0.008013,0.131756,48.6
2,1778095815.7129874,1,54041,0.003029,-0.007935,0.131883,49.6
2,1778095815.7634327,1,54091,0.002863,-0.007778,0.132223,48.6
2,1778095815.8232708,1,54150,0.002695,-0.007626,0.132544,49.6
2,1778095815.8631613,1,54191,0.00257,-0.00752,0.132663,48.6
2,1778095815.9135983,1,54241,0.002393,-0.007385,0.132835,49.6
2,1778095815.9650407,1,54291,0.002197,-0.00724,0.133037,48.6
2,1778095816.0129817,1,54341,0.001987,-0.007088,0.133338,49.6
2,1778095816.0624611,1,54391,0.001767,-0.006928,0.133534,48.6
2,1778095816.1123598,1,54441,0.00153,-0.006755,0.13382,49.6
2,1778095816.1638725,1,54491,0.001355,-0.006626,0.13395,49.6
2,1778095816.2118452,1,54541,0.00101,-0.006378,0.134252,49.6
2,1778095816.2725706,1,54600,0.000672,-0.006135,0.134489,49.6
2,1778095816.3148682,1,54641,0.00044,-0.005959,0.134663,49.6
2,1778095816.362761,1,54691,0.000145,-0.005728,0.13498,49.6
2,1778095816.4125037,1,54741,-0.000156,-0.005483,0.135195,48.6
2,1778095816.4618535,1,54791,-0.000468,-0.00523,0.135439,49.6
2,1778095816.514469,1,54841,-0.000727,-0.005016,0.13557,48.6
2,1778095816.5616214,1,54891,-0.001124,-0.004689,0.135789,49.6
2,1778095816.6138747,1,54941,-0.001358,-0.004492,0.135914,48.6
2,1778095816.661896,1,54991,-0.001801,-0.004106,0.136275,49.6
2,1778095816.7212653,1,55050,-0.002181,-0.003767,0.136496,49.6
2,1778095816.7617886,1,55091,-0.002502,-0.003478,0.136613,49.6
2,1778095816.8125024,1,55141,-0.00286,-0.003155,0.136783,49.6
2,1778095816.86173,1,55191,-0.003218,-0.002823,0.136971,49.6
2,1778095816.9137602,1,55241,-0.003547,-0.002515,0.137152,49.6
2,1778095816.963662,1,55291,0.002939,-0.008874,0.137353,49.6
2,1778095817.0129857,1,55341,0.002944,-0.008878,0.137534,49.6
2,1778095817.0618525,1,55391,0.002935,-0.008872,0.137715,49.6
2,1778095817.1129029,1,55441,0.002901,-0.008851,0.137954,49.6
2,1778095817.173355,1,55502,0.002853,-0.008811,0.138173,49.6
2,1778095817.2147176,1,55541,0.002813,-0.008779,0.138352,48.6
2,1778095817.2660105,1,55592,0.00275,-0.00873,0.138647,49.6
2,1778095817.3186362,1,55641,0.002676,-0.008666,0.138834,49.6
2,1778095817.3618243,1,55691,0.002587,-0.008592,0.139088,49.6
2,1778095817.415257,1,55741,0.002498,-0.008514,0.139209,48.6
2,1778095817.4616725,1,55792,0.002383,-0.008429,0.13943,48.6
2,1778095817.5130439,1,55841,0.002285,-0.008357,0.139522,48.6
2,1778095817.5635595,1,55891,0.002102,-0.008226,0.139788,49.6
2,1778095817.6249533,1,55952,0.001919,-0.008087,0.140013,49.6
2,1778095817.6627433,1,55991,0.001802,-0.007997,0.140151,48.6
2,1778095817.7166574,1,56042,0.001603,-0.007834,0.140359,49.6
2,1778095817.7618964,1,56091,0.001425,-0.007694,0.140505,49.6
2,1778095817.8132372,1,56141,0.001197,-0.00751,0.140696,49.6
2,1778095817.8625543,1,56191,0.000977,-0.007333,0.140855,49.6
2,1778095817.912402,1,56241,0.000749,-0.007141,0.141111,49.6
2,1778095817.9617844,1,56291,0.000583,-0.007001,0.141285,49.6
2,1778095818.0133207,1,56341,0.000262,-0.006737,0.14155,49.6
2,1778095818.078824,1,56403,-4.7e-05,-0.006479,0.141832,49.6
2,1778095818.1119165,1,56441,-0.000253,-0.006298,0.141942,49.6
2,1778095818.163775,1,56492,-0.000524,-0.006053,0.142128,49.6
2,1778095818.2132761,1,56541,-0.000781,-0.005818,0.142265,49.6
2,1778095818.263861,1,56591,-0.001105,-0.005527,0.142525,49.6
2,1778095818.3145578,1,56641,-0.001416,-0.005257,0.142674,49.6
2,1778095818.3646727,1,56691,-0.001734,-0.004977,0.143034,49.6
2,1778095818.4185226,1,56741,-0.001964,-0.004772,0.143209,49.6
2,1778095818.4627042,1,56791,-0.00241,-0.004388,0.143522,49.6
2,1778095818.5253649,1,56853,-0.002835,-0.004025,0.143818,48.6
2,1778095818.5623362,1,56891,-0.003133,-0.003776,0.143998,49.6
2,1778095818.6127543,1,56942,-0.003518,-0.00346,0.144201,49.6
2,1778095818.6659224,1,56991,-0.003909,-0.003134,0.144414,49.6
2,1778095818.7124987,1,57041,-0.004312,-0.002799,0.14457,49.6
2,1778095818.7619598,1,57091,-0.004688,-0.002487,0.144713,49.6
2,1778095818.811755,1,57141,-0.005153,-0.002086,0.144958,49.6
2,1778095818.861735,1,57191,-0.005456,-0.001816,0.145028,49.6
2,1778095818.9132583,1,57241,-0.006034,-0.001303,0.145289,49.6
2,1778095818.9742758,1,57303,-0.006536,-0.000862,0.1455,49.6
2,1778095819.0133803,1,57341,-0.006955,-0.000492,0.145706,49.6
2,1778095819.064265,1,57393,-0.007426,-6.2e-05,0.14592,49.6
2,1778095819.1116602,1,57441,-0.0079,0.000375,0.146024,49.6
2,1778095819.1624634,1,57491,-0.008328,0.000773,0.146231,49.6
2,1778095819.2116888,1,57541,-0.00881,0.001226,0.146344,49.6
2,1778095819.26251,1,57592,-0.009345,0.001731,0.146578,49.6
2,1778095819.3117232,1,57641,-0.009693,0.002063,0.146679,49.6
2,1778095819.3626146,1,57691,-0.010351,0.002699,0.146882,48.6
2,1778095819.425834,1,57753,-0.011025,0.003367,0.147062,49.6
2,1778095819.4619179,1,57791,-0.011392,0.003732,0.147204,49.6
2,1778095819.5146248,1,57843,-0.011927,0.004265,0.147402,49.6
2,1778095819.5638604,1,57891,-0.012474,0.004804,0.147593,49.6
2,1778095819.6118925,1,57941,-0.013033,0.005352,0.147913,49.6
2,1778095819.6639476,1,57991,-0.013541,0.00586,0.148087,49.6
2,1778095819.7139032,1,58042,-0.014117,0.006438,0.148343,49.6
2,1778095819.7646787,1,58091,-0.014589,0.006912,0.148443,49.6
2,1778095819.817759,1,58141,-0.015376,0.007701,0.14878,49.6
2,1778095819.8748078,1,58204,-0.016173,0.00851,0.149074,49.6
2,1778095819.9116807,1,58241,-0.016546,0.00889,0.149182,49.6
2,1778095819.9645402,1,58293,-0.017235,0.009596,0.149393,49.6
2,1778095820.0117002,1,58341,-0.017875,0.010249,0.149579,49.6
2,1778095820.0635471,1,58391,-0.018537,0.010918,0.1498,49.6
2,1778095820.1142108,1,58441,-0.019208,0.011598,0.149987,49.6
2,1778095820.1625264,1,58491,-0.019886,0.012282,0.15021,49.6
2,1778095820.211878,1,58541,-0.020369,0.012769,0.150362,49.6
2,1778095820.2626245,1,58591,-0.021286,0.013685,0.150642,49.6
2,1778095820.3288772,1,58655,-0.022221,0.014619,0.150865,49.6
2,1778095820.361733,1,58691,-0.022729,0.015129,0.150915,49.6
2,1778095820.4138014,1,58742,-0.02346,0.015861,0.151189,49.6
2,1778095820.4642344,1,58791,-0.024123,0.016532,0.151316,49.6
2,1778095820.5118365,1,58841,-0.024945,0.017352,0.151569,49.6
2,1778095820.5650935,1,58891,-0.025699,0.018108,0.151701,49.6
2,1778095820.6122634,1,58941,-0.026454,0.018875,0.151888,49.6
2,1778095820.6627383,1,58991,-0.027141,0.019568,0.151981,49.6
2,1778095820.7125702,1,59041,-0.027991,0.020419,0.152208,49.6
2,1778095820.7798297,1,59104,-0.029002,0.021439,0.152449,49.6
2,1778095820.8122907,1,59141,-0.029558,0.021997,0.152588,49.6
2,1778095820.866451,1,59195,-0.030448,0.022881,0.152811,49.6
2,1778095820.9117305,1,59241,-0.031187,0.023608,0.153002,49.6
2,1778095820.9625125,1,59291,-0.032017,0.024426,0.153217,49.6
2,1778095821.0123158,1,59341,-0.032858,0.025253,0.153376,49.6
2,1778095821.0667124,1,59391,-0.03371,0.026086,0.153595,49.6
2,1778095821.1117911,1,59441,0.000581,-0.007669,0.153759,49.6
2,1778095821.162835,1,59491,0.000937,-0.008002,0.15397,49.6
2,1778095821.2264764,1,59554,0.000901,-0.007987,0.154185,49.6
2,1778095821.2647858,1,59591,0.000868,-0.007974,0.154303,49.6
2,1778095821.3155453,1,59644,0.000811,-0.007948,0.154495,49.6
2,1778095821.3626778,1,59691,0.000739,-0.007917,0.154657,49.6
2,1778095821.4119096,1,59741,0.000671,-0.00788,0.154827,49.6
2,1778095821.4657922,1,59791,0.000579,-0.007821,0.154923,49.6
2,1778095821.5118463,1,59841,0.000486,-0.007755,0.155147,49.6
2,1778095821.5669172,1,59891,0.000398,-0.007692,0.155283,49.6
2,1778095821.61178,1,59941,0.000253,-0.007588,0.155508,49.6
2,1778095821.677802,1,60005,7.7e-05,-0.007476,0.155733,49.6
2,1778095821.7118568,1,60041,-2.6e-05,-0.007411,0.155941,49.6
2,1778095821.7704518,1,60095,-0.000192,-0.0073,0.156102,49.6
2,1778095821.81359,1,60141,-0.000333,-0.007196,0.15631,49.6
2,1778095821.8715262,1,60191,-0.000499,-0.007059,0.156539,49.6
2,1778095821.9116762,1,60241,-0.000676,-0.006904,0.156747,49.6
2,1778095821.962456,1,60291,-0.000858,-0.006735,0.156982,49.6
2,1778095822.0128176,1,60341,-0.001011,-0.006591,0.157134,49.6
2,1778095822.064184,1,60391,-0.001261,-0.006365,0.157384,49.6
2,1778095822.1257026,1,60455,-0.001563,-0.00611,0.157651,49.6
2,1778095822.161791,1,60491,-0.001709,-0.005985,0.157747,49.6
2,1778095822.2163553,1,60546,-0.002008,-0.005719,0.157989,49.6
2,1778095822.262081,1,60591,-0.00224,-0.005504,0.158129,49.6
2,1778095822.3122597,1,60641,-0.002506,-0.005246,0.158391,49.6
2,1778095822.3627465,1,60691,-0.002753,-0.005009,0.158489,49.6
2,1778095822.4118938,1,60741,-0.003077,-0.004718,0.158728,49.6
2,1778095822.4619627,1,60791,-0.003352,-0.00448,0.15887,49.6
2,1778095822.5119808,1,60841,-0.003701,-0.004177,0.159089,49.6
2,1778095822.578768,1,60905,0.000977,-0.008175,0.159261,49.6
2,1778095822.611666,1,60942,0.000978,-0.008175,0.159324,49.6
2,1778095822.6678324,1,60995,0.000965,-0.008168,0.159507,49.6
2,1778095822.7118344,1,61041,0.000944,-0.008156,0.159641,49.6
2,1778095822.7617867,1,61091,0.000911,-0.008133,0.159894,49.6
2,1778095822.8119226,1,61141,0.000872,-0.008109,0.160042,49.6
2,1778095822.862221,1,61191,0.000818,-0.008074,0.160223,49.6
2,1778095822.913971,1,61241,0.000771,-0.008041,0.160328,49.6
2,1778095822.961664,1,61291,0.000977,-0.00817,0.160574,49.6
2,1778095823.0269535,1,61355,0.000953,-0.008146,0.160784,49.6
2,1778095823.0622172,1,61391,0.00094,-0.008129,0.160833,49.6
2,1778095823.1157641,1,61445,0.000909,-0.008096,0.161137,49.6
2,1778095823.1620953,1,61491,0.000881,-0.008057,0.161331,49.6
2,1778095823.2158017,1,61541,0.000853,-0.008007,0.161537,49.6
2,1778095823.2617574,1,61592,0.000807,-0.007933,0.161731,49.6
2,1778095823.3117683,1,61641,0.000748,-0.007855,0.161905,49.6
2,1778095823.3617923,1,61691,0.000689,-0.007786,0.162042,49.6
2,1778095823.4118123,1,61741,0.000594,-0.007672,0.162355,49.6
2,1778095823.4795654,1,61807,0.000486,-0.007548,0.162605,49.6
2,1778095823.5138571,1,61841,0.000405,-0.00746,0.162632,49.6
2,1778095823.5666447,1,61896,0.000294,-0.007346,0.162893,49.6
2,1778095823.6127498,1,61941,0.000165,-0.007226,0.163069,49.6
2,1778095823.6619096,1,61991,4.3e-05,-0.007108,0.163274,49.6
2,1778095823.7139425,1,62041,-0.000119,-0.006938,0.163471,49.6
2,1778095823.7618425,1,62091,-0.000274,-0.006767,0.16375,49.6
2,1778095823.8162484,1,62141,-0.000401,-0.006618,0.1639,49.6
2,1778095823.8646321,1,62191,-0.000581,-0.006403,0.164141,49.6
2,1778095823.927805,1,62256,-0.000813,-0.006125,0.164352,49.6
2,1778095823.9618087,1,62292,-0.000957,-0.005942,0.164346,49.6
2,1778095824.0165749,1,62345,-0.00116,-0.00568,0.164542,49.6
2,1778095824.061818,1,62391,-0.001339,-0.005452,0.164712,49.6
2,1778095824.1129982,1,62441,-0.001553,-0.005188,0.164912,49.6
2,1778095824.161969,1,62491,-0.001774,-0.004916,0.165138,49.6
2,1778095824.2127488,1,62541,-0.002002,-0.004627,0.165346,49.6
2,1778095824.2635756,1,62591,0.00102,-0.008552,0.165498,49.6
2,1778095824.3144424,1,62641,0.001063,-0.008613,0.165747,49.6
2,1778095824.3766842,1,62706,0.001044,-0.008592,0.166004,49.6
2,1778095824.4137132,1,62742,0.001034,-0.008574,0.166103,49.6
2,1778095824.4668272,1,62796,0.001004,-0.008533,0.166332,49.6
2,1778095824.512809,1,62841,0.000972,-0.008489,0.166508,49.6
2,1778095824.5619268,1,62891,0.000932,-0.008422,0.166743,49.6
2,1778095824.6136117,1,62941,0.00089,-0.008343,0.166864,49.6
2,1778095824.661983,1,62991,0.000835,-0.008235,0.167134,49.6
2,1778095824.7157972,1,63041,0.000779,-0.008136,0.167291,49.6
2,1778095824.761755,1,63091,0.000696,-0.007994,0.167542,49.6
2,1778095824.8293598,1,63156,0.000575,-0.007807,0.167771,49.6
2,1778095824.8627336,1,63191,0.000506,-0.007699,0.167808,49.6
2,1778095824.9180095,1,63246,0.000394,-0.007515,0.167941,49.6
2,1778095824.9617438,1,63291,0.000298,-0.007354,0.168069,49.6
2,1778095825.013008,1,63341,0.000182,-0.007171,0.168275,49.6
2,1778095825.0624444,1,63391,6.7e-05,-0.007005,0.168441,49.6
2,1778095825.1116314,1,63441,-9e-05,-0.006798,0.168713,49.6
2,1778095825.161856,1,63491,-0.000237,-0.006616,0.168882,49.6
2,1778095825.2125978,1,63541,-0.000434,-0.006379,0.169045,49.6
2,1778095825.277539,1,63606,-0.000691,-0.006085,0.169329,49.6
2,1778095825.3121796,1,63641,-0.000835,-0.005925,0.1694,49.6
2,1778095825.3678014,1,63697,-0.00108,-0.005667,0.169678,49.6
2,1778095825.4115756,1,63741,-0.001293,-0.005447,0.169873,49.6
2,1778095825.4619489,1,63791,-0.001541,-0.005194,0.170237,49.6
2,1778095825.5137856,1,63842,-0.001799,-0.004923,0.170414,49.6
2,1778095825.5622275,1,63891,-0.002072,-0.004636,0.170626,49.6
2,1778095825.6123343,1,63941,-0.002296,-0.004392,0.170772,49.6
2,1778095825.6624649,1,63991,-0.00264,-0.004013,0.171093,49.6
2,1778095825.7303038,1,64056,-0.002996,-0.003615,0.171338,49.6
2,1778095825.7619798,1,64091,-0.00324,-0.003341,0.171354,49.6
2,1778095825.8185315,1,64147,-0.003596,-0.002948,0.171614,49.6
2,1778095825.8616123,1,64191,-0.003895,-0.002616,0.171789,49.6
2,1778095825.9126964,1,64241,-0.004205,-0.00228,0.172035,49.6
2,1778095825.961953,1,64292,-0.004593,-0.001859,0.172261,49.6
2,1778095826.0159156,1,64341,-0.004959,-0.001461,0.172573,49.6
2,1778095826.062766,1,64391,-0.005264,-0.001128,0.172761,49.6
2,1778095826.1117358,1,64441,-0.005694,-0.000651,0.173047,49.6
2,1778095826.177523,1,64507,-0.006223,-5e-05,0.173261,49.6
2,1778095826.211669,1,64541,-0.006543,0.000312,0.173287,49.6
2,1778095826.2675653,1,64597,-0.006997,0.000828,0.173491,49.6
2,1778095826.3166685,1,64641,-0.007372,0.001262,0.173625,49.6
2,1778095826.3717983,1,64691,-0.007793,0.001753,0.173834,49.6
2,1778095826.4129097,1,64742,-0.008228,0.002257,0.173981,49.6
2,1778095826.4617267,1,64791,-0.008671,0.002776,0.17414,49.6
2,1778095826.5118074,1,64841,-0.009036,0.003196,0.174285,49.6
2,1778095826.5617583,1,64891,-0.009551,0.003779,0.174493,49.6
2,1778095826.628924,1,64956,-0.010225,0.004544,0.174785,49.6
2,1778095826.6618752,1,64991,-0.010518,0.004874,0.174928,49.6
2,1778095826.7177484,1,65047,-0.011114,0.005539,0.175215,49.6
2,1778095826.761732,1,65091,-0.011575,0.006045,0.175405,49.6
2,1778095826.8119419,1,65141,-0.012105,0.00661,0.175683,49.6
2,1778095826.862777,1,65191,-0.012598,0.007125,0.1758,49.6
2,1778095826.9118445,1,65241,-0.013217,0.007765,0.176064,49.6
2,1778095826.9635007,1,65291,-0.013671,0.008236,0.176212,49.6
2,1778095827.0117605,1,65341,-0.01437,0.008955,0.176507,49.6
2,1778095827.0788956,1,65407,-0.015141,0.009759,0.176768,49.6
2,1778095827.1118183,1,65441,-0.015564,0.010201,0.176904,49.6
2,1778095827.1708102,1,65498,-0.01624,0.010896,0.177159,49.6
2,1778095827.2124207,1,65541,-0.016801,0.011478,0.177323,49.6
2,1778095827.2647743,1,65591,-0.017426,0.012135,0.177544,49.6
2,1778095827.3116748,1,65642,-0.017999,0.012734,0.177652,49.6
2,1778095827.362253,1,65691,-0.018703,0.013468,0.177847,49.6
2,1778095827.41149,1,65741,-0.019284,0.014073,0.177978,49.6
2,1778095827.4624562,1,65791,-0.020005,0.014825,0.178208,49.6
2,1778095827.5284672,1,65858,-0.020881,0.015724,0.178457,48.6
2,1778095827.5668526,1,65891,-0.021358,0.01621,0.178546,49.6
2,1778095827.6198573,1,65948,-0.022106,0.016974,0.178724,49.6
2,1778095827.6630547,1,65991,-0.022724,0.017609,0.178866,49.6
2,1778095827.7119246,1,66041,-0.023348,0.018253,0.179069,49.6
2,1778095827.7703257,1,66091,-0.024116,0.019052,0.179279,49.6
2,1778095827.811723,1,66141,-0.024824,0.019783,0.179501,49.6
2,1778095827.863279,1,66191,0.000132,-0.005288,0.179639,49.6
2,1778095827.9115314,1,66241,0.000545,-0.005647,0.179842,49.6
2,1778095827.978719,1,66308,0.000554,-0.005661,0.180037,49.6
2,1778095828.0155368,1,66341,0.000549,-0.005657,0.180166,49.6
2,1778095828.0688386,1,66398,0.000528,-0.005642,0.180476,49.6
2,1778095828.1126275,1,66441,0.000502,-0.005625,0.180629,49.6
2,1778095828.1616344,1,66492,0.000462,-0.005602,0.180771,49.6
2,1778095828.2131371,1,66542,0.000396,-0.005574,0.180894,49.6
2,1778095828.2679224,1,66591,0.000325,-0.005539,0.181019,49.6
2,1778095828.3133247,1,66641,0.000257,-0.005502,0.181131,49.6
2,1778095828.361819,1,66691,0.000153,-0.005445,0.181366,49.6
2,1778095828.4296653,1,66759,0.000518,-0.005692,0.18166,49.6
2,1778095828.4615316,1,66791,0.000517,-0.005692,0.181809,49.6
2,1778095828.5204618,1,66850,0.000517,-0.005692,0.182056,49.6
2,1778095828.5625794,1,66891,0.000507,-0.005691,0.182124,49.6
2,1778095828.611731,1,66942,0.000479,-0.005685,0.182272,49.6
2,1778095828.6617835,1,66992,0.000445,-0.00567,0.182462,49.6
2,1778095828.7116678,1,67041,0.000404,-0.005645,0.182678,49.6
2,1778095828.7617145,1,67091,0.000361,-0.005622,0.182816,49.6
2,1778095828.8137834,1,67141,0.000293,-0.005582,0.183053,49.6
2,1778095828.8797197,1,67208,0.00049,-0.005713,0.183271,49.6
2,1778095828.9118404,1,67241,0.00049,-0.005713,0.183302,49.6
2,1778095828.9707737,1,67298,0.000488,-0.0057,0.183542,49.6
2,1778095829.0116584,1,67341,0.000476,-0.005675,0.183688,49.6
2,1778095829.0615594,1,67391,0.000456,-0.005627,0.18393,49.6
2,1778095829.1124837,1,67441,0.000425,-0.005574,0.1841,49.6
2,1778095829.1618223,1,67491,0.00038,-0.0055,0.184305,49.6
2,1778095829.2155893,1,67541,0.000479,-0.005652,0.184391,49.6
2,1778095829.261488,1,67591,0.000497,-0.005671,0.184629,49.6
2,1778095829.3292184,1,67658,0.000488,-0.005656,0.184858,49.6
2,1778095829.3614745,1,67691,0.000478,-0.005648,0.184967,49.6
2,1778095829.4193945,1,67748,0.000457,-0.005632,0.185142,49.6
2,1778095829.4636014,1,67791,0.000431,-0.005615,0.185293,49.6
2,1778095829.5177596,1,67841,0.000394,-0.005591,0.185493,49.6
2,1778095829.5635638,1,67891,0.000343,-0.005555,0.185648,49.6
2,1778095829.6118438,1,67941,0.00028,-0.005505,0.185894,49.6
2,1778095829.6614463,1,67991,0.000216,-0.005454,0.185988,49.6
2,1778095829.7151656,1,68041,0.000111,-0.005369,0.186234,49.6
2,1778095829.780684,1,68109,-2.3e-05,-0.005245,0.1865,49.6
2,1778095829.8132322,1,68142,-8e-05,-0.00519,0.186586,49.6
2,1778095829.8697226,1,68199,-0.000204,-0.00507,0.186766,49.6
2,1778095829.912754,1,68241,-0.000292,-0.00498,0.1869,49.6
2,1778095829.961618,1,68292,-0.000409,-0.004863,0.187139,49.6
2,1778095830.013059,1,68341,-0.000544,-0.00474,0.187288,49.6
2,1778095830.0615456,1,68391,-0.000687,-0.004609,0.187444,49.6
2,1778095830.1136265,1,68441,0.000548,-0.00566,0.187609,49.6
2,1778095830.164866,1,68492,0.000627,-0.005754,0.187757,49.6
2,1778095830.2305365,1,68559,0.000629,-0.005755,0.187918,49.6
2,1778095830.2615051,1,68591,0.000626,-0.005749,0.188107,49.6
2,1778095830.3198912,1,68648,0.00061,-0.005727,0.188312,49.6
2,1778095830.3637385,1,68691,0.000584,-0.005697,0.188505,49.6
2,1778095830.4171424,1,68741,0.000548,-0.00566,0.188722,49.6
2,1778095830.4634078,1,68791,0.000495,-0.005616,0.188804,49.6
2,1778095830.5139163,1,68841,0.000421,-0.005566,0.188959,49.6
2,1778095830.5627658,1,68891,0.000603,-0.005705,0.189114,49.6
2,1778095830.6132665,1,68941,0.000635,-0.005736,0.189317,49.6
2,1778095830.6772625,1,69005,0.000636,-0.005738,0.189541,49.6
2,1778095830.7132175,1,69042,0.000635,-0.005738,0.18962,49.6
2,1778095830.773671,1,69098,0.000635,-0.005738,0.189806,49.6
2,1778095830.8123312,1,69141,0.000631,-0.005731,0.189994,49.6
2,1778095830.8614104,1,69191,0.000615,-0.00571,0.190172,49.6
2,1778095830.9118187,1,69241,0.000587,-0.005678,0.190318,49.6
2,1778095830.9627059,1,69291,0.000554,-0.005636,0.190528,49.6
2,1778095831.0159576,1,69341,0.000521,-0.005598,0.190672,49.6
2,1778095831.0626113,1,69391,0.000469,-0.005538,0.190891,49.6
2,1778095831.1318545,1,69459,0.000633,-0.005727,0.191129,49.6
2,1778095831.1614482,1,69491,0.000625,-0.005729,0.191162,49.6
2,1778095831.2235737,1,69548,0.0006,-0.005732,0.19135,49.6
2,1778095831.2615442,1,69591,0.000577,-0.005731,0.191494,49.6
2,1778095831.3196533,1,69641,0.000556,-0.005724,0.191695,49.6
2,1778095831.3616765,1,69691,0.000535,-0.005706,0.19184,49.6
2,1778095831.4114861,1,69741,0.000508,-0.00568,0.192005,49.6
2,1778095831.4643414,1,69791,0.000609,-0.005779,0.192109,49.6
2,1778095831.5119088,1,69841,0.000638,-0.005798,0.192377,49.6
2,1778095831.5802479,1,69909,0.000615,-0.005771,0.192537,49.6
2,1778095831.6169136,1,69941,0.000601,-0.005753,0.192618,49.6
2,1778095831.6707187,1,70001,0.000565,-0.005711,0.192814,49.6
2,1778095831.7116385,1,70041,0.000538,-0.005672,0.192968,49.6
2,1778095831.7627678,1,70092,0.000498,-0.005625,0.193161,49.6
2,1778095831.8113995,1,70141,0.000456,-0.005583,0.193315,49.6
2,1778095831.8614142,1,70191,0.000391,-0.005523,0.193577,49.6
2,1778095831.9115305,1,70241,0.000628,-0.005722,0.193756,49.6
2,1778095831.9651477,1,70291,0.000682,-0.00576,0.193961,49.6
2,1778095832.031228,1,70359,0.000681,-0.00576,0.194265,49.6
2,1778095832.0614378,1,70391,0.000673,-0.005758,0.194316,49.6
2,1778095832.1225321,1,70449,0.000646,-0.005744,0.194533,49.6
2,1778095832.1620862,1,70491,0.000619,-0.005727,0.194657,49.6
2,1778095832.2163634,1,70542,0.000577,-0.005707,0.194911,49.6
2,1778095832.263286,1,70592,0.000527,-0.00568,0.195076,49.6
2,1778095832.3113303,1,70641,0.000465,-0.005637,0.195247,49.6
2,1778095832.3622315,1,70691,0.000409,-0.005594,0.195345,49.6
2,1778095832.41168,1,70741,0.000321,-0.005525,0.1956,49.6
2,1778095832.4812891,1,70809,0.000205,-0.005425,0.195772,49.6
2,1778095832.5112665,1,70841,0.00015,-0.005376,0.195942,49.6
2,1778095832.5694625,1,70899,3.3e-05,-0.005277,0.196168,49.6
2,1778095832.613534,1,70941,-6.9e-05,-0.005191,0.196334,49.6
2,1778095832.6613228,1,70991,-0.000177,-0.005099,0.196424,49.6
2,1778095832.7112916,1,71041,-0.000332,-0.004972,0.196562,49.6
2,1778095832.76129,1,71091,-0.000469,-0.004859,0.196737,49.6
2,1778095832.8122401,1,71141,0.000642,-0.005852,0.196875,49.6
2,1778095832.862189,1,71191,0.000721,-0.005926,0.197087,49.6
2,1778095832.932353,1,71242,0.000723,-0.005929,0.197226,49.6
2,1778095832.9638145,1,71291,0.000723,-0.005929,0.197436,49.6
2,1778095833.0233476,1,71349,0.000723,-0.005929,0.197676,49.6
2,1778095833.0658026,1,71391,0.000724,-0.005929,0.19779,49.6
2,1778095833.111417,1,71442,0.000723,-0.005929,0.19799,49.6
2,1778095833.16367,1,71491,0.000709,-0.005921,0.19813,49.6
2,1778095833.211831,1,71541,0.000679,-0.005907,0.19832,49.6
2,1778095833.2614124,1,71591,0.000638,-0.005882,0.198506,49.6
2,1778095833.3113873,1,71641,0.000578,-0.005844,0.198708,49.6
2,1778095833.3805394,1,71692,0.000519,-0.005809,0.198863,49.6
2,1778095833.4144924,1,71741,0.000405,-0.005748,0.199017,49.6
2,1778095833.4764657,1,71799,0.00029,-0.005686,0.19927,49.6
2,1778095833.5118124,1,71841,0.000216,-0.005638,0.199398,49.6
2,1778095833.5661356,1,71891,8.8e-05,-0.00555,0.199586,49.6
2,1778095833.614992,1,71941,-3.1e-05,-0.005471,0.19965,49.6
2,1778095833.6639247,1,71991,-0.000188,-0.005359,0.199866,49.6
2,1778095833.723363,1,72042,0.00056,-0.005915,0.200041,49.6
2,1778095833.762912,1,72091,0.000607,-0.005949,0.200327,49.6
2,1778095833.830573,1,72141,0.000592,-0.005932,0.200427,49.6
2,1778095833.8645482,1,72191,0.000564,-0.005888,0.200664,49.6
2,1778095833.9214847,1,72249,0.000523,-0.005847,0.200843,49.6
2,1778095833.9634285,1,72291,0.000478,-0.005805,0.200979,49.6
2,1778095834.0132382,1,72341,0.000404,-0.005742,0.201147,49.6
2,1778095834.06286,1,72391,0.000641,-0.005932,0.201322,49.6
2,1778095834.1137636,1,72441,0.000656,-0.005936,0.201571,49.6
2,1778095834.1633823,1,72491,0.000628,-0.005923,0.20177,49.6
2,1778095834.213587,1,72541,0.000585,-0.005908,0.201947,49.6
2,1778095834.282705,1,72592,0.000544,-0.005895,0.202036,49.6
2,1778095834.3113751,1,72641,0.000458,-0.005868,0.202184,49.6
2,1778095834.3718271,1,72700,0.000362,-0.005831,0.202439,49.6
2,1778095834.4163928,1,72741,0.000613,-0.005933,0.202519,49.6
2,1778095834.4618688,1,72792,0.000631,-0.005939,0.202726,49.6
2,1778095834.5121872,1,72841,0.000633,-0.005939,0.202919,49.6
2,1778095834.5632112,1,72891,0.000633,-0.005939,0.203053,49.6
2,1778095834.6115193,1,72941,0.000633,-0.005939,0.203159,49.6
2,1778095834.6617036,1,72992,0.000634,-0.005939,0.203349,49.6
2,1778095834.7138767,1,73041,0.000634,-0.00594,0.20346,49.6
2,1778095834.7613804,1,73091,0.000634,-0.00594,0.203714,49.6
2,1778095834.8221557,1,73152,0.000634,-0.00594,0.203884,49.6
2,1778095834.8624365,1,73191,0.000635,-0.00594,0.204009,49.6
2,1778095834.911712,1,73242,0.000635,-0.00594,0.20417,49.6
2,1778095834.9613726,1,73291,0.000635,-0.00594,0.204353,49.6
2,1778095835.012802,1,73341,0.000635,-0.00594,0.204512,49.6
2,1778095835.062423,1,73391,0.000635,-0.00594,0.204727,49.6
2,1778095835.1154547,1,73441,0.000634,-0.005936,0.204912,49.6
2,1778095835.1667926,1,73491,0.000626,-0.005925,0.205045,49.6
2,1778095835.2128685,1,73541,0.000605,-0.005896,0.205298,49.6
2,1778095835.2721875,1,73601,0.000568,-0.005856,0.20556,49.6
2,1778095835.320402,1,73641,0.000537,-0.005829,0.205718,49.6
2,1778095835.3626876,1,73692,0.000494,-0.005791,0.205884,49.6
2,1778095835.4114099,1,73741,0.000441,-0.005738,0.205992,49.6
2,1778095835.462174,1,73791,0.000379,-0.005679,0.206178,49.6
2,1778095835.5127127,1,73841,0.000302,-0.005605,0.206271,49.6
2,1778095835.5627146,1,73891,0.000218,-0.005531,0.206477,49.6
2,1778095835.6114914,1,73941,0.00014,-0.005462,0.206626,49.6
2,1778095835.6615622,1,73991,-1.1e-05,-0.005336,0.206872,49.6
2,1778095835.7258027,1,74052,-0.00017,-0.00521,0.207078,49.6
2,1778095835.761311,1,74091,-0.000272,-0.00513,0.207229,49.6
2,1778095835.8125887,1,74141,-0.000442,-0.004994,0.207451,49.6
2,1778095835.863515,1,74191,-0.000607,-0.004859,0.207625,49.6
2,1778095835.9115489,1,74241,-0.000782,-0.004714,0.207851,49.6
2,1778095835.9643931,1,74291,-0.000975,-0.004565,0.207987,49.6
2,1778095836.014203,1,74341,-0.001182,-0.004407,0.208195,49.6
2,1778095836.062328,1,74391,-0.001333,-0.004293,0.208289,49.6
2,1778095836.11273,1,74441,-0.001625,-0.00407,0.208553,49.6
2,1778095836.1723423,1,74502,-0.001905,-0.003852,0.208685,49.6
2,1778095836.2128277,1,74541,0.000549,-0.005843,0.208831,49.6
2,1778095836.2623808,1,74592,0.000593,-0.005896,0.209049,49.6
2,1778095836.3141313,1,74641,0.000576,-0.005891,0.209237,49.6
2,1778095836.3612983,1,74691,0.000541,-0.005888,0.209462,49.6
2,1778095836.4148855,1,74741,0.000502,-0.005882,0.209577,49.6
2,1778095836.4614623,1,74791,0.000452,-0.005872,0.20972,49.6
2,1778095836.5116284,1,74842,0.000416,-0.005863,0.209817,49.6
2,1778095836.5612934,1,74891,0.000344,-0.005833,0.210056,49.6
2,1778095836.6334374,1,74952,0.000257,-0.005796,0.210292,49.6
2,1778095836.6677225,1,74991,0.000181,-0.00577,0.210457,49.6
2,1778095836.7147744,1,75042,7.3e-05,-0.005731,0.210664,49.6
2,1778095836.761451,1,75091,-4.5e-05,-0.005687,0.210782,49.6
2,1778095836.8129532,1,75141,-0.000174,-0.005635,0.211001,49.6
2,1778095836.8618796,1,75191,-0.000299,-0.005583,0.211125,49.6
2,1778095836.911401,1,75241,-0.00046,-0.005513,0.211424,49.6
2,1778095836.9617112,1,75291,-0.000561,-0.005463,0.211527,49.6
2,1778095837.0122793,1,75341,-0.000761,-0.005359,0.211811,49.6
2,1778095837.0729625,1,75402,-0.000954,-0.005257,0.211995,49.6
2,1778095837.111827,1,75441,-0.001121,-0.005164,0.212192,49.6
2,1778095837.1614609,1,75492,-0.001317,-0.005049,0.212383,49.6
2,1778095837.2126863,1,75541,0.000426,-0.006119,0.21258,49.6
2,1778095837.2628334,1,75591,0.000466,-0.006134,0.212749,49.6
2,1778095837.3132594,1,75641,0.000473,-0.006136,0.212937,49.6
2,1778095837.3620133,1,75691,0.000473,-0.006136,0.213178,49.6
2,1778095837.4115248,1,75741,0.000473,-0.006136,0.213289,49.6
2,1778095837.461216,1,75791,0.000472,-0.006136,0.213526,49.6
2,1778095837.5230625,1,75853,0.000471,-0.006136,0.213843,49.6
2,1778095837.5612211,1,75891,0.000465,-0.006134,0.214,49.6
2,1778095837.61687,1,75942,0.000454,-0.006126,0.21424,49.6
2,1778095837.6626966,1,75991,0.000433,-0.006105,0.214429,49.6
2,1778095837.713575,1,76041,0.000406,-0.006075,0.214635,49.6
2,1778095837.7617643,1,76091,0.000377,-0.006038,0.214774,49.6
2,1778095837.8113916,1,76141,0.000323,-0.005975,0.215051,49.6
2,1778095837.861323,1,76191,0.000277,-0.00593,0.215167,49.6
2,1778095837.9117367,1,76241,0.00017,-0.005838,0.215484,49.6
2,1778095837.9741788,1,76303,6.3e-05,-0.005743,0.215778,49.6
2,1778095838.011355,1,76341,-1.350073e-06,-0.005686,0.215862,49.6
2,1778095838.0631838,1,76392,-0.000112,-0.005583,0.216056,49.6
2,1778095838.1112738,1,76441,-0.000226,-0.005476,0.216279,49.6
2,1778095838.1613836,1,76491,-0.000346,-0.005359,0.216464,49.6
2,1778095838.2113001,1,76541,-0.000463,-0.005247,0.216641,49.6
2,1778095838.2613506,1,76592,-0.000619,-0.0051,0.216896,49.6
2,1778095838.3113215,1,76641,-0.000726,-0.005003,0.217021,49.6
2,1778095838.361342,1,76691,-0.000935,-0.004806,0.217184,49.6
2,1778095838.428067,1,76753,0.00051,-0.006205,0.217439,49.6
2,1778095838.4615192,1,76791,0.000503,-0.006199,0.217605,49.6
2,1778095838.514037,1,76843,0.000481,-0.006191,0.217817,49.6
2,1778095838.5612416,1,76891,0.000455,-0.006177,0.217974,49.6
2,1778095838.611207,1,76941,0.000419,-0.006155,0.21823,49.6
2,1778095838.663241,1,76991,0.000381,-0.006126,0.218366,49.6
2,1778095838.711239,1,77041,0.000336,-0.006093,0.218613,49.6
2,1778095838.7617486,1,77092,0.0003,-0.006067,0.21874,49.6
2,1778095838.812285,1,77141,0.000232,-0.006001,0.219005,49.6
2,1778095838.873507,1,77203,0.000159,-0.00592,0.219181,50.6
2,1778095838.913264,1,77241,0.000102,-0.005858,0.219307,49.6
2,1778095838.9647694,1,77293,2e-05,-0.005774,0.219442,49.6
2,1778095839.0112412,1,77341,-7.1e-05,-0.005684,0.219601,49.6
2,1778095839.0622485,1,77391,-0.000163,-0.005591,0.219823,49.6
2,1778095839.1112041,1,77441,-0.000286,-0.005477,0.220022,49.6
2,1778095839.1617541,1,77492,-0.000437,-0.005337,0.220259,49.6
2,1778095839.2117622,1,77541,-0.000541,-0.005236,0.220368,49.6
2,1778095839.2612693,1,77591,-0.000748,-0.005036,0.22063,49.6
2,1778095839.3244016,1,77653,-0.000958,-0.00484,0.220799,49.6
2,1778095839.361742,1,77691,-0.001112,-0.004702,0.220842,49.6
2,1778095839.4143083,1,77743,-0.001319,-0.004524,0.221071,49.6
2,1778095839.4650745,1,77791,0.000806,-0.006407,0.221238,49.6
2,1778095839.5117457,1,77841,0.000833,-0.006434,0.221418,49.6
2,1778095839.561618,1,77891,0.000835,-0.006436,0.221625,49.6
2,1778095839.6114283,1,77942,0.000835,-0.006436,0.221748,49.6
2,1778095839.6627753,1,77991,0.000835,-0.006436,0.221864,49.6
2,1778095839.7138684,1,78041,0.000835,-0.006436,0.222122,49.6
2,1778095839.7749991,1,78104,0.000835,-0.006436,0.222377,49.6
2,1778095839.8115678,1,78141,0.000833,-0.006434,0.222492,49.6
2,1778095839.8677888,1,78195,0.000822,-0.006417,0.222742,49.6
2,1778095839.9114273,1,78241,0.000802,-0.006395,0.222879,49.6
2,1778095839.961867,1,78291,0.000772,-0.006367,0.223096,49.6
2,1778095840.0113003,1,78341,0.000741,-0.00634,0.223246,49.6
2,1778095840.066648,1,78391,0.000693,-0.006297,0.22347,49.6
2,1778095840.1126375,1,78441,0.000657,-0.006259,0.223602,49.6
2,1778095840.1618044,1,78491,0.000563,-0.006176,0.223893,49.6
2,1778095840.22528,1,78554,0.000448,-0.006079,0.224093,49.6
2,1778095840.2623072,1,78591,0.00039,-0.006031,0.22417,49.6
2,1778095840.3149827,1,78644,0.000264,-0.005924,0.224403,49.6
2,1778095840.3618755,1,78691,0.000163,-0.005838,0.224587,49.6
2,1778095840.411709,1,78741,4.7e-05,-0.005742,0.224797,49.6
2,1778095840.4632375,1,78791,-6.2e-05,-0.005651,0.224952,49.6
2,1778095840.511935,1,78841,-0.00019,-0.005528,0.225141,49.6
2,1778095840.5629086,1,78891,-0.000276,-0.005443,0.225231,49.6
2,1778095840.6112406,1,78941,0.000657,-0.006376,0.22549,49.6
2,1778095840.6776233,1,79004,0.000659,-0.006376,0.225767,49.6
2,1778095840.7111833,1,79041,0.000653,-0.006376,0.225813,49.6
2,1778095840.7655902,1,79094,0.000635,-0.006376,0.226057,49.6
2,1778095840.811218,1,79141,0.00061,-0.00637,0.2262,49.6
2,1778095840.8616462,1,79191,0.000575,-0.006342,0.226385,49.6
2,1778095840.91122,1,79241,0.000532,-0.006294,0.226574,49.6
2,1778095840.9629216,1,79291,0.000481,-0.00624,0.226803,49.6
2,1778095841.0137148,1,79341,0.000419,-0.006192,0.226958,49.6
2,1778095841.0625825,1,79391,0.000332,-0.006126,0.22723,49.6
2,1778095841.1256368,1,79455,0.000211,-0.006038,0.227511,49.6
2,1778095841.174793,1,79491,0.000136,-0.005976,0.227609,49.6
2,1778095841.215206,1,79544,1.2e-05,-0.005862,0.227818,49.6
2,1778095841.2613335,1,79591,-8.1e-05,-0.005755,0.228029,49.6
2,1778095841.31293,1,79641,-0.000166,-0.00564,0.228283,49.6
2,1778095841.3611836,1,79692,-0.000285,-0.005501,0.228488,49.6
2,1778095841.4134364,1,79741,-0.000399,-0.005386,0.228651,49.6
2,1778095841.461146,1,79791,-0.00049,-0.005302,0.228795,49.6
2,1778095841.5112536,1,79841,-0.000642,-0.005169,0.229005,49.6
2,1778095841.5781872,1,79903,-0.000803,-0.004996,0.229239,50.6
2,1778095841.6118324,1,79941,-0.000907,-0.004863,0.229319,49.6
2,1778095841.6637359,1,79993,0.000369,-0.006473,0.229521,49.6
2,1778095841.71124,1,80041,0.000394,-0.006464,0.229702,49.6
2,1778095841.7624674,1,80091,0.000396,-0.006464,0.229903,49.6
2,1778095841.8186362,1,80142,0.000396,-0.006465,0.230041,49.6
2,1778095841.862375,1,80191,0.000396,-0.006465,0.230229,49.6
2,1778095841.912376,1,80241,0.000395,-0.006465,0.230375,49.6
2,1778095841.9621239,1,80291,0.000395,-0.006465,0.23058,49.6
2,1778095842.0267167,1,80355,0.000383,-0.006462,0.230902,49.6
2,1778095842.063222,1,80391,0.000367,-0.00647,0.231055,49.6
2,1778095842.1151443,1,80444,0.000318,-0.006487,0.231275,49.6
2,1778095842.1625116,1,80491,0.00028,-0.006485,0.231431,49.6
2,1778095842.211274,1,80541,0.000246,-0.006453,0.231654,49.6
2,1778095842.2622445,1,80591,0.000214,-0.006398,0.23181,49.6
2,1778095842.3116453,1,80641,0.000178,-0.006336,0.232023,49.6
2,1778095842.3620625,1,80691,0.000144,-0.006301,0.232153,49.6
2,1778095842.4127002,1,80741,6.6e-05,-0.006257,0.232432,49.6
2,1778095842.4754214,1,80805,-4.7e-05,-0.006192,0.232679,49.6
2,1778095842.5118504,1,80841,-9.5e-05,-0.00615,0.232794,49.6
2,1778095842.5672436,1,80895,-0.000191,-0.006029,0.23308,49.6
2,1778095842.6127868,1,80942,-0.000269,-0.005926,0.233264,49.6
2,1778095842.661559,1,80991,-0.000363,-0.005818,0.233512,49.6
2,1778095842.7137837,1,81041,-0.000459,-0.005733,0.233619,49.6
2,1778095842.7611523,1,81091,-0.000591,-0.005631,0.233797,49.6
2,1778095842.8138304,1,81141,-0.000687,-0.005541,0.233941,50.6
2,1778095842.8673108,1,81192,-0.000842,-0.005379,0.234161,49.6
2,1778095842.9255595,1,81255,0.000385,-0.006752,0.234453,50.6
2,1778095842.9611561,1,81291,0.000377,-0.006754,0.234616,49.6
2,1778095843.019125,1,81346,0.000345,-0.006761,0.234853,49.6
2,1778095843.0612946,1,81392,0.000316,-0.006763,0.234995,49.6
2,1778095843.1116827,1,81441,0.000276,-0.006748,0.235225,49.6
2,1778095843.1631546,1,81491,0.000238,-0.006713,0.235371,49.6
2,1778095843.2136502,1,81541,0.000178,-0.006652,0.23565,49.6
2,1778095843.261516,1,81592,0.000375,-0.006812,0.235779,49.6
2,1778095843.3117764,1,81641,0.000385,-0.006812,0.235998,50.6
2,1778095843.3745174,1,81704,0.000385,-0.006812,0.23616,49.6
2,1778095843.4120088,1,81741,0.000385,-0.006808,0.236239,49.6
2,1778095843.4669702,1,81795,0.000376,-0.006797,0.236444,49.6
2,1778095843.5118072,1,81841,0.000361,-0.006781,0.236585,49.6
2,1778095843.5614407,1,81891,0.000338,-0.006753,0.236776,49.6
2,1778095843.614542,1,81941,0.000316,-0.006711,0.236944,49.6
2,1778095843.6645725,1,81991,0.000285,-0.006648,0.237064,49.6
2,1778095843.7128978,1,82041,0.000377,-0.006787,0.237194,50.6
2,1778095843.7611296,1,82091,0.000397,-0.006798,0.237403,49.6
2,1778095843.826717,1,82155,0.000398,-0.006798,0.237684,49.6
2,1778095843.8611438,1,82192,0.000392,-0.006791,0.237687,49.6
2,1778095843.9177198,1,82246,0.000374,-0.006762,0.23793,49.6
2,1778095843.961249,1,82291,0.000352,-0.006731,0.238034,49.6
2,1778095844.012418,1,82341,0.000325,-0.006691,0.238227,49.6
2,1778095844.0616517,1,82391,0.000276,-0.006648,0.238327,49.6
2,1778095844.111103,1,82441,0.000205,-0.006603,0.238602,49.6
2,1778095844.1618,1,82491,0.000148,-0.006562,0.238757,49.6
2,1778095844.2121248,1,82541,6.5e-05,-0.006487,0.238952,49.6
2,1778095844.2759662,1,82606,-5.3e-05,-0.00636,0.239144,50.6
2,1778095844.3113804,1,82642,-0.000122,-0.006287,0.2392,49.6
2,1778095844.3667111,1,82696,-0.000251,-0.00617,0.239418,49.6
2,1778095844.411725,1,82741,-0.000375,-0.006069,0.239591,49.6
2,1778095844.4616044,1,82791,-0.000537,-0.005945,0.239784,49.6
2,1778095844.5111234,1,82842,-0.000709,-0.005806,0.239914,49.6
2,1778095844.5645301,1,82891,-0.000886,-0.005649,0.240118,49.6
2,1778095844.6112387,1,82941,-0.001039,-0.005518,0.2402,49.6
2,1778095844.6623669,1,82991,-0.00127,-0.005335,0.240407,49.6
2,1778095844.7291543,1,83055,-0.001586,-0.005091,0.240697,49.6
2,1778095844.7613525,1,83091,-0.001747,-0.004963,0.24082,49.6
2,1778095844.8182957,1,83145,-0.002016,-0.004744,0.241083,49.6
2,1778095844.8610585,1,83191,-0.002246,-0.004549,0.241251,49.6
2,1778095844.9119806,1,83241,-0.002501,-0.004316,0.241429,49.6
2,1778095844.9610987,1,83291,-0.002733,-0.004096,0.241578,49.6
2,1778095845.011079,1,83342,-0.003024,-0.003817,0.241855,49.6
2,1778095845.0681388,1,83391,-0.003242,-0.003604,0.242032,49.6
2,1778095845.1123683,1,83442,-0.003588,-0.003268,0.242307,50.6
2,1778095845.1762664,1,83506,-0.003977,-0.002875,0.242564,49.6
2,1778095845.2114909,1,83541,-0.00419,-0.00266,0.242657,49.6
2,1778095845.2676272,1,83596,-0.004539,-0.00232,0.242852,49.6
2,1778095845.314373,1,83641,-0.004836,-0.002033,0.243077,49.6
2,1778095845.361556,1,83691,-0.005177,-0.001702,0.243297,49.6
2,1778095845.4112737,1,83741,-0.005499,-0.001391,0.243436,49.6
2,1778095845.461132,1,83791,-0.005914,-0.001002,0.243647,49.6
2,1778095845.5110202,1,83841,-0.006225,-0.000715,0.243793,49.6
2,1778095845.5613813,1,83891,-0.006696,-0.000279,0.243985,49.6
2,1778095845.62721,1,83956,0.000219,-0.00656,0.244247,49.6
2,1778095845.6628401,1,83991,0.00022,-0.00656,0.244305,49.6
2,1778095845.716454,1,84045,0.000211,-0.006536,0.244494,49.6
2,1778095845.7650447,1,84091,0.000194,-0.0065,0.244655,49.6
2,1778095845.81289,1,84141,0.00017,-0.006449,0.24482,49.6
2,1778095845.8616912,1,84191,0.000135,-0.00639,0.244938,49.6
2,1778095845.911146,1,84241,9e-05,-0.006324,0.245066,49.6
2,1778095845.9637764,1,84291,4.8e-05,-0.006264,0.245198,49.6
2,1778095846.011117,1,84341,-2.3e-05,-0.006159,0.245409,49.6
2,1778095846.0829954,1,84406,-0.000114,-0.006039,0.245663,49.6
2,1778095846.112023,1,84442,-0.000184,-0.005951,0.24578,49.6
2,1778095846.1688561,1,84497,-0.000292,-0.005823,0.245975,49.6
2,1778095846.2110271,1,84541,-0.000388,-0.005706,0.246121,49.6
2,1778095846.2628353,1,84591,-0.000506,-0.005568,0.246358,49.6
2,1778095846.3110394,1,84641,-0.00065,-0.005418,0.246555,49.6
2,1778095846.3688,1,84691,-0.000809,-0.005256,0.246757,49.6
2,1778095846.4115207,1,84741,0.000306,-0.006346,0.2469,49.6
2,1778095846.4650576,1,84791,0.000412,-0.00642,0.247087,50.6
2,1778095846.5271022,1,84857,0.000417,-0.006422,0.247316,50.6
2,1778095846.5639427,1,84891,0.000417,-0.006421,0.247412,49.6
2,1778095846.6176836,1,84946,0.000416,-0.006421,0.247608,50.6
2,1778095846.6620004,1,84991,0.000408,-0.006412,0.247741,49.6
2,1778095846.7111592,1,85041,0.000385,-0.0064,0.247928,49.6
2,1778095846.7674208,1,85091,0.000346,-0.006384,0.248096,49.6
2,1778095846.811705,1,85141,0.000294,-0.006364,0.248311,50.6
2,1778095846.8674722,1,85191,0.000237,-0.006344,0.248442,49.6
2,1778095846.9109745,1,85241,0.000144,-0.006309,0.248688,49.6
2,1778095846.976893,1,85306,1.1e-05,-0.006247,0.248964,49.6
2,1778095847.01132,1,85341,-6.5e-05,-0.006213,0.249086,49.6
2,1778095847.0705848,1,85398,-0.000197,-0.006155,0.249296,50.6
2,1778095847.1113236,1,85441,-0.000312,-0.006106,0.249421,49.6
2,1778095847.1611207,1,85492,-0.000438,-0.006045,0.249602,50.6
2,1778095847.211094,1,85541,-0.000556,-0.005984,0.249703,49.6
2,1778095847.2616549,1,85592,-0.000712,-0.005908,0.249922,49.6
2,1778095847.3117216,1,85641,-0.000835,-0.005842,0.250073,49.6
2,1778095847.3615427,1,85692,-0.001038,-0.005739,0.250301,49.6
2,1778095847.4276168,1,85757,-0.001272,-0.005627,0.250473,50.6
2,1778095847.4646225,1,85791,-0.001409,-0.005566,0.250511,49.6
2,1778095847.5162637,1,85846,-0.001638,-0.005473,0.250692,50.6
2,1778095847.5613601,1,85891,-0.001838,-0.005398,0.250814,50.6
2,1778095847.6115105,1,85941,-0.00207,-0.005309,0.251025,50.6
2,1778095847.6616232,1,85991,-0.002287,-0.005224,0.25118,49.6
2,1778095847.7116446,1,86041,-0.002571,-0.005112,0.2514,50.6
2,1778095847.7610004,1,86091,0.000177,-0.006158,0.251462,49.6
2,1778095847.811079,1,86141,0.000318,-0.006212,0.251654,49.6
2,1778095847.877639,1,86207,0.000321,-0.006213,0.25191,49.6
2,1778095847.9110758,1,86241,0.000319,-0.006212,0.252,49.6
2,1778095847.9716885,1,86297,0.00031,-0.0062,0.252222,50.6
2,1778095848.0119083,1,86341,0.000294,-0.006181,0.252412,50.6
2,1778095848.0638142,1,86392,0.00027,-0.006159,0.252539,49.6
2,1778095848.1116364,1,86442,0.000224,-0.006124,0.252717,49.6
2,1778095848.1610487,1,86491,0.000175,-0.006073,0.252926,49.6
2,1778095848.2127209,1,86541,0.000287,-0.006202,0.253085,49.6
2,1778095848.2610734,1,86591,0.000311,-0.006231,0.253268,50.6
2,1778095848.330008,1,86659,0.000311,-0.006233,0.253393,49.6
2,1778095848.360868,1,86691,0.00031,-0.006232,0.253525,49.6
2,1778095848.430319,1,86747,0.0003,-0.006222,0.25372,50.6
2,1778095848.467643,1,86791,0.000282,-0.006204,0.253867,50.6
2,1778095848.5137086,1,86841,0.000251,-0.006174,0.254072,50.6
2,1778095848.5635242,1,86892,0.000204,-0.006126,0.254218,49.6
2,1778095848.6142468,1,86941,0.000154,-0.006075,0.254381,49.6
2,1778095848.661721,1,86991,0.000274,-0.006204,0.254526,50.6
2,1778095848.7138987,1,87041,0.000291,-0.006227,0.254683,49.6
2,1778095848.7780488,1,87108,0.000269,-0.006213,0.254974,49.6
2,1778095848.81176,1,87141,0.000253,-0.006199,0.255047,49.6
2,1778095848.8701098,1,87198,0.000209,-0.006176,0.255261,49.6
2,1778095848.9147937,1,87241,0.000163,-0.006151,0.255445,49.6
2,1778095848.960983,1,87291,0.000102,-0.006114,0.255674,50.6
2,1778095849.0127485,1,87342,2.6e-05,-0.006068,0.255736,50.6
2,1778095849.0635417,1,87391,-6.3e-05,-0.00602,0.25593,50.6
2,1778095849.1120682,1,87441,-0.000145,-0.005976,0.256065,50.6
2,1778095849.1637013,1,87491,-0.000278,-0.005912,0.256275,49.6
2,1778095849.2285407,1,87558,-0.000473,-0.005827,0.256533,49.6
2,1778095849.264614,1,87591,-0.000579,-0.005782,0.256566,49.6
2,1778095849.3184714,1,87648,-0.000754,-0.005702,0.256769,50.6
2,1778095849.3645406,1,87691,-0.000905,-0.005626,0.256959,49.6
2,1778095849.4124382,1,87742,-0.001085,-0.00553,0.257179,50.6
2,1778095849.4614098,1,87791,-0.00125,-0.005434,0.257289,50.6
2,1778095849.512705,1,87841,-0.001463,-0.005305,0.257526,50.6
2,1778095849.5615475,1,87891,-0.001628,-0.005203,0.257657,49.6
2,1778095849.6138575,1,87941,-0.001879,-0.005031,0.257931,50.6
2,1778095849.6775675,1,88007,-0.002151,-0.00482,0.25817,50.6
2,1778095849.7162073,1,88041,-0.002295,-0.004698,0.258214,49.6
2,1778095849.7689188,1,88099,-0.002564,-0.004487,0.25845,49.6
2,1778095849.8186164,1,88141,-0.002756,-0.004339,0.258572,50.6
2,1778095849.861498,1,88191,-0.003001,-0.004146,0.258784,50.6
2,1778095849.9114513,1,88241,-4.7e-05,-0.006498,0.258934,49.6
2,1778095849.962462,1,88291,-7.090991e-06,-0.006537,0.25906,50.6
2,1778095850.0124655,1,88341,-4.572793e-06,-0.006539,0.259218,50.6
2,1778095850.0619836,1,88391,-3.709804e-06,-0.00654,0.25945,50.6
2,1778095850.1357613,1,88459,-4.465418e-06,-0.006539,0.259576,50.6
2,1778095850.1607802,1,88491,-9.482294e-06,-0.006536,0.259657,50.6
2,1778095850.2247133,1,88549,-2.5e-05,-0.006523,0.259956,50.6
2,1778095850.262623,1,88591,-3.9e-05,-0.006505,0.260083,49.6
2,1778095850.3122876,1,88642,-6.2e-05,-0.00648,0.260248,50.6
2,1778095850.3614523,1,88691,-0.000105,-0.006442,0.260403,50.6
2,1778095850.4125814,1,88741,-0.000153,-0.006404,0.260597,50.6
2,1778095850.4632466,1,88791,-0.000194,-0.006371,0.26073,50.6
2,1778095850.5109463,1,88841,-0.000262,-0.006315,0.260988,50.6
2,1778095850.579479,1,88909,-0.000352,-0.006228,0.261142,50.6
2,1778095850.611631,1,88941,-0.000391,-0.006187,0.261329,49.6
2,1778095850.6693556,1,88998,-0.00047,-0.006105,0.261547,50.6
2,1778095850.7112737,1,89041,-0.000541,-0.006034,0.261737,49.6
2,1778095850.7609005,1,89091,-0.00063,-0.005948,0.261953,49.6
2,1778095850.810913,1,89141,-0.000736,-0.00586,0.262122,50.6
2,1778095850.864687,1,89191,-0.000842,-0.005774,0.262304,49.6
2,1778095850.9108026,1,89241,-0.00096,-0.005683,0.262444,50.6
2,1778095850.9618142,1,89291,-0.001113,-0.005568,0.262583,50.6
2,1778095851.0252426,1,89355,-0.001333,-0.005408,0.262836,49.6
2,1778095851.060708,1,89391,-0.001448,-0.005324,0.262893,49.6
2,1778095851.1179829,1,89448,-0.001631,-0.00519,0.26309,50.6
2,1778095851.1616423,1,89492,-0.001791,-0.005075,0.26326,50.6
2,1778095851.2109923,1,89542,-0.001978,-0.004936,0.263427,49.6
2,1778095851.2609842,1,89591,6e-05,-0.006481,0.263506,49.6
2,1778095851.3123858,1,89641,0.000101,-0.006521,0.263687,50.6
2,1778095851.3617318,1,89691,0.000103,-0.006521,0.263796,49.6
2,1778095851.410988,1,89741,0.000104,-0.006521,0.26401,50.6
2,1778095851.4800813,1,89809,0.000104,-0.006521,0.264185,49.6
2,1778095851.5123026,1,89841,0.000104,-0.006521,0.264229,50.6
2,1778095851.5694582,1,89899,0.000104,-0.006522,0.264484,50.6
2,1778095851.6117072,1,89941,0.000104,-0.006521,0.264634,50.6
2,1778095851.66445,1,89992,0.000104,-0.006521,0.264863,50.6
2,1778095851.7197273,1,90041,0.000104,-0.006521,0.265058,49.6
2,1778095851.7673726,1,90091,0.000103,-0.006518,0.265271,50.6
2,1778095851.8105292,1,90141,9.4e-05,-0.006507,0.265388,50.6
2,1778095851.8628697,1,90191,6.3e-05,-0.006479,0.265614,50.6
2,1778095851.9284816,1,90259,1.1e-05,-0.006428,0.265808,50.6
2,1778095851.9629455,1,90291,-1.5e-05,-0.006402,0.265895,50.6
2,1778095852.0204782,1,90348,-7.2e-05,-0.006344,0.266108,50.6
2,1778095852.0656831,1,90391,-0.000123,-0.006289,0.266312,50.6
2,1778095852.1114852,1,90442,-0.000192,-0.006226,0.26653,50.6
2,1778095852.1650603,1,90491,3.9e-05,-0.006437,0.26669,49.6
2,1778095852.211263,1,90541,5.9e-05,-0.006441,0.266885,50.6
2,1778095852.2628896,1,90591,6.1e-05,-0.006442,0.26706,50.6
2,1778095852.3107812,1,90641,5.6e-05,-0.006438,0.267332,50.6
2,1778095852.379428,1,90708,2.5e-05,-0.006415,0.267518,49.6
2,1778095852.4115403,1,90741,3.276468e-06,-0.006402,0.267646,49.6
2,1778095852.4708297,1,90799,-5.1e-05,-0.006368,0.267887,49.6
2,1778095852.511832,1,90841,-9.8e-05,-0.006338,0.26802,49.6
2,1778095852.5618916,1,90891,-0.000168,-0.006289,0.268291,49.6
2,1778095852.6107674,1,90941,-0.000252,-0.006229,0.268446,49.6
2,1778095852.663602,1,90991,-0.000347,-0.006161,0.268716,50.6
2,1778095852.711313,1,91041,-0.000447,-0.006096,0.268857,50.6
2,1778095852.767766,1,91091,-0.000587,-0.006013,0.269102,49.6
2,1778095852.8296905,1,91142,-0.000684,-0.005956,0.26921,49.6
2,1778095852.868029,1,91191,-0.000876,-0.005844,0.269332,49.6
2,1778095852.9192429,1,91249,-0.001051,-0.005743,0.269527,50.6
2,1778095852.968918,1,91292,-4.2e-05,-0.006248,0.269712,50.6
2,1778095853.011512,1,91342,2.3e-05,-0.006272,0.269955,50.6
2,1778095853.0606263,1,91391,-4.251548e-06,-0.006277,0.270094,49.6
2,1778095853.1123583,1,91441,-3.9e-05,-0.006272,0.270197,50.6
2,1778095853.1606965,1,91491,-8.8e-05,-0.006261,0.270281,50.6
2,1778095853.210687,1,91541,-0.000146,-0.006239,0.270495,50.6
2,1778095853.2820623,1,91592,-0.000191,-0.006221,0.270608,49.6
2,1778095853.310706,1,91641,-0.000282,-0.00617,0.270924,49.6
2,1778095853.3758554,1,91702,-0.00037,-0.006121,0.271159,50.6
2,1778095853.412099,1,91742,-0.000436,-0.006081,0.271182,49.6
2,1778095853.4615345,1,91792,-0.000529,-0.006019,0.271386,50.6
2,1778095853.5107586,1,91841,-0.000635,-0.005941,0.271559,49.6
2,1778095853.5616388,1,91891,-0.000754,-0.005849,0.271725,50.6
2,1778095853.6119714,1,91941,-0.000868,-0.005758,0.27186,49.6
2,1778095853.6606965,1,91991,-0.001005,-0.00565,0.272115,50.6
2,1778095853.7291975,1,92041,-0.001119,-0.00555,0.27227,50.6
2,1778095853.761507,1,92091,-0.001313,-0.005371,0.272397,49.6
2,1778095853.825386,1,92149,-0.001499,-0.005194,0.272625,49.6
2,1778095853.8621552,1,92191,-0.001618,-0.005085,0.272771,50.6
2,1778095853.911683,1,92241,-0.001808,-0.004904,0.273014,49.6
2,1778095853.9624302,1,92291,-0.001992,-0.004728,0.273202,50.6
2,1778095854.0117674,1,92341,-0.002195,-0.004544,0.273439,50.6
2,1778095854.0608113,1,92391,-2.7e-05,-0.006384,0.273579,50.6
2,1778095854.1118257,1,92441,7.9e-05,-0.006461,0.27379,50.6
2,1778095854.1800263,1,92491,7.2e-05,-0.006453,0.273953,49.6
2,1778095854.211629,1,92541,5.3e-05,-0.006419,0.274127,49.6
2,1778095854.272744,1,92601,1.9e-05,-0.006362,0.274379,50.6
2,1778095854.3105953,1,92641,-5.855639e-06,-0.00631,0.274548,50.6
2,1778095854.3610375,1,92691,-5.3e-05,-0.006243,0.274676,50.6
2,1778095854.4116426,1,92741,-0.000123,-0.006179,0.274845,50.6
2,1778095854.4607024,1,92791,-0.000203,-0.006117,0.275038,50.6
2,1778095854.5116916,1,92841,9.6e-05,-0.006406,0.275203,50.6
2,1778095854.561199,1,92891,0.000122,-0.006437,0.275455,50.6
2,1778095854.613666,1,92941,0.000117,-0.00642,0.275575,50.6
2,1778095854.660601,1,92991,8.7e-05,-0.006381,0.275815,50.6
2,1778095854.7230732,1,93051,3.8e-05,-0.006341,0.276028,50.6
2,1778095854.7606788,1,93091,2.154892e-06,-0.006315,0.276135,50.6
2,1778095854.8117425,1,93142,-3.9e-05,-0.006276,0.276328,50.6
2,1778095854.8605678,1,93191,-9.6e-05,-0.0062,0.27651,50.6
2,1778095854.9128766,1,93241,-0.000151,-0.006116,0.276685,50.6
2,1778095854.9605236,1,93291,-0.000224,-0.006017,0.276829,50.6
2,1778095855.0128794,1,93341,-0.000297,-0.005908,0.278204,50.6
2,1778095855.0615342,1,93391,9.1e-05,-0.005651,0.287814,49.6
2,1778095855.1117337,1,93441,0.001324,-0.004951,0.304917,50.6
2,1778095855.1855233,1,93515,0.003379,-0.003896,0.324413,50.6
2,1778095855.2128077,1,93541,0.004256,-0.00347,0.329217,49.6
2,1778095855.2766144,1,93606,-0.091127,0.04629,0.336037,50.6
2,1778095855.312048,1,93641,-0.098155,0.051135,0.338887,50.6
2,1778095855.3604999,1,93691,-0.098563,0.058678,0.340277,50.6
2,1778095855.410826,1,93741,-0.10284,0.067242,0.341807,49.6
2,1778095855.4614646,1,93791,-0.106546,0.075096,0.347103,50.6
2,1778095855.5118384,1,93841,-0.109694,0.081415,0.350638,49.6
2,1778095855.5614848,1,93891,-0.114127,0.090231,0.357611,49.6
2,1778095855.6356764,1,93966,-0.121222,0.102866,0.362378,50.6
2,1778095855.6640873,1,93991,-0.123057,0.106025,0.363534,49.6
2,1778095855.7188451,1,94047,-0.123526,0.104923,0.366308,50.6
2,1778095855.7614913,1,94092,-0.127213,0.109287,0.365776,50.6
2,1778095855.8159847,1,94141,-0.12656,0.115974,0.36548,50.6
2,1778095855.860581,1,94191,-0.128359,0.1217,0.365366,50.6
2,1778095855.9168675,1,94241,-0.130229,0.127397,0.365458,50.6
2,1778095855.9605064,1,94291,-0.131351,0.130811,0.365507,49.6
2,1778095856.0198066,1,94341,-0.133963,0.138771,0.365739,50.6
2,1778095856.0675747,1,94398,-0.136005,0.145039,0.365903,50.6
2,1778095856.1111808,1,94441,-0.137484,0.14961,0.366038,50.6
2,1778095856.1620355,1,94492,-0.139523,0.155901,0.366189,50.6
2,1778095856.2106013,1,94541,-0.141384,0.161623,0.366249,50.6
2,1778095856.2606604,1,94591,-0.143243,0.167344,0.366381,50.6
2,1778095856.3104835,1,94641,-0.144913,0.172492,0.366496,50.6
2,1778095856.3605108,1,94691,-0.146942,0.178786,0.366658,50.6
2,1778095856.4110608,1,94741,-0.14823,0.182796,0.366744,50.6
2,1778095856.4604995,1,94791,-0.150632,0.190236,0.366915,50.6
2,1778095856.5175707,1,94847,-0.152674,0.196529,0.367007,50.6
2,1778095856.5622873,1,94891,-0.139935,0.157597,0.367096,50.6
2,1778095856.6115904,1,94941,-0.13969,0.156814,0.367242,49.6
2,1778095856.6615937,1,94991,-0.139694,0.156839,0.367342,50.6
2,1778095856.7105799,1,95041,-0.139703,0.156866,0.36749,50.6
2,1778095856.760577,1,95091,-0.139715,0.156888,0.367585,50.6
2,1778095856.8106725,1,95141,-0.139728,0.156913,0.367708,50.6
2,1778095856.8621373,1,95191,-0.139735,0.156924,0.367745,50.6
2,1778095856.9104636,1,95241,-0.139756,0.156934,0.367928,50.6
2,1778095856.967135,1,95297,-0.139775,0.156937,0.368109,50.6
2,1778095857.0104914,1,95341,-0.13972,0.156872,0.368251,50.6
2,1778095857.0605662,1,95392,-0.139719,0.156868,0.368389,50.6
2,1778095857.110642,1,95441,-0.139736,0.156866,0.368521,50.6
2,1778095857.161595,1,95491,-0.139761,0.156862,0.368665,50.6
2,1778095857.2104912,1,95541,-0.139783,0.156859,0.368798,50.6
2,1778095857.2610161,1,95591,-0.139818,0.156854,0.368941,50.6
2,1778095857.310463,1,95641,-0.139839,0.156851,0.36902,50.6
2,1778095857.3609004,1,95691,-0.139892,0.156857,0.36922,50.6
2,1778095857.417959,1,95748,-0.139946,0.156869,0.369309,50.6
2,1778095857.4618962,1,95791,-0.14001,0.156876,0.369438,50.6
2,1778095857.5113387,1,95841,-0.140077,0.156878,0.369549,50.6
2,1778095857.5627182,1,95891,-0.140148,0.15688,0.36966,50.6
2,1778095857.6106093,1,95941,-0.140217,0.156883,0.369758,50.6
2,1778095857.6607175,1,95991,-0.139755,0.156864,0.36985,50.6
2,1778095857.7106526,1,96041,-0.139735,0.156871,0.370014,50.6
2,1778095857.762735,1,96091,-0.139735,0.156871,0.370093,50.6
2,1778095857.8119755,1,96141,-0.139734,0.156871,0.370229,50.6
2,1778095857.8706777,1,96198,-0.139734,0.156872,0.37043,50.6
2,1778095857.91081,1,96241,-0.139736,0.156869,0.370556,50.6
2,1778095857.9630795,1,96291,-0.13975,0.156862,0.37076,50.6
2,1778095858.0118165,1,96341,-0.139774,0.156844,0.370876,50.6
2,1778095858.0608084,1,96391,-0.139808,0.156812,0.371091,50.6
2,1778095858.1141915,1,96441,-0.139841,0.156787,0.37112,50.6
2,1778095858.1619232,1,96491,-0.139902,0.156752,0.371295,50.6
2,1778095858.2106614,1,96541,-0.139937,0.156736,0.371364,50.6
2,1778095858.262724,1,96591,-0.14003,0.156694,0.371543,50.6
2,1778095858.3190553,1,96648,-0.14012,0.156649,0.371648,50.6
2,1778095858.3616273,1,96691,-0.140186,0.156616,0.371731,50.6
2,1778095858.4105005,1,96742,-0.140289,0.156571,0.37183,50.6
2,1778095858.4637604,1,96791,-0.140379,0.156537,0.371975,50.6
2,1778095858.5113962,1,96841,-0.14047,0.156513,0.372164,50.6
2,1778095858.5644462,1,96891,-0.140557,0.156491,0.372272,50.6
2,1778095858.6104808,1,96941,-0.14068,0.156452,0.372434,50.6
2,1778095858.6668763,1,96991,-0.140752,0.156426,0.372532,49.6
2,1778095858.71103,1,97041,-0.140929,0.15637,0.372697,50.6
2,1778095858.7692485,1,97098,-0.141074,0.156332,0.372764,50.6
2,1778095858.8124635,1,97141,-0.141195,0.156306,0.372839,50.6
2,1778095858.8605223,1,97192,-0.141333,0.156272,0.372955,50.6
2,1778095858.9106426,1,97241,-0.141487,0.156236,0.37304,50.6
2,1778095858.9604716,1,97291,-0.141664,0.156205,0.373175,50.6
2,1778095859.010483,1,97341,-0.141819,0.156186,0.373276,50.6
2,1778095859.0617466,1,97392,-0.142058,0.156164,0.373388,50.6
2,1778095859.1110663,1,97441,-0.142178,0.156158,0.373441,50.6
2,1778095859.1631634,1,97491,-0.14247,0.156132,0.373711,49.6
2,1778095859.2185695,1,97548,-0.142691,0.156099,0.373832,50.6
2,1778095859.2604825,1,97591,-0.142925,0.156052,0.373982,50.6
2,1778095859.312315,1,97641,-0.143143,0.156005,0.374135,50.6
2,1778095859.3613605,1,97691,-0.143413,0.155948,0.374259,50.6
2,1778095859.4135602,1,97741,-0.143654,0.155907,0.374404,50.6
2,1778095859.4605381,1,97791,-0.143854,0.155884,0.374514,50.6
2,1778095859.5106468,1,97842,-0.144165,0.155845,0.374675,50.6
2,1778095859.5614967,1,97891,-0.144324,0.155826,0.374792,49.6
2,1778095859.6131756,1,97942,-0.144704,0.155774,0.375036,50.6
2,1778095859.6686027,1,97999,-0.145034,0.155728,0.375214,50.6
2,1778095859.711221,1,98041,-0.145256,0.1557,0.375281,50.6
2,1778095859.7605095,1,98092,-0.1455,0.155677,0.37539,50.6
2,1778095859.8107715,1,98141,-0.145795,0.155653,0.375494,50.6
2,1778095859.8605149,1,98192,-0.146046,0.155627,0.375585,50.6
2,1778095859.9132938,1,98241,-0.146304,0.155597,0.375678,50.6
2,1778095859.9626389,1,98291,-0.14665,0.155568,0.375831,50.6
2,1778095860.0114937,1,98341,-0.146824,0.15556,0.375866,50.6
2,1778095860.0604756,1,98392,-0.147197,0.155556,0.376041,50.6
2,1778095860.1193552,1,98449,-0.147581,0.15556,0.37624,50.6
2,1778095860.1614852,1,98491,-0.147796,0.155559,0.376297,50.6
2,1778095860.210722,1,98542,-0.148153,0.155557,0.376412,50.6
2,1778095860.2604885,1,98592,-0.140786,0.155425,0.376482,50.6
2,1778095860.3109548,1,98641,-0.140772,0.155456,0.376566,50.6
2,1778095860.360511,1,98691,-0.140773,0.155456,0.376648,50.6
2,1778095860.411011,1,98741,-0.140774,0.155459,0.376848,50.6
2,1778095860.4638612,1,98791,-0.140778,0.155462,0.376916,50.6
2,1778095860.5104434,1,98841,-0.140793,0.15546,0.37709,50.6
2,1778095860.5720446,1,98900,-0.140807,0.155454,0.377263,49.6
2,1778095860.6113703,1,98941,-0.140818,0.15545,0.377328,50.6
2,1778095860.660642,1,98992,-0.140838,0.155439,0.377456,50.6
2,1778095860.7117715,1,99041,-0.140866,0.155426,0.377585,50.6
2,1778095860.763464,1,99091,-0.1409,0.155411,0.377755,50.6
2,1778095860.8118725,1,99141,-0.140937,0.155401,0.377879,50.6
2,1778095860.8610756,1,99191,-0.140985,0.155393,0.378018,50.6
2,1778095860.9132876,1,99241,-0.141024,0.155387,0.378084,50.6
2,1778095860.9633963,1,99291,-0.141092,0.155361,0.378219,50.6
2,1778095861.0223193,1,99349,-0.141184,0.155319,0.378378,50.6
2,1778095861.0604377,1,99391,-0.141255,0.155289,0.378479,50.6
2,1778095861.1106715,1,99442,-0.140662,0.15549,0.378595,50.6
2,1778095861.1605608,1,99491,-0.14066,0.15548,0.378697,50.6
2,1778095861.2114918,1,99541,-0.14066,0.155482,0.378819,50.6
2,1778095861.2605205,1,99591,-0.140662,0.155473,0.37887,50.6
2,1778095861.31471,1,99641,-0.140675,0.155448,0.379027,50.6
2,1778095861.3612616,1,99691,-0.140689,0.155429,0.379102,50.6
2,1778095861.4130795,1,99741,-0.140715,0.155405,0.37934,50.6
2,1778095861.4694562,1,99800,-0.140737,0.155399,0.379472,50.6
2,1778095861.513981,1,99842,-0.140708,0.155397,0.379567,50.6
2,1778095861.5634773,1,99892,-0.140696,0.155408,0.379633,50.6
2,1778095861.6105037,1,99941,-0.140694,0.155411,0.379729,50.6
2,1778095861.6605463,1,99991,-0.140695,0.155411,0.37983,50.6
2,1778095861.7104845,1,100041,-0.140695,0.15541,0.379958,50.6
2,1778095861.7612429,1,100091,-0.140697,0.155415,0.380153,50.6
2,1778095861.8112056,1,100141,-0.140702,0.155425,0.380259,50.6
2,1778095861.8663976,1,100191,-0.140716,0.155439,0.380409,50.6
2,1778095861.921251,1,100250,-0.140741,0.155452,0.380504,50.6
2,1778095861.960319,1,100291,-0.140759,0.155464,0.380598,50.6
2,1778095862.0103908,1,100341,-0.140788,0.155484,0.380744,50.6
2,1778095862.061424,1,100391,-0.140694,0.155429,0.380846,50.6
2,1778095862.1104648,1,100441,-0.140685,0.155433,0.380959,50.6
2,1778095862.161238,1,100491,-0.140688,0.155437,0.381044,50.6
2,1778095862.211263,1,100541,-0.140696,0.155448,0.381167,50.6
2,1778095862.2610784,1,100591,-0.140701,0.155461,0.381244,50.6
2,1778095862.312473,1,100642,-0.140715,0.155468,0.381388,50.6
2,1778095862.3700676,1,100700,-0.140737,0.155456,0.38157,50.6
2,1778095862.411415,1,100741,-0.140751,0.155447,0.381648,50.6
2,1778095862.4616466,1,100791,-0.140767,0.15545,0.38178,50.6
2,1778095862.5107386,1,100841,-0.140777,0.155464,0.381861,50.6
2,1778095862.561403,1,100891,-0.140781,0.155472,0.382016,50.6
2,1778095862.6133504,1,100941,-0.140795,0.155465,0.382096,50.6
2,1778095862.6605256,1,100991,-0.140831,0.155435,0.382258,50.6
2,1778095862.7110336,1,101041,-0.140861,0.155414,0.382344,50.6
2,1778095862.7604616,1,101091,-0.140914,0.155397,0.382575,50.6
2,1778095862.8242047,1,101151,-0.140973,0.155414,0.3827,50.6
2,1778095862.8604174,1,101191,-0.141015,0.155429,0.382866,50.6
2,1778095862.910572,1,101241,-0.141075,0.155423,0.383012,50.6
2,1778095862.9621933,1,101291,-0.141147,0.155401,0.383152,50.6
2,1778095863.011348,1,101341,-0.141226,0.155385,0.383322,50.6
2,1778095863.0605395,1,101391,-0.141303,0.155389,0.383415,50.6
2,1778095863.1112518,1,101441,-0.141407,0.155426,0.383572,50.6
2,1778095863.1634347,1,101491,-0.141487,0.155461,0.383678,50.6
2,1778095863.2105246,1,101541,-0.141619,0.155494,0.383843,50.6
2,1778095863.271049,1,101601,-0.141769,0.155488,0.383985,49.6
2,1778095863.3115263,1,101642,-0.14187,0.155476,0.384135,50.6
2,1778095863.3627303,1,101692,-0.141993,0.155477,0.384326,50.6
2,1778095863.4108264,1,101741,-0.142104,0.155504,0.384391,50.6
2,1778095863.4623396,1,101791,-0.142247,0.15555,0.384529,50.6
2,1778095863.5129972,1,101841,-0.142376,0.155572,0.38462,50.6
2,1778095863.5607867,1,101891,-0.142553,0.155571,0.384833,50.6
2,1778095863.611041,1,101941,-0.142674,0.155566,0.384901,50.6
2,1778095863.6637933,1,101991,-0.142895,0.155576,0.385096,50.6
2,1778095863.7209213,1,102051,-0.14308,0.155619,0.385243,50.6
2,1778095863.7609437,1,102092,-0.143226,0.155671,0.385403,50.6
2,1778095863.8105462,1,102141,-0.143049,0.155945,0.396535,50.6
2,1778095863.8605027,1,102191,-0.142562,0.15648,0.406463,50.6
2,1778095863.9209816,1,102250,-0.141918,0.15708,0.426484,50.6
2,1778095863.9606283,1,102291,-0.140809,0.157925,0.458093,50.6
2,1778095864.0105228,1,102341,-0.139166,0.159347,0.503853,50.6
2,1778095864.061942,1,102391,-0.137545,0.160787,0.547373,50.6
2,1778095864.110944,1,102441,-0.136235,0.162017,0.585107,50.6
2,1778095864.1880305,1,102519,-0.134882,0.163582,0.62699,50.6
2,1778095864.210465,1,102542,-0.134725,0.163825,0.63379,50.6
2,1778095864.2804008,1,102608,-0.134495,0.164358,0.648877,50.6
2,1778095864.310682,1,102641,-0.134394,0.164622,0.657905,50.6
2,1778095864.3710847,1,102699,-0.134342,0.164923,0.667975,50.6
2,1778095864.415472,1,102741,-0.134366,0.165042,0.672418,50.6
2,1778095864.4676673,1,102791,-0.134338,0.165206,0.679958,50.6
2,1778095864.5110967,1,102842,-0.134107,0.165611,0.693201,50.6
2,1778095864.5671306,1,102892,-0.133659,0.166164,0.709952,50.6
2,1778095864.638897,1,102970,-0.132318,0.167725,0.746239,49.6
2,1778095864.6703134,1,102991,-0.131874,0.168251,0.757421,50.6
2,1778095864.7286522,1,103059,-0.130496,0.169919,0.787543,50.6
2,1778095864.7604744,1,103091,-0.130044,0.170432,0.798102,50.6
2,1778095864.818418,1,103149,-0.129262,0.171307,0.815251,50.6
2,1778095864.8614504,1,103191,-0.12879,0.171782,0.82884,50.6
2,1778095864.910523,1,103241,-0.127921,0.172815,0.855689,50.6
2,1778095864.960425,1,103291,-0.127061,0.173864,0.879431,50.6
2,1778095865.0124736,1,103341,-0.126378,0.174557,0.896286,50.6
2,1778095865.0907767,1,103419,-0.124747,0.176258,0.935081,50.6
2,1778095865.1144671,1,103441,-0.124425,0.176587,0.941566,50.6
2,1778095865.1791887,1,103509,-0.122662,0.178229,0.974431,50.6
2,1778095865.211079,1,103541,-0.121984,0.178884,0.986935,50.6
2,1778095865.269289,1,103600,-0.120277,0.180499,1.017303,50.6
2,1778095865.3145025,1,103641,-0.119382,0.181262,1.031663,50.6
2,1778095865.3605251,1,103692,-0.117984,0.182342,1.051873,50.6
2,1778095865.4216962,1,103741,-0.116684,0.183206,1.068889,50.6
2,1778095865.4604666,1,103791,-0.11533,0.183991,1.084748,50.6
2,1778095865.5390322,1,103869,-0.112875,0.185679,1.115599,50.6
2,1778095865.5612729,1,103891,-0.112253,0.186147,1.123823,50.6
2,1778095865.6295588,1,103959,-0.110209,0.187434,1.144407,50.6
2,1778095865.660416,1,103991,-0.109283,0.187992,1.154926,50.6
2,1778095865.7192957,1,104050,-0.107321,0.189229,1.176608,50.6
2,1778095865.76041,1,104091,-0.106163,0.189873,1.187313,50.6
2,1778095865.8105237,1,104142,-0.104237,0.190822,1.203659,50.6
2,1778095865.8603828,1,104191,-0.102447,0.191565,1.21825,50.6
2,1778095865.9104185,1,104241,-0.100522,0.192508,1.233676,50.6
2,1778095865.9907677,1,104320,-0.097441,0.193247,1.245876,50.6
2,1778095866.010943,1,104341,-0.096654,0.193384,1.249172,50.6
2,1778095866.0795236,1,104410,-0.093822,0.193844,1.260668,49.6
2,1778095866.110502,1,104441,-0.092547,0.194113,1.267195,50.6
2,1778095866.1699457,1,104500,-0.089889,0.194658,1.2786,50.6
2,1778095866.2109983,1,104541,-0.088065,0.19492,1.284953,50.6
2,1778095866.261518,1,104592,-0.085712,0.195218,1.291351,50.6
2,1778095866.3117242,1,104642,-0.083272,0.195486,1.298192,50.6
2,1778095866.3640063,1,104691,-0.080782,0.195531,1.298956,50.6
2,1778095866.4394608,1,104770,-0.076655,0.195177,1.299137,50.6
2,1778095866.4604342,1,104791,-0.075585,0.195086,1.299181,50.6
2,1778095866.5303705,1,104861,-0.072009,0.194771,1.299382,50.6
2,1778095866.5603652,1,104891,-0.070027,0.194584,1.299436,50.6
2,1778095866.6201763,1,104950,-0.066517,0.194217,1.299598,50.6
2,1778095866.6625278,1,104991,-0.064102,0.19394,1.299448,50.6
2,1778095866.7116609,1,105042,-0.061333,0.193467,1.296071,50.6
2,1778095866.7608197,1,105091,-0.05786,0.192767,1.294775,50.6
2,1778095866.8130286,1,105141,-0.054916,0.192226,1.293756,50.6
2,1778095866.8934283,1,105220,-0.049196,0.190633,1.280713,50.6
2,1778095866.911936,1,105241,-0.048163,0.190297,1.277575,50.6
2,1778095866.9800515,1,105311,-0.042851,0.188618,1.264719,49.6
2,1778095867.0112514,1,105341,-0.040646,0.18806,1.261167,50.6
2,1778095867.0722654,1,105401,-0.036146,0.186771,1.251813,50.6
2,1778095867.1165245,1,105441,-0.033036,0.186083,1.250455,50.6
2,1778095867.160526,1,105491,-0.02902,0.185344,1.250307,50.6
2,1778095867.2117975,1,105541,-0.024913,0.184586,1.250394,50.6
2,1778095867.2616668,1,105591,-0.021129,0.183865,1.250576,50.6
2,1778095867.3410475,1,105671,-0.013777,0.182423,1.250781,50.6
2,1778095867.3616817,1,105691,-0.012451,0.182157,1.250772,50.6
2,1778095867.4322205,1,105761,-0.005686,0.180766,1.251037,50.6
2,1778095867.4604552,1,105791,-0.003385,0.180278,1.251104,50.6
2,1778095867.5217938,1,105851,0.002707,0.178967,1.251323,50.6
2,1778095867.5604255,1,105891,0.006531,0.178126,1.25143,50.6
2,1778095867.611605,1,105941,0.011404,0.177029,1.251621,50.6
2,1778095867.6605983,1,105991,0.016373,0.175888,1.251783,50.6
2,1778095867.7113938,1,106041,0.021444,0.174704,1.252035,50.6
2,1778095867.7912788,1,106122,0.029738,0.172728,1.252189,50.6
2,1778095867.8103693,1,106141,0.031848,0.172221,1.252291,50.6
2,1778095867.8802683,1,106211,0.039355,0.170395,1.252432,50.6
2,1778095867.9104586,1,106241,0.042631,0.169589,1.25254,50.6
2,1778095867.9710019,1,106301,0.049285,0.167927,1.252784,50.6
2,1778095868.0106268,1,106341,0.053228,0.166926,1.252879,50.6
2,1778095868.0605419,1,106392,0.059508,0.165315,1.253067,50.6
2,1778095868.1115477,1,106441,0.065324,0.163809,1.253219,50.6
2,1778095868.1616404,1,106491,0.071245,0.162265,1.253429,50.6
2,1778095868.242749,1,106571,0.080929,0.159713,1.253525,50.6
2,1778095868.2611802,1,106591,0.083387,0.159058,1.253561,50.6
2,1778095868.331793,1,106661,0.092119,0.156714,1.253796,50.6
2,1778095868.3613667,1,106691,0.095922,0.155683,1.253847,50.6
2,1778095868.4209929,1,106752,0.103626,0.153588,1.254081,50.6
2,1778095868.4608796,1,106792,0.108832,0.152165,1.254191,50.6
2,1778095868.5105898,1,106842,0.115417,0.150353,1.254408,50.6
2,1778095868.5612051,1,106891,0.122095,0.148495,1.254562,50.6
2,1778095868.6103966,1,106941,0.128863,0.146587,1.254787,50.6
2,1778095868.6902704,1,107021,0.139197,0.143636,1.254935,50.6
2,1778095868.7104173,1,107042,0.142689,0.142631,1.254975,50.6
2,1778095868.7821612,1,107111,0.151883,0.139978,1.255223,50.6
2,1778095868.810427,1,107141,0.156897,0.138524,1.255291,50.6
2,1778095868.8724957,1,107201,0.165609,0.135975,1.255536,50.6
2,1778095868.910637,1,107242,0.171499,0.13424,1.255661,50.6
2,1778095868.9628916,1,107291,0.178201,0.132248,1.255879,50.6
2,1778095869.0107148,1,107341,0.1865,0.129771,1.25606,50.6
2,1778095869.0605054,1,107391,0.194137,0.127472,1.256279,50.6
2,1778095869.1450107,1,107472,0.206555,0.123692,1.25641,50.6
2,1778095869.160408,1,107491,0.2097,0.122732,1.256482,50.6
2,1778095869.233152,1,107562,0.220036,0.119564,1.256704,50.6
2,1778095869.2609413,1,107591,0.225664,0.11783,1.256754,50.6
2,1778095869.3214056,1,107652,0.235426,0.114797,1.256967,50.6
2,1778095869.362002,1,107691,0.242011,0.112738,1.257071,50.6
2,1778095869.4109066,1,107742,0.250331,0.110125,1.257239,50.6
2,1778095869.4609833,1,107791,0.258739,0.107472,1.257352,50.6
2,1778095869.5104978,1,107841,0.266392,0.105047,1.257555,50.6
2,1778095869.5914268,1,107922,0.281071,0.100374,1.257648,50.6
2,1778095869.6103642,1,107941,0.28369,0.099535,1.257669,50.6
2,1778095869.685463,1,108013,0.296913,0.095278,1.25788,49.6
2,1778095869.7103276,1,108041,0.30226,0.093546,1.257954,50.6
2,1778095869.772587,1,108102,0.313067,0.090029,1.258096,50.6
2,1778095869.8106635,1,108141,0.320353,0.087652,1.258163,50.6
2,1778095869.8641152,1,108192,0.329551,0.084634,1.258398,50.6
2,1778095869.9103959,1,108241,0.338839,0.081569,1.258552,50.6
2,1778095869.964378,1,108291,0.348228,0.078457,1.258807,50.6
2,1778095870.0419588,1,108372,0.36345,0.073389,1.258914,50.6
2,1778095870.0611732,1,108391,0.367296,0.072107,1.258938,50.6
2,1778095870.1315355,1,108462,0.380893,0.067559,1.259115,50.6
2,1778095870.1608055,1,108491,0.386787,0.065574,1.259205,50.6
2,1778095870.2224722,1,108552,0.398682,0.061556,1.259435,50.6
2,1778095870.263813,1,108591,0.406689,0.058843,1.259542,50.6
2,1778095870.3124876,1,108643,0.41678,0.055415,1.25973,50.6
2,1778095870.364913,1,108691,0.426971,0.051937,1.259878,50.6
2,1778095870.4105196,1,108741,0.43726,0.048412,1.260117,50.6
2,1778095870.494554,1,108822,0.453916,0.042662,1.260212,50.6
2,1778095870.5110862,1,108841,0.458119,0.041204,1.260286,50.6
2,1778095870.5818584,1,108912,0.472961,0.036047,1.260498,50.6
2,1778095870.6102858,1,108941,0.479385,0.03381,1.260542,50.6
2,1778095870.6734667,1,109002,0.492337,0.029294,1.260762,50.6
2,1778095870.711232,1,109042,0.501056,0.026245,1.260833,50.6
2,1778095870.7612565,1,109092,0.512035,0.02239,1.261127,50.6
2,1778095870.8110757,1,109141,0.52312,0.018481,1.261264,50.6
2,1778095870.8602915,1,109191,0.534309,0.014526,1.261493,50.6
2,1778095870.9422073,1,109273,0.551278,0.008515,1.261638,50.6
2,1778095870.960749,1,109291,0.556986,0.006492,1.261664,50.6
2,1778095871.031989,1,109362,0.57194,0.001173,1.261719,50.6
2,1778095871.0603173,1,109391,0.580059,-0.00173,1.261791,50.6
2,1778095871.121783,1,109453,0.594094,-0.006756,1.262047,50.6
2,1778095871.1613967,1,109491,0.603541,-0.010142,1.262109,50.6
2,1778095871.2111838,1,109542,0.614247,-0.01399,1.262266,50.6
2,1778095871.2603636,1,109591,0.627443,-0.018755,1.262396,50.6
2,1778095871.3104167,1,109641,0.63955,-0.023141,1.262556,50.6
2,1778095871.395238,1,109723,-0.483513,0.387878,1.262776,50.6
2,1778095871.4112284,1,109741,-0.483486,0.387866,1.262812,50.6
2,1778095871.4833467,1,109813,-0.483262,0.38777,1.26301,50.6
2,1778095871.510393,1,109841,-0.483113,0.387706,1.263022,50.6
2,1778095871.574425,1,109904,-0.482659,0.387513,1.263235,50.6
2,1778095871.611294,1,109941,-0.482302,0.387358,1.263226,50.6
2,1778095871.6642091,1,109993,-0.481766,0.387113,1.26339,50.6
2,1778095871.710539,1,110041,-0.481141,0.386819,1.26351,50.6
2,1778095871.760339,1,110091,-0.480491,0.386518,1.26367,50.6
2,1778095871.8423417,1,110173,-0.479052,0.385856,1.263775,50.6
2,1778095871.8602412,1,110191,-0.478672,0.385681,1.263822,50.6
2,1778095871.933518,1,110263,-0.477202,0.385016,1.263963,50.6
2,1778095871.9601877,1,110291,-0.476516,0.384703,1.263982,50.6
2,1778095872.0252163,1,110353,-0.475031,0.384032,1.264139,50.6
2,1778095872.0603082,1,110391,-0.47396,0.383555,1.264192,50.6
2,1778095872.113544,1,110443,-0.472531,0.382923,1.264382,50.6
2,1778095872.1603894,1,110491,-0.471168,0.382319,1.264486,50.6
2,1778095872.210589,1,110541,-0.469382,0.381538,1.264691,50.6
2,1778095872.2938607,1,110623,-0.466574,0.380299,1.264712,50.6
2,1778095872.314467,1,110641,-0.465831,0.37997,1.26472,50.6
2,1778095872.3830884,1,110713,-0.463108,0.378775,1.264944,50.6
2,1778095872.4157903,1,110741,-0.461879,0.378242,1.264969,50.6
2,1778095872.472877,1,110803,-0.459314,0.37713,1.265187,50.6
2,1778095872.513842,1,110841,-0.457532,0.376347,1.265331,50.6
2,1778095872.56847,1,110893,-0.454982,0.375217,1.265492,50.6
2,1778095872.6138635,1,110941,-0.452807,0.374246,1.265602,50.6
2,1778095872.6662722,1,110991,-0.450297,0.373124,1.265784,50.6
2,1778095872.7434485,1,111073,-0.445802,0.371113,1.265902,50.6
2,1778095872.7601552,1,111092,-0.444977,0.370746,1.265962,50.6
2,1778095872.834263,1,111164,-0.440716,0.368843,1.266162,50.6
2,1778095872.8604722,1,111191,-0.439245,0.368183,1.266199,50.6
2,1778095872.9236155,1,111253,-0.435305,0.366406,1.266308,50.6
2,1778095872.961492,1,111292,-0.433113,0.365415,1.266343,50.6
2,1778095873.0138366,1,111343,-0.430223,0.364106,1.266514,50.6
2,1778095873.0603883,1,111391,-0.426573,0.362455,1.266675,50.6
2,1778095873.112438,1,111441,-0.423153,0.360907,1.266883,50.6
2,1778095873.1937027,1,111492,-0.41999,0.359472,1.266959,50.6
2,1778095873.215138,1,111541,-0.416018,0.357669,1.266906,50.6
2,1778095873.282534,1,111613,-0.410405,0.355125,1.267105,50.6
2,1778095873.316819,1,111641,-0.408486,0.354254,1.2672,50.6
2,1778095873.3728092,1,111704,-0.403376,0.351945,1.267449,50.6
2,1778095873.4181843,1,111741,-0.400554,0.35067,1.267507,50.6
2,1778095873.4643092,1,111794,-0.396022,0.348612,1.267709,50.6
2,1778095873.511175,1,111841,-0.392224,0.346881,1.267739,50.6
2,1778095873.5609918,1,111891,-0.387912,0.344909,1.267907,50.6
2,1778095873.6431262,1,111942,-0.383946,0.343095,1.268027,50.6
2,1778095873.6629827,1,111991,-0.379454,0.341042,1.268124,50.6
2,1778095873.735721,1,112064,-0.372067,0.337659,1.268258,50.6
2,1778095873.7624736,1,112091,-0.370181,0.336791,1.268374,50.6
2,1778095873.825893,1,112154,-0.363933,0.333906,1.268572,50.6
2,1778095873.8649921,1,112191,-0.360013,0.332085,1.268627,50.6
2,1778095873.9124625,1,112244,-0.354512,0.329535,1.268785,50.6
2,1778095873.9613214,1,112291,-0.349934,0.327416,1.268852,50.6
2,1778095874.0110664,1,112341,-0.344755,0.325022,1.269058,50.6
2,1778095874.0964484,1,112391,-0.339483,0.32258,1.269174,50.6
2,1778095874.1104708,1,112441,-0.334112,0.320095,1.269179,50.6
2,1778095874.1834037,1,112514,-0.325876,0.316291,1.269232,50.6
2,1778095874.2101016,1,112541,-0.323082,0.315002,1.269231,50.6
2,1778095874.2744544,1,112604,-0.315708,0.311601,1.26943,50.6
2,1778095874.310537,1,112641,-0.311674,0.30974,1.269409,50.6
2,1778095874.364054,1,112694,-0.305245,0.306765,1.269651,50.6
2,1778095874.413975,1,112741,-0.300502,0.304569,1.269713,50.6
2,1778095874.4624197,1,112791,-0.293873,0.301503,1.269879,50.6
2,1778095874.547727,1,112841,-0.287743,0.29867,1.269981,50.6
2,1778095874.5600255,1,112891,-0.281511,0.295792,1.270041,50.6
2,1778095874.6380186,1,112965,-0.271975,0.291391,1.27026,50.6
2,1778095874.660314,1,112991,-0.268747,0.289901,1.27032,50.6
2,1778095874.7263703,1,113056,-0.260233,0.28597,1.270523,50.6
2,1778095874.7603562,1,113091,-0.255579,0.283818,1.270561,50.6
2,1778095874.8261786,1,113145,-0.248171,0.28039,1.270759,50.6
2,1778095874.8611743,1,113191,-0.242709,0.277862,1.270863,50.6
2,1778095874.911226,1,113242,-0.235098,0.274339,1.271053,50.6
2,1778095874.9636183,1,113291,-0.228779,0.271406,1.271132,50.6
2,1778095875.0194385,1,113341,-0.220956,0.267752,1.271344,50.6
2,1778095875.0860753,1,113414,-0.210093,0.262686,1.271527,50.6
2,1778095875.1154637,1,113441,-0.20642,0.260976,1.271573,50.6
2,1778095875.179327,1,113505,-0.196757,0.256478,1.271791,50.6
2,1778095875.2113988,1,113542,-0.191489,0.254024,1.271892,50.6
2,1778095875.264725,1,113594,-0.183119,0.250112,1.272175,50.6
2,1778095875.310235,1,113641,-0.176182,0.246863,1.272268,50.6
2,1778095875.3607943,1,113691,-0.168383,0.243214,1.272462,50.6
2,1778095875.4103549,1,113741,-0.160487,0.239516,1.272563,50.6
2,1778095875.4626715,1,113791,-0.152496,0.235783,1.272768,50.6
2,1778095875.5345135,1,113864,-0.14115,0.23049,1.272854,50.6
2,1778095875.5687292,1,113891,-0.136231,0.228198,1.272866,50.6
2,1778095875.6261156,1,113955,-0.125458,0.223169,1.273049,50.6
2,1778095875.662267,1,113991,-0.119589,0.220424,1.273107,50.6
2,1778095875.7173867,1,114045,-0.110279,0.216061,1.273219,50.6
2,1778095875.764787,1,114091,-0.102578,0.212448,1.273346,50.6
2,1778095875.810344,1,114141,-0.09393,0.208389,1.273494,50.6
2,1778095875.8637984,1,114191,-0.085189,0.204282,1.273651,50.6
2,1778095875.9102266,1,114241,-0.07724,0.200548,1.27382,50.6
2,1778095875.9847682,1,114316,-0.063817,0.194245,1.274009,50.6
2,1778095876.0111158,1,114341,-0.058387,0.191698,1.273967,50.6
2,1778095876.0748556,1,114405,-0.047408,0.18656,1.274125,50.6
2,1778095876.1101377,1,114441,-0.040012,0.183106,1.274213,50.6
2,1778095876.1710737,1,114495,-0.029734,0.178305,1.274423,50.6
2,1778095876.2114198,1,114541,-0.021247,0.174338,1.274508,50.6
2,1778095876.260352,1,114591,-0.011718,0.169888,1.274774,50.6
2,1778095876.310168,1,114642,-0.002089,0.165398,1.274881,50.6
2,1778095876.3610032,1,114691,0.006664,0.16132,1.275016,50.6
2,1778095876.4364622,1,114765,0.022407,0.153989,1.275217,50.6
2,1778095876.4601765,1,114791,0.027378,0.151674,1.27525,50.6
2,1778095876.526376,1,114855,0.040426,0.145598,1.275501,50.6
2,1778095876.5636346,1,114891,0.047518,0.142291,1.27559,50.6
2,1778095876.6170983,1,114946,0.058759,0.137044,1.275793,50.6
2,1778095876.6605392,1,114991,0.067005,0.133196,1.275901,50.6
2,1778095876.7220397,1,115041,0.078453,0.127855,1.276066,50.6
2,1778095876.7618518,1,115092,0.088963,0.122953,1.276197,50.6
2,1778095876.8174105,1,115141,0.099572,0.118002,1.276345,50.6
2,1778095876.8863328,1,115216,0.115665,0.110499,1.276586,50.6
2,1778095876.91024,1,115241,0.12108,0.107974,1.276612,50.6
2,1778095876.9828656,1,115306,0.135274,0.101351,1.276735,50.6
2,1778095877.010987,1,115341,0.142989,0.097755,1.276731,50.6
2,1778095877.0654294,1,115396,0.155195,0.092063,1.276978,50.6
2,1778095877.1132905,1,115441,0.16414,0.087892,1.277054,50.6
2,1778095877.1662152,1,115491,0.176534,0.082113,1.277273,50.6
2,1778095877.212438,1,115541,0.187913,0.076814,1.277414,50.6
2,1778095877.2622106,1,115592,0.199385,0.071474,1.277569,50.6
2,1778095877.334976,1,115666,0.216771,0.063407,1.277692,50.6
2,1778095877.3602054,1,115691,0.222618,0.060695,1.277753,50.6
2,1778095877.425338,1,115755,0.237926,0.053589,1.277996,50.6
2,1778095877.4601023,1,115791,0.246235,0.049732,1.278087,50.6
2,1778095877.5159857,1,115846,0.259384,0.043628,1.278361,50.6
2,1778095877.5601444,1,115891,0.270231,0.038601,1.278486,50.6
2,1778095877.6203775,1,115941,0.282375,0.032978,1.278641,50.6
2,1778095877.6604362,1,115992,0.294618,0.027307,1.278757,50.6
2,1778095877.7104259,1,116041,0.306958,0.021599,1.278946,50.6
2,1778095877.7845285,1,116116,0.324393,0.013527,1.279117,50.6
2,1778095877.8116887,1,116141,0.331923,0.010041,1.279142,50.6
2,1778095877.8810465,1,116207,0.348362,0.002429,1.279327,50.6
2,1778095877.9120584,1,116241,0.357285,-0.001709,1.279444,50.6
2,1778095877.9659765,1,116296,0.370121,-0.007662,1.279617,50.6
2,1778095878.012752,1,116341,0.383061,-0.013668,1.27978,50.6
2,1778095878.0612006,1,116391,0.396103,-0.019725,1.279968,50.6
2,1778095878.1131833,1,116441,0.409245,-0.025833,1.28005,50.6
2,1778095878.1667624,1,116491,0.421164,-0.031368,1.280244,50.6
2,1778095878.2372327,1,116566,0.442561,-0.041289,1.280379,50.6
2,1778095878.2610476,1,116591,0.447946,-0.043789,1.280503,50.6
2,1778095878.3275166,1,116656,0.465563,-0.051975,1.280736,50.6
2,1778095878.3600986,1,116691,0.476486,-0.057057,1.280721,50.6
2,1778095878.4163754,1,116746,0.49161,-0.064101,1.280935,50.6
2,1778095878.462158,1,116791,0.504063,-0.069908,1.281033,50.6
2,1778095878.515131,1,116841,0.517994,-0.076405,1.281235,50.6
2,1778095878.566187,1,116891,0.532018,-0.082942,1.281321,50.6
2,1778095878.6178086,1,116941,0.54473,-0.08886,1.28153,50.6
2,1778095878.691005,1,117016,0.567499,-0.099466,1.281723,50.6
2,1778095878.7142384,1,117041,0.574662,-0.102801,1.281772,50.6
2,1778095878.7793026,1,117107,0.593409,-0.111519,1.282012,50.6
2,1778095878.8168373,1,117142,0.603574,-0.116242,1.282136,50.6
2,1778095878.8654873,1,117196,0.619654,-0.123719,1.282275,50.6
2,1778095878.914796,1,117241,0.631419,-0.129198,1.282396,50.6
2,1778095878.9602666,1,117292,0.647701,-0.136779,1.282631,50.6
2,1778095879.0103312,1,117341,0.662599,-0.14371,1.282752,50.6
2,1778095879.0611963,1,117391,0.677595,-0.150692,1.282895,50.6
2,1778095879.1363494,1,117467,0.700262,-0.161254,1.283027,50.6
2,1778095879.1629238,1,117491,0.707867,-0.164799,1.283044,50.6
2,1778095879.2278767,1,117557,0.727746,-0.174077,1.283292,50.6
2,1778095879.260119,1,117591,0.738519,-0.179106,1.283342,50.6
2,1778095879.319011,1,117647,0.755543,-0.187043,1.283633,50.6
2,1778095879.3624334,1,117691,0.767998,-0.192843,1.28374,50.6
2,1778095879.4125338,1,117742,0.78523,-0.200858,1.283956,50.6
2,1778095879.461583,1,117791,0.799417,-0.207463,1.284068,50.6
2,1778095879.510212,1,117841,0.816864,-0.215594,1.284288,50.6
2,1778095879.5874994,1,117917,0.840844,-0.226768,1.284349,50.6
2,1778095879.6103647,1,117941,0.848889,-0.230513,1.284457,50.6
2,1778095879.6821055,1,118007,0.869923,-0.240292,1.284658,50.6
2,1778095879.710427,1,118041,0.881319,-0.245588,1.284723,50.6
2,1778095879.776002,1,118098,0.899329,-0.253948,1.284907,50.6
2,1778095879.8103726,1,118141,0.914158,-0.260827,1.285009,50.6
2,1778095879.8643482,1,118192,0.930728,-0.268512,1.285147,50.6
2,1778095879.914357,1,118241,0.9474,-0.276243,1.285261,50.6
2,1778095879.962207,1,118291,0.964173,-0.28401,1.285488,50.6
2,1778095880.0478902,1,118367,0.987836,-0.29496,1.2856,50.6
2,1778095880.0621333,1,118391,0.998038,-0.29968,1.285625,50.6
2,1778095880.1347218,1,118457,1.020261,-0.309974,1.28582,50.6
2,1778095880.1694262,1,118491,1.032294,-0.31555,1.28594,50.6
2,1778095880.2153208,1,118547,1.049567,-0.323552,1.286112,50.6
2,1778095880.2640567,1,118591,1.066938,-0.331593,1.286242,50.6
2,1778095880.3118656,1,118642,1.082652,-0.338865,1.286455,50.6
2,1778095880.3743293,1,118691,1.101955,-0.347789,1.286599,50.6
2,1778095880.4110622,1,118741,1.117834,-0.355131,1.286805,50.6
2,1778095880.4998507,1,118817,1.14447,-0.367453,1.286904,50.6
2,1778095880.5100617,1,118842,1.155182,-0.372408,1.287022,50.6
2,1778095880.5762212,1,118907,1.176706,-0.382367,1.28717,50.6
2,1778095880.610349,1,118941,1.19113,-0.389046,1.287199,50.6
2,1778095880.6674345,1,118998,1.211071,-0.398283,1.287387,50.6
2,1778095880.710168,1,119042,1.227467,-0.405884,1.28751,50.6
2,1778095880.762678,1,119091,1.245777,-0.414373,1.287631,50.6
2,1778095880.8128674,1,119141,1.264175,-0.422902,1.287709,50.6
2,1778095880.8616316,1,119191,-0.479181,0.383836,1.287976,50.6
2,1778095880.9364107,1,119268,-0.478898,0.383717,1.288124,50.6
2,1778095880.9617598,1,119291,-0.478789,0.383667,1.288124,50.6
2,1778095881.0283504,1,119358,-0.478228,0.383407,1.288277,50.6
2,1778095881.063091,1,119391,-0.477993,0.383297,1.288347,50.6
2,1778095881.1179738,1,119448,-0.477324,0.382981,1.288532,50.6
2,1778095881.1624382,1,119491,-0.476801,0.382735,1.288671,50.6
2,1778095881.2120771,1,119541,-0.47597,0.382346,1.28891,50.6
2,1778095881.3131876,1,119641,-0.474161,0.381457,1.289198,50.6
2,1778095881.4011235,1,119718,-0.472562,0.380674,1.28945,51.6
2,1778095881.4791453,1,119808,-0.470362,0.379614,1.28982,50.6
2,1778095881.510049,1,119841,-0.469421,0.379167,1.289911,50.6
2,1778095881.571803,1,119898,-0.467863,0.378417,1.290135,50.6
2,1778095881.6101675,1,119941,-0.466666,0.377846,1.290274,50.6
2,1778095881.8375328,1,120168,-0.458494,0.37408,1.29123,51.6
2,1778095881.864637,1,120191,-0.457478,0.373619,1.291347,50.6
2,1778095881.933747,1,120258,-0.454738,0.372363,1.291523,51.6
2,1778095881.9659638,1,120292,-0.453199,0.371656,1.291697,50.6
2,1778095882.0688796,1,120391,-0.448542,0.369524,1.291996,50.6
2,1778095882.1599927,1,120491,-0.443486,0.367229,1.292338,50.6
2,1778095882.2104685,1,120541,-0.440808,0.366014,1.292521,50.6
2,1778095882.2875478,1,120619,-0.436315,0.363975,1.292569,50.6
2,1778095882.3103352,1,120641,-0.435152,0.363449,1.292633,50.6
2,1778095882.4101584,1,120741,-0.429101,0.360732,1.292924,50.6
2,1778095882.4910655,1,120798,-0.425937,0.359316,1.293097,50.6
2,1778095882.5109148,1,120841,-0.422676,0.357865,1.293276,50.6
2,1778095882.661338,1,120991,-0.412678,0.353426,1.293724,50.6
2,1778095882.7601283,1,121091,-0.404936,0.350003,1.29402,50.6
2,1778095882.8474326,1,121159,-0.399905,0.347793,1.294198,50.6
2,1778095882.8614323,1,121191,-0.397124,0.346577,1.29431,51.6
2,1778095883.0114064,1,121341,-0.384683,0.341129,1.294842,50.6
2,1778095883.060797,1,121391,-0.380341,0.339226,1.294986,50.6
2,1778095883.1887417,1,121519,-0.368562,0.33408,1.295555,51.6
2,1778095883.2118356,1,121541,-0.367163,0.333469,1.295602,51.6
2,1778095883.2955592,1,121609,-0.360038,0.330361,1.295775,51.6
2,1778095883.3680131,1,121699,-0.35121,0.326503,1.296058,51.6
2,1778095883.4112659,1,121741,-0.347192,0.324746,1.296168,51.6
2,1778095883.4612398,1,121791,-0.342078,0.322514,1.296388,51.6
2,1778095883.510711,1,121842,-0.33687,0.32024,1.296458,50.6
2,1778095883.561368,1,121891,-0.331559,0.317917,1.296672,51.6
2,1778095883.64036,1,121969,-0.322865,0.314136,1.29678,50.6
2,1778095883.662989,1,121991,-0.320654,0.313177,1.29683,50.6
2,1778095883.7601118,1,122091,-0.309359,0.308284,1.297177,50.6
2,1778095883.81906,1,122149,-0.302983,0.305518,1.297385,50.6
2,1778095883.8611794,1,122191,-0.298273,0.303475,1.297518,50.6
2,1778095883.9605684,1,122291,-0.28561,0.297997,1.297817,50.6
2,1778095884.0118158,1,122341,-0.279431,0.295322,1.298096,50.6
2,1778095884.0917056,1,122419,-0.269348,0.290952,1.298278,50.6
2,1778095884.1802843,1,122511,-0.257688,0.285905,1.298582,50.6
2,1778095884.2116964,1,122541,-0.253731,0.284192,1.29862,50.6
2,1778095884.2889917,1,122600,-0.245714,0.280736,1.298836,51.6
2,1778095884.3127594,1,122641,-0.240294,0.2784,1.299039,51.6
2,1778095884.361091,1,122692,-0.233434,0.275443,1.299188,51.6
2,1778095884.4119725,1,122741,-0.226471,0.272445,1.299332,50.6
2,1778095884.4620237,1,122791,-0.219417,0.26941,1.299496,50.6
2,1778095884.5399802,1,122869,-0.207929,0.264458,1.299563,50.6
2,1778095884.561073,1,122891,-0.205015,0.263201,1.299596,50.6
2,1778095884.6283498,1,122959,-0.195435,0.259075,1.299734,50.6
2,1778095884.6609771,1,122991,-0.190207,0.256823,1.299739,50.6
2,1778095884.7517483,1,123049,-0.181126,0.252927,1.299928,50.6
2,1778095884.9883943,1,123319,-0.138642,0.234672,1.300879,51.6
2,1778095885.0161576,1,123341,-0.135386,0.23327,1.301,50.6
2,1778095885.080382,1,123410,-0.12387,0.228307,1.301153,51.6
2,1778095885.1105626,1,123441,-0.118874,0.226156,1.301353,50.6
2,1778095885.2100837,1,123541,-0.10195,0.218872,1.301656,50.6
2,1778095885.2613614,1,123592,-0.093347,0.215176,1.301826,50.6
2,1778095885.3099723,1,123641,-0.084647,0.211449,1.301973,50.6
2,1778095885.4408069,1,123770,-0.061551,0.201576,1.302435,50.6
2,1778095885.460576,1,123791,-0.058845,0.200419,1.30244,50.6
2,1778095885.5503783,1,123860,-0.045178,0.194573,1.302546,50.6
2,1778095885.7101068,1,124042,-0.011461,0.180082,1.303134,51.6
2,1778095885.7617748,1,124091,-0.001882,0.175951,1.303264,50.6
2,1778095885.8099563,1,124141,0.007797,0.171775,1.303409,51.6
2,1778095885.889345,1,124220,0.023479,0.165009,1.303666,51.6
2,1778095885.913276,1,124241,0.027437,0.163298,1.303749,51.6
2,1778095885.979346,1,124310,0.041421,0.157246,1.304005,51.6
2,1778095886.010497,1,124341,0.047481,0.154627,1.304075,51.6
2,1778095886.1139834,1,124401,0.059704,0.149344,1.304285,51.6
2,1778095886.1140072,1,124442,0.066901,0.146231,1.304441,51.6
2,1778095886.211064,1,124541,0.088746,0.136744,1.30484,51.6
2,1778095886.2625375,1,124591,0.099294,0.132162,1.305035,51.6
2,1778095886.3400192,1,124670,0.116376,0.124742,1.305205,51.6
2,1778095886.3599749,1,124691,0.120687,0.122869,1.305241,50.6
2,1778095886.4632776,1,124791,0.142488,0.113428,1.305392,50.6
2,1778095886.5629654,1,124891,0.164691,0.103834,1.305793,50.6
2,1778095886.6099472,1,124942,0.175935,0.098982,1.305982,50.6
2,1778095886.6600726,1,124991,0.187278,0.094086,1.30607,50.6
2,1778095886.7113922,1,125041,0.198713,0.089146,1.306229,51.6
2,1778095886.7890759,1,125120,0.216056,0.081654,1.306381,51.6
2,1778095886.809875,1,125141,0.221889,0.079134,1.306406,50.6
2,1778095886.87922,1,125210,0.237175,0.072526,1.30652,51.6
2,1778095886.9102306,1,125241,0.245474,0.068942,1.306522,50.6
2,1778095887.0109265,1,125342,-0.483805,0.383605,1.30695,51.6
2,1778095887.11039,1,125441,-0.483288,0.383378,1.307202,50.6
2,1778095887.1608157,1,125491,-0.48288,0.383201,1.307398,51.6
2,1778095887.2392821,1,125571,-0.482082,0.382851,1.307538,50.6
2,1778095887.2607124,1,125591,-0.481833,0.382743,1.307528,50.6
2,1778095887.3310955,1,125661,-0.480825,0.382311,1.307718,50.6
2,1778095887.3619075,1,125691,-0.480248,0.382068,1.307752,50.6
2,1778095887.4197521,1,125751,-0.479127,0.381608,1.307932,51.6
2,1778095887.4643853,1,125791,-0.478304,0.381269,1.308041,50.6
2,1778095887.5099773,1,125842,-0.477188,0.380806,1.308205,50.6
2,1778095887.561144,1,125891,-0.475981,0.380303,1.308331,50.6
2,1778095887.6104364,1,125941,-0.474673,0.379751,1.308518,51.6
2,1778095887.7099428,1,126042,-0.471948,0.378583,1.308664,50.6
2,1778095887.7824082,1,126111,-0.46954,0.377558,1.308828,50.6
2,1778095887.8099146,1,126141,-0.468688,0.377194,1.308918,50.6
2,1778095887.8713148,1,126201,-0.466346,0.3762,1.309097,50.6
2,1778095887.9133654,1,126242,-0.464823,0.375555,1.309167,50.6
2,1778095887.967116,1,126291,-0.462828,0.374711,1.309394,50.6
2,1778095888.0676184,1,126391,-0.458544,0.372902,1.309656,51.6
2,1778095888.1403651,1,126471,-0.454827,0.371341,1.309778,50.6
2,1778095888.16848,1,126491,-0.453855,0.370939,1.309808,50.6
2,1778095888.2303393,1,126561,-0.450331,0.369486,1.310016,50.6
2,1778095888.2608726,1,126591,-0.448759,0.368835,1.310037,50.6
2,1778095888.325248,1,126651,-0.445511,0.367491,1.310147,50.6
2,1778095888.3601441,1,126692,-0.443263,0.36656,1.310268,50.6
2,1778095888.4114747,1,126741,-0.440364,0.365358,1.310489,51.6
2,1778095888.4599497,1,126791,-0.437364,0.364113,1.310625,51.6
2,1778095888.50999,1,126841,-0.434266,0.362834,1.310853,51.6
2,1778095888.591762,1,126922,-0.429117,0.360711,1.310953,50.6
2,1778095888.611208,1,126941,-0.42779,0.360162,1.310974,50.6
2,1778095888.6838553,1,127011,-0.423024,0.358181,1.311103,50.6
2,1778095888.7693555,1,127101,-0.41662,0.355522,1.311396,50.6
2,1778095888.810875,1,127142,-0.413679,0.354299,1.311506,50.6
2,1778095888.8599374,1,127192,-0.410298,0.352886,1.311657,51.6
2,1778095888.9098995,1,127241,-0.406055,0.3511,1.311831,50.6
2,1778095888.9611857,1,127291,-0.402105,0.349433,1.31194,51.6
2,1778095889.0400224,1,127371,-0.396004,0.346871,1.312074,50.6
2,1778095889.0648394,1,127391,-0.393918,0.345998,1.312079,50.6
2,1778095889.1306844,1,127461,-0.387933,0.343501,1.312284,50.6
2,1778095889.1620538,1,127491,-0.385308,0.342402,1.312365,50.6
2,1778095889.2609556,1,127591,-0.376299,0.338629,1.312522,50.6
2,1778095889.3094726,1,127641,-0.372105,0.336877,1.31262,50.6
2,1778095889.359996,1,127691,-0.36687,0.334695,1.312756,50.6
2,1778095889.4103,1,127741,-0.362009,0.332669,1.312902,50.6
2,1778095889.4953992,1,127822,-0.354535,0.329557,1.313051,50.6
2,1778095889.5121367,1,127841,-0.352507,0.328712,1.313044,50.6
2,1778095889.6055574,1,127912,-0.345278,0.325696,1.313195,50.6
2,1778095889.6114907,1,127942,-0.342121,0.324376,1.313241,51.6
2,1778095889.6713316,1,128002,-0.33515,0.321465,1.3135,50.6
2,1778095889.7137716,1,128041,-0.33078,0.319642,1.313535,50.6
2,1778095889.7603958,1,128092,-0.325221,0.317329,1.313716,50.6
2,1778095889.8104491,1,128141,-0.319563,0.314975,1.31382,50.6
2,1778095889.8599563,1,128191,-0.314386,0.312822,1.313997,50.6
2,1778095889.9433706,1,128272,-0.304391,0.308691,1.314022,50.6
2,1778095889.9598238,1,128291,-0.301997,0.307705,1.314068,50.6
2,1778095890.0329485,1,128362,-0.293478,0.304209,1.314181,50.6
2,1778095890.0629609,1,128391,-0.289765,0.302686,1.314226,50.6
2,1778095890.1213007,1,128452,-0.282221,0.299598,1.314441,51.6
2,1778095890.1612556,1,128492,-0.277111,0.297512,1.314547,50.6
2,1778095890.3116283,1,128641,-0.257393,0.28946,1.315097,50.6
2,1778095890.3920953,1,128722,-0.246527,0.285015,1.315251,50.6
2,1778095890.4137537,1,128741,-0.243771,0.283885,1.315291,50.6
2,1778095890.4919636,1,128813,-0.234002,0.279869,1.315415,50.6
2,1778095890.5103898,1,128841,-0.229757,0.278119,1.315429,50.6
2,1778095890.5967946,1,128903,-0.22117,0.274574,1.315554,50.6
2,1778095890.6138265,1,128941,-0.216099,0.272483,1.31571,51.6
2,1778095890.660866,1,128992,-0.208045,0.269159,1.315863,51.6
2,1778095890.711312,1,129041,-0.201368,0.266401,1.315982,50.6
2,1778095890.7614408,1,129091,-0.193091,0.262983,1.316165,50.6
2,1778095890.8432004,1,129172,-0.18084,0.25792,1.316214,50.6
2,1778095890.8602498,1,129191,-0.177737,0.256636,1.316216,50.6
2,1778095890.9327266,1,129262,-0.166747,0.25209,1.316394,50.6
2,1778095890.962265,1,129291,-0.161973,0.250115,1.316445,50.6
2,1778095891.0610192,1,129391,-0.145791,0.243411,1.316835,50.6
2,1778095891.1603425,1,129491,-0.129205,0.23655,1.317155,50.6
2,1778095891.2098727,1,129541,-0.12076,0.233062,1.317353,50.6
2,1778095891.308394,1,129622,-0.107908,0.227746,1.317478,50.6
2,1778095891.3110147,1,129642,-0.103572,0.225953,1.317569,51.6
2,1778095891.405298,1,129713,-0.091295,0.220884,1.31766,50.6
2,1778095891.4098082,1,129742,-0.085971,0.218697,1.317819,51.6
2,1778095891.4741027,1,129803,-0.076119,0.214657,1.317939,51.6
2,1778095891.509812,1,129841,-0.067973,0.211317,1.318091,50.6
2,1778095891.5620131,1,129892,-0.059744,0.207938,1.31822,50.6
2,1778095891.609807,1,129941,-0.049573,0.203763,1.318372,50.6
2,1778095891.660848,1,129991,-0.040222,0.199926,1.318499,50.6
2,1778095891.7449157,1,130074,-0.024101,0.193312,1.318615,50.6
2,1778095891.7605176,1,130091,-0.022187,0.192526,1.318705,50.6
2,1778095891.8341897,1,130163,-0.007694,0.186592,1.318795,50.6
2,1778095891.9294124,1,130253,0.010007,0.179342,1.319075,50.6
2,1778095892.0152276,1,130343,0.02803,0.171969,1.319382,51.6
2,1778095892.1113586,1,130441,0.048432,0.163607,1.319633,51.6
2,1778095892.1946704,1,130523,0.065049,0.1568,1.319764,50.6
2,1778095892.2097216,1,130541,0.069243,0.155086,1.319773,50.6
2,1778095892.2852554,1,130613,0.085121,0.148602,1.31996,50.6
2,1778095892.3102052,1,130641,0.09046,0.14642,1.319968,50.6
2,1778095892.376103,1,130704,0.104462,0.14069,1.320216,50.6
2,1778095892.4110458,1,130741,0.112072,0.137576,1.320233,50.6
2,1778095892.510495,1,130841,0.134109,0.128568,1.320447,50.6
2,1778095892.5602133,1,130891,0.145269,0.124008,1.320654,50.6
2,1778095892.6442273,1,130974,0.164459,0.11617,1.320829,50.6
2,1778095892.6622305,1,130991,0.167874,0.114775,1.320854,50.6
2,1778095892.864455,1,131191,0.214287,0.095847,1.321409,50.6
2,1778095892.9123533,1,131243,0.226124,0.091019,1.321576,51.6
2,1778095892.9624772,1,131291,0.236859,0.086637,1.321703,51.6
2,1778095893.011435,1,131341,0.250078,0.081235,1.321917,51.6
2,1778095893.092406,1,131392,0.260986,0.07678,1.321997,51.6
2,1778095893.1842344,1,131514,0.292946,0.063757,1.322389,51.6
2,1778095893.2097006,1,131541,0.299166,0.061224,1.322443,50.6
2,1778095893.2921069,1,131604,0.315447,0.054586,1.322664,51.6
2,1778095893.3123384,1,131641,0.32428,0.050977,1.322819,51.6
2,1778095893.411834,1,131741,0.349764,0.040573,1.323112,51.6
2,1778095893.4597943,1,131791,0.362649,0.035315,1.323287,51.6
2,1778095893.5439343,1,131842,0.374331,0.030547,1.323364,51.6
2,1778095893.5611584,1,131891,0.388719,0.024676,1.323428,50.6
2,1778095893.6328015,1,131964,0.408543,0.016593,1.323552,50.6
2,1778095893.6627808,1,131991,0.4152,0.013876,1.323612,50.6
2,1778095893.722968,1,132054,0.432636,0.006764,1.323707,51.6
2,1778095893.7614298,1,132091,0.442099,0.002906,1.323867,51.6
2,1778095893.8122575,1,132144,0.455702,-0.002641,1.32401,51.6
2,1778095893.8627474,1,132191,0.469398,-0.008227,1.324146,50.6
2,1778095893.910313,1,132241,0.483191,-0.013849,1.32431,50.6
2,1778095893.9943688,1,132291,0.495692,-0.018942,1.32445,50.6
2,1778095894.0098968,1,132341,0.509682,-0.024635,1.324556,50.6
2,1778095894.0836995,1,132414,0.532281,-0.033812,1.324685,50.6
2,1778095894.1109576,1,132441,0.53797,-0.03612,1.324779,50.6
2,1778095894.2097495,1,132541,0.568102,-0.048347,1.325144,50.6
2,1778095894.3599403,1,132691,0.611906,-0.066068,1.325597,51.6
2,1778095894.4426258,1,132741,0.626696,-0.072043,1.325701,50.6
2,1778095894.4594107,1,132791,0.641589,-0.078055,1.325657,50.6
2,1778095894.5421047,1,132864,0.664123,-0.087141,1.325814,50.6
2,1778095894.5606394,1,132891,0.670173,-0.089581,1.325831,50.6
2,1778095894.6261644,1,132954,0.691494,-0.098187,1.325957,50.6
2,1778095894.6623213,1,132991,0.70223,-0.102528,1.326024,50.6
2,1778095894.7141798,1,133044,0.719191,-0.109393,1.326234,50.6
2,1778095894.7595568,1,133091,0.731599,-0.114416,1.326356,50.6
2,1778095894.8137584,1,133141,0.748766,-0.121352,1.326566,50.6
2,1778095894.861234,1,133191,0.764472,-0.127696,1.326735,50.6
2,1778095894.9102635,1,133241,0.780282,-0.134075,1.3269,50.6
2,1778095894.9901526,1,133316,0.804179,-0.14373,1.326952,50.6
2,1778095895.01125,1,133341,0.812197,-0.146968,1.327029,50.6
2,1778095895.1629665,1,133494,0.862452,-0.167259,1.327632,50.6
2,1778095895.2134662,1,133541,0.875575,-0.172556,1.327752,50.6
2,1778095895.3096604,1,133641,0.910326,-0.18657,1.328042,50.6
2,1778095895.3602195,1,133691,0.927035,-0.193299,1.32825,50.6
2,1778095895.4361744,1,133765,0.952285,-0.203463,1.328394,50.6
2,1778095895.4597447,1,133791,0.96076,-0.206871,1.328436,50.6
2,1778095895.5623665,1,133891,0.994916,-0.220607,1.328726,51.6
2,1778095895.6153195,1,133944,1.013865,-0.228227,1.328973,50.6
2,1778095895.6594381,1,133991,1.029458,-0.23449,1.329099,50.6
2,1778095895.7105565,1,134041,1.04687,-0.241484,1.329255,50.6
2,1778095895.762053,1,134091,1.064383,-0.248525,1.329365,51.6
2,1778095895.8106513,1,134141,1.081988,-0.255602,1.32958,51.6
2,1778095895.8880727,1,134215,1.106796,-0.265577,1.329855,51.6
2,1778095895.9097087,1,134241,1.117489,-0.269881,1.32995,51.6
2,1778095895.9757802,1,134305,1.140785,-0.279249,1.330161,51.6
2,1778095896.0113108,1,134341,1.153405,-0.284313,1.330194,51.6
2,1778095896.0632384,1,134395,1.171529,-0.291581,1.330379,51.6
2,1778095896.1137958,1,134441,1.189749,-0.298887,1.330495,50.6
2,1778095896.1620784,1,134491,1.208062,-0.306235,1.33067,51.6
2,1778095896.2128685,1,134541,1.226475,-0.31362,1.330771,50.6
2,1778095896.259419,1,134591,1.243138,-0.320297,1.330914,51.6
2,1778095896.3594227,1,134691,1.28233,-0.336008,1.331113,51.6
2,1778095896.5153456,1,134845,1.340963,-0.35952,1.331458,51.6
2,1778095896.6107972,1,134941,1.377353,-0.374099,1.331838,51.6
2,1778095896.6601272,1,134991,1.396651,-0.38182,1.331915,51.6
2,1778095896.7122648,1,135041,1.414106,-0.388793,1.332128,51.6
2,1778095896.7859347,1,135116,1.445316,-0.401254,1.332259,50.6
2,1778095896.812096,1,135141,1.45512,-0.40517,1.332293,50.6
2,1778095896.9129295,1,135241,1.494602,-0.420944,1.33254,51.6
2,1778095896.9639432,1,135295,1.516469,-0.429683,1.332685,51.6
2,1778095897.0153186,1,135341,1.532446,-0.436062,1.332796,50.6
2,1778095897.0613298,1,135391,1.554518,-0.444872,1.332996,50.6
2,1778095897.1101058,1,135442,1.574682,-0.452919,1.333075,50.6
2,1778095897.1617696,1,135491,1.594936,-0.461005,1.333205,50.6
2,1778095897.2357683,1,135566,1.625502,-0.473195,1.333389,51.6
2,1778095897.2600358,1,135591,1.635744,-0.477281,1.333383,51.6
2,1778095897.3593051,1,135691,1.676964,-0.493724,1.333664,51.6
2,1778095897.4601877,1,135791,1.716509,-0.509475,1.334004,51.6
2,1778095897.5098267,1,135841,1.739562,-0.518647,1.334211,51.6
2,1778095897.5600283,1,135891,1.760625,-0.527023,1.334265,50.6
2,1778095897.610196,1,135941,1.781797,-0.535431,1.334481,51.6
2,1778095897.6861868,1,136016,1.813758,-0.548111,1.334545,50.6
2,1778095897.7093496,1,136041,1.824467,-0.552355,1.334617,50.6
2,1778095897.7759068,1,136106,1.852428,-0.563431,1.334806,50.6
2,1778095897.809362,1,136141,1.867559,-0.569424,1.334843,50.6
2,1778095897.8689952,1,136196,1.891435,-0.578879,1.335054,51.6
2,1778095897.9093916,1,136241,1.91106,-0.586649,1.335224,50.6
2,1778095897.963326,1,136291,1.932952,-0.59532,1.335403,51.6
2,1778095898.0093825,1,136341,1.954946,-0.604028,1.335557,51.6
2,1778095898.0601785,1,136391,1.977031,-0.612768,1.335748,50.6
2,1778095898.1361575,1,136466,2.008119,-0.625059,1.335772,51.6
2,1778095898.2252097,1,136556,2.050628,-0.641846,1.336026,51.6
2,1778095898.2599642,1,136591,2.06637,-0.648061,1.336086,51.6
2,1778095898.3149686,1,136646,2.088944,-0.65697,1.336259,51.6
2,1778095898.360272,1,136691,2.111618,-0.665912,1.336405,50.6
2,1778095898.4610162,1,136792,2.157273,-0.683917,1.3367,51.6
2,1778095898.5093951,1,136841,2.177949,-0.692072,1.336897,51.6
2,1778095898.5850132,1,136916,2.214891,-0.706659,1.337097,51.6
2,1778095898.6102374,1,136941,2.224163,-0.71032,1.337165,50.6
2,1778095898.676989,1,137007,2.254409,-0.722265,1.337395,50.6
2,1778095898.7122002,1,137041,2.273105,-0.729648,1.337408,50.6
2,1778095898.7674332,1,137097,2.29892,-0.73984,1.337589,51.6
2,1778095898.8617778,1,137192,2.34378,-0.75753,1.337979,51.6
2,1778095898.9094028,1,137241,2.367526,-0.766888,1.338126,51.6
2,1778095898.9637635,1,137291,2.388981,-0.77534,1.338335,51.6
2,1778095899.0361784,1,137367,2.42732,-0.790432,1.338431,50.6
2,1778095899.0598254,1,137391,2.439356,-0.795167,1.33843,50.6
2,1778095899.1647017,1,137491,2.48533,-0.813238,1.338742,50.6
2,1778095899.2159214,1,137547,2.514551,-0.824719,1.338947,50.6
2,1778095899.3100424,1,137642,2.561125,-0.843005,1.339278,50.6
2,1778095899.360851,1,137691,2.585786,-0.852688,1.339314,51.6
2,1778095899.4095507,1,137741,2.610545,-0.862408,1.339502,51.6
2,1778095899.4871216,1,137817,2.647869,-0.877059,1.339629,51.6
2,1778095899.5091698,1,137841,2.660365,-0.881962,1.339671,50.6
2,1778095899.5795038,1,137907,2.692968,-0.89476,1.339885,51.6
2,1778095899.6099305,1,137942,2.710585,-0.901684,1.339943,51.6
2,1778095899.7096462,1,138041,2.758644,-0.920576,1.340256,51.6
2,1778095899.8130708,1,138141,2.812175,-0.941607,1.340614,50.6
2,1778095899.8657463,1,138191,2.837812,-0.951687,1.340882,51.6
2,1778095899.9361973,1,138268,2.876445,-0.966889,1.341002,50.6
2,1778095899.96378,1,138291,2.889371,-0.971975,1.341055,50.6
2,1778095900.0261467,1,138357,2.923095,-0.985237,1.341215,50.6
2,1778095900.0610473,1,138391,2.941324,-0.992406,1.341277,50.6
2,1778095900.116852,1,138447,2.970062,-1.003712,1.341465,51.6
2,1778095900.1602645,1,138491,2.993665,-1.013006,1.341652,51.6
2,1778095900.2112603,1,138541,3.019978,-1.02337,1.341835,51.6
2,1778095900.2594855,1,138591,3.046392,-1.033772,1.341949,51.6
2,1778095900.3093412,1,138641,3.072906,-1.044208,1.342081,51.6
2,1778095900.3877273,1,138717,3.110209,-1.058881,1.34222,51.6
2,1778095900.4118285,1,138742,3.126255,-1.065193,1.342201,50.6
2,1778095900.5093176,1,138841,3.180008,-1.086331,1.342544,51.6
2,1778095900.5679443,1,138898,3.207031,-1.096959,1.342696,51.6
2,1778095900.7138317,1,139042,3.288677,-1.12904,1.343117,51.6
2,1778095900.7627554,1,139091,3.31609,-1.13981,1.343321,51.6
2,1778095900.8362308,1,139167,3.354635,-1.154944,1.343522,51.6
2,1778095900.8592358,1,139191,3.371212,-1.161448,1.343587,51.6
2,1778095900.9271836,1,139258,3.407255,-1.175591,1.343747,51.6
2,1778095901.061852,1,139391,3.482638,-1.205161,1.344146,51.6
2,1778095901.1121402,1,139441,3.51074,-1.216183,1.344328,51.6
2,1778095901.1592488,1,139492,3.538931,-1.227241,1.344432,51.6
2,1778095901.2107635,1,139541,3.564389,-1.237225,1.344622,51.6
2,1778095901.2914295,1,139618,3.609848,-1.25504,1.344694,51.6
2,1778095901.3108275,1,139641,3.621255,-1.259508,1.344678,50.6
2,1778095901.3800006,1,139708,3.661307,-1.275189,1.344869,50.6
2,1778095901.4106731,1,139741,3.678536,-1.281931,1.344882,50.6
2,1778095901.4683511,1,139798,3.713106,-1.29545,1.34511,51.6
2,1778095901.5112872,1,139841,3.739127,-1.305617,1.345225,51.6
2,1778095901.5625222,1,139891,3.76814,-1.316947,1.345395,51.6
2,1778095901.61062,1,139941,3.797248,-1.328307,1.345541,51.6
2,1778095901.659985,1,139991,3.826454,-1.339691,1.345762,51.6
2,1778095901.7620938,1,140091,3.885156,-1.362559,1.346014,50.6
2,1778095901.860174,1,140191,3.944258,-1.385584,1.346321,50.6
2,1778095901.9173572,1,140248,3.976926,-1.398307,1.346544,51.6
2,1778095902.0125916,1,140342,4.033621,-1.420402,1.346809,51.6
2,1778095902.060976,1,140391,4.0636,-1.432092,1.346952,50.6
2,1778095902.1101665,1,140441,4.09368,-1.443821,1.347164,51.6
2,1778095902.18785,1,140518,4.138983,-1.461495,1.34735,50.6
2,1778095902.2101526,1,140541,4.154135,-1.467408,1.347401,50.6
2,1778095902.4111104,1,140741,4.276291,-1.51505,1.348089,51.6
2,1778095902.4592805,1,140792,4.307071,-1.527053,1.348364,51.6
2,1778095902.511005,1,140841,4.337951,-1.539095,1.348471,50.6
2,1778095902.5599153,1,140892,4.368927,-1.551173,1.348659,51.6
2,1778095902.655297,1,140968,4.412463,-1.568149,1.348774,51.6
2,1778095902.6621494,1,140991,4.431182,-1.575444,1.348909,51.6
2,1778095902.8594232,1,141191,4.556915,-1.624431,1.34953,51.6
2,1778095903.0094275,1,141341,4.652277,-1.661608,1.350096,51.6
2,1778095903.114709,1,141442,4.716348,-1.686598,1.350319,51.6
2,1778095903.1773558,1,141509,4.758209,-1.70292,1.350466,51.6
2,1778095903.209228,1,141541,4.780818,-1.711735,1.35048,51.6
2,1778095903.2682629,1,141599,4.819685,-1.726901,1.350693,51.6
2,1778095903.3092604,1,141641,4.845675,-1.737038,1.350778,51.6
2,1778095903.3613017,1,141692,4.878255,-1.749742,1.350967,51.6
2,1778095903.4600298,1,141791,4.94044,-1.773981,1.351231,51.6
2,1778095903.541099,1,141869,4.996381,-1.79579,1.351361,51.6
2,1778095903.631334,1,141959,5.055945,-1.819012,1.351602,51.6
2,1778095903.717175,1,142049,5.115844,-1.842361,1.351899,51.6
2,1778095903.8109694,1,142142,5.17607,-1.865845,1.35222,51.6
2,1778095903.9092388,1,142241,5.243372,-1.892111,1.352545,51.6
2,1778095903.9888084,1,142319,5.297506,-1.91324,1.352626,50.6
2,1778095904.0099752,1,142342,5.311082,-1.918539,1.352681,50.6
2,1778095904.0969546,1,142409,5.358728,-1.93713,1.35283,51.6
2,1778095904.1091356,1,142441,5.379208,-1.945115,1.352948,51.6
2,1778095904.210974,1,142541,5.447717,-1.971828,1.353263,51.6
2,1778095904.2602408,1,142591,5.482121,-1.985246,1.353473,51.6
2,1778095904.3101869,1,142641,5.516632,-1.998701,1.353599,51.6
2,1778095904.3624842,1,142691,5.551243,-2.012195,1.353841,51.6
2,1778095904.443694,1,142769,5.606822,-2.033858,1.353936,51.6
2,1778095904.4624875,1,142792,5.62076,-2.039288,1.353997,51.6
2,1778095904.530056,1,142860,5.669677,-2.058328,1.354243,51.6
2,1778095904.5612314,1,142891,5.690708,-2.066507,1.35431,51.6
2,1778095904.6172867,1,142949,5.732879,-2.082897,1.354518,51.6
2,1778095904.6591806,1,142991,5.761081,-2.093855,1.354628,51.6
2,1778095904.7104542,1,143042,5.796418,-2.107589,1.354852,51.6
2,1778095904.763165,1,143091,5.831858,-2.121357,1.354971,51.6
2,1778095904.8103554,1,143141,5.8674,-2.135151,1.355202,51.6
2,1778095904.8881602,1,143219,5.924484,-2.157289,1.35525,50.6
2,1778095904.9100218,1,143242,5.938796,-2.162841,1.355308,50.6
2,1778095905.109375,1,143441,6.082853,-2.218644,1.355829,51.6
2,1778095905.1609068,1,143492,6.115482,-2.231273,1.356006,51.6
2,1778095905.2102766,1,143541,6.155478,-2.246748,1.356133,51.6
2,1778095905.260236,1,143591,6.191946,-2.260846,1.356302,51.6
2,1778095905.3595617,1,143670,6.250495,-2.283477,1.356399,50.6
2,1778095905.3599634,1,143692,6.265167,-2.28915,1.356608,51.6
2,1778095905.461789,1,143791,6.338782,-2.317622,1.356858,51.6
2,1778095905.5186522,1,143850,6.383153,-2.334774,1.357033,51.6
2,1778095905.5623646,1,143891,6.412815,-2.346236,1.357183,51.6
2,1778095905.6091356,1,143941,6.449985,-2.360595,1.357377,51.6
2,1778095905.666162,1,143991,6.487248,-2.374989,1.357471,51.6
2,1778095905.709151,1,144041,6.524621,-2.389424,1.357658,51.6
2,1778095905.789993,1,144120,6.584627,-2.412609,1.357789,51.6
2,1778095905.8101218,1,144141,6.595907,-2.416967,1.357792,51.6
2,1778095905.9092696,1,144241,6.671363,-2.446104,1.358084,51.6
2,1778095905.9869301,1,144300,6.720623,-2.46512,1.35829,51.6
2,1778095906.0092208,1,144341,6.75102,-2.476861,1.35846,51.6
2,1778095906.059723,1,144391,6.789109,-2.49158,1.358666,51.6
2,1778095906.1092646,1,144441,6.823471,-2.504863,1.358747,51.6
2,1778095906.1656437,1,144491,6.865578,-2.521134,1.358987,51.6
2,1778095906.2441356,1,144571,6.927028,-2.544884,1.359242,51.6
2,1778095906.2592049,1,144591,6.94243,-2.550839,1.359264,51.6
2,1778095906.350016,1,144660,6.996463,-2.571724,1.35946,51.6
2,1778095906.359178,1,144691,7.019684,-2.580698,1.359592,51.6
2,1778095906.4182715,1,144750,7.066236,-2.598682,1.359759,51.6
2,1778095906.5102882,1,144842,7.136338,-2.625739,1.360116,51.6
2,1778095906.5618749,1,144891,7.175418,-2.640804,1.360322,51.6
2,1778095906.6103308,1,144941,7.214598,-2.655905,1.360496,51.6
2,1778095906.6911275,1,145020,7.277507,-2.680148,1.360615,51.6
2,1778095906.7105715,1,145041,7.293279,-2.686223,1.360667,51.6
2,1778095906.7818,1,145110,7.348616,-2.707531,1.360887,51.6
2,1778095906.9592936,1,145292,7.487803,-2.761101,1.361551,51.6
2,1778095907.0090668,1,145341,7.531795,-2.778037,1.361771,51.6
2,1778095907.140155,1,145470,7.632231,-2.816673,1.362296,50.6
2,1778095907.160836,1,145492,7.652393,-2.824426,1.362316,51.6
2,1778095907.2472448,1,145560,7.708977,-2.846184,1.36241,51.6
2,1778095907.3612263,1,145692,7.81456,-2.886796,1.362995,51.6
2,1778095907.410116,1,145742,7.851266,-2.900914,1.363193,51.6
2,1778095907.5129902,1,145841,7.937216,-2.933966,1.363519,51.6
2,1778095907.595736,1,145921,7.998845,-2.957673,1.363656,51.6
2,1778095907.610738,1,145941,8.015316,-2.964007,1.363654,51.6
2,1778095907.6796675,1,146011,8.073093,-2.986222,1.363863,51.6
2,1778095907.7109888,1,146041,8.097913,-2.995764,1.363865,51.6
2,1778095907.7697065,1,146101,8.151812,-3.01649,1.364094,50.6
2,1778095907.8129342,1,146141,8.185061,-3.029275,1.364209,51.6
2,1778095907.8622038,1,146192,8.226722,-3.04529,1.364361,51.6
2,1778095907.912397,1,146241,8.268477,-3.061343,1.364501,51.6
2,1778095907.9591532,1,146291,8.310342,-3.077441,1.364672,51.6
2,1778095908.0396974,1,146371,8.377533,-3.103281,1.364772,51.6
2,1778095908.0601442,1,146391,8.390159,-3.108135,1.364793,51.6
2,1778095908.133339,1,146462,8.453427,-3.132445,1.364982,51.6
2,1778095908.160189,1,146491,8.474572,-3.140567,1.365018,51.6
2,1778095908.2217994,1,146551,8.529652,-3.161729,1.365201,51.6
2,1778095908.3100467,1,146641,8.606215,-3.191153,1.365472,51.6
2,1778095908.4116614,1,146741,8.691692,-3.223911,1.365802,51.6
2,1778095908.5967798,1,146912,8.837936,-3.279962,1.366187,51.6
2,1778095908.612898,1,146941,8.86388,-3.289917,1.366374,51.6
2,1778095908.7144341,1,147042,8.950591,-3.323164,1.366636,51.6
2,1778095908.8119142,1,147142,9.033363,-3.354804,1.366911,51.6
2,1778095908.8598747,1,147191,9.081447,-3.373193,1.367038,51.6
2,1778095908.9603074,1,147291,9.169188,-3.406784,1.367239,51.6
2,1778095909.0317652,1,147361,9.230851,-3.430396,1.367447,51.6
2,1778095909.0610905,1,147391,9.257346,-3.440531,1.367502,51.6
2,1778095909.1602364,1,147491,9.345941,-3.47438,1.367921,51.6
2,1778095909.2110746,1,147541,9.390392,-3.491347,1.368209,51.6
2,1778095909.500183,1,147812,9.632257,-3.583667,1.369383,51.6
3,1778096452.809205,1,39452,-0.019319,0.009614,0.069224,37.6
3,1778096452.839324,1,39578,-0.019601,0.009513,0.070349,37.6
3,1778096452.924085,1,39668,-0.019649,0.009337,0.071242,36.6
3,1778096453.015295,1,39758,-0.019696,0.008952,0.072381,37.6
3,1778096453.106464,1,39853,-0.019823,0.008571,0.073579,37.6
3,1778096453.206277,1,39952,-0.019973,0.008123,0.07428,37.6
3,1778096453.3058913,1,40052,-0.019878,0.007698,0.075095,37.6
3,1778096453.4061134,1,40152,-0.0199,0.00738,0.076005,37.6
3,1778096453.5084348,1,40252,-0.01999,0.007282,0.076735,37.6
3,1778096453.6183133,1,40352,-0.019941,0.007338,0.077442,37.6
3,1778096453.7395408,1,40478,-0.019986,0.007121,0.078584,37.6
3,1778096453.8224583,1,40569,-0.020048,0.00702,0.079375,37.6
3,1778096453.9114933,1,40658,-0.020255,0.007026,0.080154,37.6
3,1778096454.006558,1,40753,-0.020503,0.006972,0.080985,37.6
3,1778096454.1043043,1,40852,-0.020692,0.006816,0.081816,37.6
3,1778096454.2086194,1,40952,-0.020687,0.006597,0.082525,37.6
3,1778096454.3139095,1,41052,-0.020827,0.006276,0.08352,37.6
3,1778096454.4097724,1,41152,-0.021017,0.006194,0.084521,37.6
3,1778096454.5045776,1,41252,-0.021256,0.00619,0.085343,37.6
3,1778096454.630359,1,41379,-0.021556,0.006306,0.086499,37.6
3,1778096454.72152,1,41469,-0.021759,0.006373,0.087231,37.6
3,1778096454.8172903,1,41560,-0.022015,0.006412,0.088065,37.6
3,1778096454.9054334,1,41653,-0.022206,0.006495,0.088986,37.6
3,1778096455.011652,1,41752,-0.022532,0.006734,0.089945,37.6
3,1778096455.1128693,1,41852,-0.023067,0.006771,0.090694,37.6
3,1778096455.2077048,1,41952,-0.023866,0.006787,0.091706,37.6
3,1778096455.3194757,1,42052,-0.024695,0.006915,0.092428,37.6
3,1778096455.4058948,1,42152,-0.025565,0.007129,0.093431,37.6
3,1778096455.5316315,1,42279,-0.025582,0.008606,0.0943,37.6
3,1778096455.6224313,1,42369,-0.026038,0.009222,0.095062,37.6
3,1778096455.7205973,1,42459,-0.02652,0.009932,0.095836,37.6
3,1778096455.810897,1,42552,-0.027077,0.010763,0.096695,37.6
3,1778096455.907124,1,42652,-0.027682,0.01169,0.097595,37.6
3,1778096456.0054543,1,42752,-0.0284,0.01283,0.098545,37.6
3,1778096456.1077623,1,42852,-0.029157,0.01402,0.099367,37.6
3,1778096456.2074373,1,42952,-0.029972,0.015307,0.100125,37.6
3,1778096456.3063407,1,43052,-0.030845,0.016709,0.101039,37.6
3,1778096456.4338186,1,43180,-0.029377,0.013667,0.102098,37.6
3,1778096456.5274558,1,43269,-0.029728,0.014149,0.103039,37.6
3,1778096456.6129925,1,43360,-0.030106,0.014725,0.103936,37.6
3,1778096456.704976,1,43452,-0.030543,0.014297,0.104733,37.6
3,1778096456.8072464,1,43552,-0.031055,0.014543,0.10573,37.6
3,1778096456.9062114,1,43652,-0.031592,0.014879,0.1067,37.6
3,1778096457.006845,1,43753,-0.032184,0.015311,0.107637,37.6
3,1778096457.1102953,1,43852,-0.032808,0.017076,0.108658,37.6
3,1778096457.210985,1,43952,-0.033494,0.018215,0.109559,37.6
3,1778096457.3333943,1,44081,-0.034352,0.019231,0.110674,37.6
3,1778096457.4239252,1,44169,-0.034985,0.020088,0.111403,37.6
3,1778096457.5161562,1,44260,-0.035372,0.020191,0.112227,37.6
3,1778096457.6059837,1,44352,-0.035857,0.020574,0.112953,37.6
3,1778096457.708563,1,44452,-0.036414,0.021059,0.113997,37.6
3,1778096457.8086088,1,44553,-0.037097,0.021707,0.114702,37.6
3,1778096457.9074605,1,44653,-0.037777,0.022422,0.115549,37.6
3,1778096458.0085113,1,44752,-0.038504,0.023241,0.116264,37.6
3,1778096458.108498,1,44852,-0.039277,0.024166,0.117032,37.6
3,1778096458.23478,1,44981,-0.040331,0.025524,0.11804,37.6
3,1778096458.3243432,1,45070,-0.041109,0.026556,0.119056,37.6
3,1778096458.4180965,1,45161,-0.038446,0.021752,0.119843,37.6
3,1778096458.5082655,1,45253,-0.038675,0.021867,0.120676,37.6
3,1778096458.6081936,1,45352,-0.039009,0.022102,0.121816,38.6
3,1778096458.7058449,1,45452,-0.039404,0.022456,0.122635,37.6
3,1778096458.808873,1,45552,-0.039848,0.022896,0.12348,38.6
3,1778096458.9084618,1,45652,-0.040311,0.0234,0.124337,37.6
3,1778096459.0053556,1,45752,-0.040875,0.024064,0.125337,37.6
3,1778096459.1353402,1,45880,-0.041684,0.025046,0.126383,37.6
3,1778096459.22495,1,45970,-0.042293,0.025831,0.127215,37.6
3,1778096459.3141966,1,46061,-0.042956,0.026712,0.127912,37.6
3,1778096459.4146638,1,46153,-0.043676,0.027672,0.128645,37.6
3,1778096459.5221334,1,46252,-0.044528,0.028855,0.129632,37.6
3,1778096459.6072762,1,46352,-0.045448,0.030137,0.130584,37.6
3,1778096459.707437,1,46452,-0.046424,0.031532,0.131485,37.6
3,1778096459.815751,1,46553,-0.047427,0.033018,0.132305,37.6
3,1778096459.9188151,1,46652,-0.048491,0.034604,0.133312,37.6
3,1778096460.0394585,1,46781,-0.040236,0.016675,0.134606,37.6
3,1778096460.136301,1,46872,-0.040332,0.016295,0.135613,37.6
3,1778096460.2346263,1,46962,-0.040505,0.01598,0.136855,38.6
3,1778096460.3234253,1,47052,-0.040718,0.01579,0.137913,38.6
3,1778096460.4071982,1,47152,-0.041007,0.015694,0.139118,39.6
3,1778096460.5077078,1,47252,-0.041364,0.015744,0.14006,38.6
3,1778096460.6079214,1,47352,-0.041792,0.015882,0.140863,38.6
3,1778096460.8118963,1,47552,-0.042991,0.016513,0.142885,38.6
3,1778096460.9340298,1,47682,-0.043955,0.017137,0.144148,38.6
3,1778096461.0349243,1,47772,-0.044682,0.017667,0.14506,38.6
3,1778096461.1257203,1,47862,-0.042556,0.014063,0.146047,38.6
3,1778096461.2065907,1,47953,-0.042966,0.014156,0.147018,38.6
3,1778096461.3055842,1,48052,-0.043486,0.014372,0.147783,38.6
3,1778096461.4130821,1,48152,-0.043695,0.014748,0.148863,38.6
3,1778096461.5100114,1,48252,-0.044142,0.015236,0.149769,38.6
3,1778096461.607982,1,48352,-0.044638,0.015816,0.150621,38.6
3,1778096461.7093887,1,48452,-0.044777,0.015806,0.151591,38.6
3,1778096461.8350682,1,48582,-0.045355,0.016486,0.152752,38.6
3,1778096461.9248364,1,48672,-0.045751,0.017012,0.153533,38.6
3,1778096462.017862,1,48762,-0.046235,0.017694,0.154267,38.6
3,1778096462.1061082,1,48852,-0.046719,0.018391,0.155159,38.6
3,1778096462.2068088,1,48952,-0.047398,0.019365,0.155942,38.6
3,1778096462.3081532,1,49052,-0.0481,0.020405,0.156774,38.6
3,1778096462.4055364,1,49152,-0.048854,0.02157,0.157685,38.6
3,1778096462.5064223,1,49253,-0.049663,0.022867,0.15834,38.6
3,1778096462.607049,1,49352,-0.050519,0.024248,0.159297,38.6
3,1778096462.7373345,1,49482,-0.047976,0.015168,0.160314,38.6
3,1778096462.8261342,1,49573,-0.048267,0.014979,0.161168,37.6
3,1778096462.917668,1,49663,-0.048604,0.014874,0.161954,38.6
3,1778096463.0057812,1,49753,-0.048706,0.014688,0.162743,38.6
3,1778096463.1089969,1,49852,-0.048979,0.014284,0.163583,38.6
3,1778096463.2089512,1,49952,-0.049287,0.013974,0.164483,38.6
3,1778096463.3055038,1,50052,-0.049609,0.013784,0.165426,38.6
3,1778096463.4063852,1,50152,-0.049998,0.013685,0.166439,38.6
3,1778096463.5057425,1,50252,-0.050319,0.013767,0.167255,38.6
3,1778096463.6400483,1,50383,-0.050835,0.013977,0.168246,37.6
3,1778096463.7325306,1,50473,-0.050602,0.012501,0.169256,38.6
3,1778096463.8170671,1,50563,-0.050605,0.011561,0.170069,38.6
3,1778096463.9077642,1,50654,-0.050633,0.010712,0.170869,37.6
3,1778096464.0057893,1,50752,-0.050698,0.009881,0.171891,37.6
3,1778096464.1071985,1,50852,-0.050832,0.009159,0.172752,38.6
3,1778096464.3162756,1,51052,-0.048567,0.004804,0.174994,38.6
3,1778096464.4109104,1,51152,-0.048062,0.003491,0.176077,38.6
3,1778096464.5378203,1,51284,-0.049326,0.005174,0.177044,38.6
3,1778096464.6341455,1,51374,-0.049713,0.005297,0.178042,38.6
3,1778096464.7169797,1,51464,-0.050144,0.005466,0.178915,38.6
3,1778096464.8065863,1,51554,-0.050579,0.005081,0.179709,38.6
3,1778096464.9082425,1,51652,-0.051183,0.004918,0.180693,38.6
3,1778096465.007939,1,51752,-0.051825,0.004858,0.18152,37.6
3,1778096465.1088796,1,51852,-0.052509,0.004892,0.182468,38.6
3,1778096465.2153282,1,51952,-0.052004,0.004637,0.18327,38.6
3,1778096465.3097546,1,52052,-0.052347,0.004744,0.184326,38.6
3,1778096465.4418385,1,52184,-0.052909,0.005042,0.185238,38.6
3,1778096465.5278552,1,52274,-0.053335,0.00533,0.186205,38.6
3,1778096465.616367,1,52364,-0.053824,0.005702,0.187117,38.6
3,1778096465.7114127,1,52454,-0.053161,0.003694,0.18799,38.6
3,1778096465.8084283,1,52552,-0.053285,0.003411,0.188858,38.6
3,1778096465.9064293,1,52652,-0.053473,0.00319,0.18988,38.6
3,1778096466.0060782,1,52752,-0.053717,0.00306,0.190806,38.6
3,1778096466.108097,1,52853,-0.054022,0.003008,0.191551,38.6
3,1778096466.206863,1,52952,-0.054365,0.003042,0.192378,38.6
3,1778096466.3433318,1,53053,-0.054722,0.003157,0.193287,38.6
3,1778096466.4283352,1,53175,-0.05527,0.003454,0.194391,38.6
3,1778096466.5217745,1,53264,-0.055666,0.003725,0.195198,38.6
3,1778096466.606412,1,53354,-0.056179,0.004111,0.195999,38.6
3,1778096466.7078972,1,53452,-0.059223,0.015821,0.196784,38.6
3,1778096466.8100624,1,53552,-0.061149,0.02001,0.197581,38.6
3,1778096466.90602,1,53652,-0.062333,0.023011,0.198428,38.6
3,1778096467.0060153,1,53752,-0.063651,0.02614,0.199049,38.6
3,1778096467.1134033,1,53852,-0.06502,0.029352,0.199801,38.6
3,1778096467.2385762,1,53953,-0.066384,0.032485,0.200755,38.6
3,1778096467.327061,1,54075,-0.068375,0.036896,0.201799,38.6
3,1778096467.4217825,1,54165,-0.069837,0.040035,0.202838,38.6
3,1778096467.5122938,1,54255,-0.068242,0.033892,0.203737,38.6
3,1778096467.6079972,1,54352,-0.069053,0.034821,0.20455,38.6
3,1778096467.7050846,1,54452,-0.069958,0.035886,0.205382,38.6
3,1778096467.8055756,1,54552,-0.070885,0.036954,0.20644,38.6
3,1778096467.9149036,1,54652,-0.071977,0.038205,0.207283,38.6
3,1778096468.0172226,1,54752,-0.073083,0.039477,0.208201,38.6
3,1778096468.1114542,1,54852,-0.074249,0.040852,0.209202,38.6
3,1778096468.2310798,1,54976,-0.07581,0.042728,0.210159,38.6
3,1778096468.3224764,1,55067,-0.076981,0.04415,0.210858,38.6
3,1778096468.4154756,1,55155,-0.078185,0.045664,0.211659,38.6
3,1778096468.5053074,1,55252,-0.079497,0.047366,0.212572,38.6
3,1778096468.605304,1,55352,-0.074094,0.037021,0.213304,38.6
3,1778096468.710161,1,55452,-0.074628,0.037183,0.214195,38.6
3,1778096468.806816,1,55552,-0.075402,0.037448,0.21508,38.6
3,1778096468.9054844,1,55652,-0.076229,0.037838,0.215886,38.6
3,1778096469.0099506,1,55752,-0.077115,0.038336,0.216651,38.6
3,1778096469.1331813,1,55875,-0.078214,0.039043,0.217874,38.6
3,1778096469.2194235,1,55965,-0.079086,0.039668,0.218672,38.6
3,1778096469.3127034,1,56056,-0.080137,0.040352,0.219496,38.6
3,1778096469.4124293,1,56152,-0.081209,0.041131,0.220441,38.6
3,1778096469.509446,1,56252,-0.082302,0.042013,0.221407,38.6
3,1778096469.606811,1,56352,-0.083452,0.043011,0.222275,38.6
3,1778096469.7091484,1,56452,-0.084707,0.044159,0.223172,38.6
3,1778096469.8060603,1,56552,-0.086158,0.045177,0.224028,38.6
3,1778096469.908291,1,56652,-0.087711,0.046203,0.224721,38.6
3,1778096470.0339096,1,56776,-0.089433,0.047759,0.225756,38.6
3,1778096470.1194885,1,56866,-0.090676,0.04896,0.226602,38.6
3,1778096470.2180395,1,56957,-0.092075,0.050093,0.227453,38.6
3,1778096470.3073626,1,57053,-0.093569,0.051344,0.228417,38.6
3,1778096470.4056644,1,57152,-0.10311,0.034488,0.229199,38.6
3,1778096470.506031,1,57252,-0.101236,0.030775,0.230149,38.6
3,1778096470.6061509,1,57352,-0.092304,0.028194,0.230987,38.6
3,1778096470.7086246,1,57452,-0.084585,0.025573,0.231733,38.6
3,1778096470.806789,1,57552,-0.077165,0.023162,0.232512,38.6
3,1778096470.9365075,1,57677,-0.063573,-0.002773,0.23354,38.6
3,1778096471.0233226,1,57766,-0.055356,-0.013021,0.234395,38.6
3,1778096471.1132445,1,57856,-0.047589,-0.022664,0.235153,38.6
3,1778096471.2164502,1,57952,-0.038395,-0.033951,0.235987,38.6
3,1778096471.3059938,1,58052,-0.029234,-0.045233,0.23695,38.6
3,1778096471.4102876,1,58152,-0.020202,-0.056583,0.237642,38.6
3,1778096471.5037594,1,58252,-0.011221,-0.067941,0.238273,38.6
3,1778096471.6074235,1,58352,-0.002214,-0.079278,0.239094,38.6
3,1778096471.7052026,1,58452,0.006957,-0.090496,0.239823,38.6
3,1778096471.830835,1,58576,0.018423,-0.104518,0.240682,38.6
3,1778096471.9245675,1,58667,0.026636,-0.114669,0.241436,38.6
3,1778096472.0113218,1,58757,0.034923,-0.124789,0.242263,38.6
3,1778096472.1067903,1,58852,0.043689,-0.135455,0.243011,38.6
3,1778096472.211382,1,58952,0.052871,-0.146705,0.243874,38.6
3,1778096472.3047414,1,59052,0.06152,-0.157435,0.244829,38.6
3,1778096472.4064217,1,59153,0.071323,-0.169099,0.245661,38.6
3,1778096472.5071926,1,59252,0.080214,-0.179609,0.246678,38.6
3,1778096472.603846,1,59352,0.089846,-0.191325,0.247696,38.6
3,1778096472.7299397,1,59478,0.101391,-0.205074,0.248674,38.6
3,1778096472.8199747,1,59567,0.109937,-0.214756,0.249534,38.6
3,1778096472.9183924,1,59657,0.118471,-0.224436,0.250367,38.6
3,1778096473.004754,1,59753,0.127178,-0.234806,0.251334,38.6
3,1778096473.105797,1,59852,0.136166,-0.245865,0.252143,38.6
3,1778096473.205914,1,59953,0.14533,-0.25679,0.252972,38.6
3,1778096473.3052218,1,60052,0.154577,-0.267649,0.253891,38.6
3,1778096473.4069495,1,60152,0.163649,-0.27865,0.254568,38.6
3,1778096473.5116568,1,60252,0.172739,-0.289658,0.255394,38.6
3,1778096473.630275,1,60377,0.183845,-0.302734,0.256437,38.6
3,1778096473.7323635,1,60468,0.192651,-0.313095,0.257537,39.6
3,1778096473.84633,1,60558,0.200903,-0.322982,0.258648,39.6
3,1778096473.9281209,1,60652,0.20965,-0.333388,0.260083,39.6
3,1778096474.0241861,1,60753,0.21851,-0.343696,0.261429,40.6
3,1778096474.1083455,1,60852,0.228313,-0.355077,0.262723,39.6
3,1778096474.204675,1,60952,0.2376,-0.365939,0.263669,39.6
3,1778096474.3061233,1,61053,0.24693,-0.376817,0.264623,39.6
3,1778096474.530241,1,61278,0.267936,-0.401334,0.266729,39.6
3,1778096474.6289062,1,61369,0.276303,-0.411177,0.267532,39.6
3,1778096474.7167392,1,61458,0.284698,-0.42103,0.268494,39.6
3,1778096474.8048413,1,61552,0.293566,-0.431462,0.269333,39.6
3,1778096474.907149,1,61652,0.302924,-0.442462,0.270255,39.6
3,1778096475.005315,1,61752,0.312304,-0.453493,0.271301,39.6
3,1778096475.1047866,1,61852,0.321759,-0.46454,0.272188,39.6
3,1778096475.2048519,1,61952,0.331318,-0.475531,0.273074,39.6
3,1778096475.3073275,1,62052,0.340913,-0.486512,0.273831,39.6
3,1778096475.430919,1,62178,0.352302,-0.499899,0.274855,39.6
3,1778096475.521353,1,62268,0.361388,-0.510528,0.275624,39.6
3,1778096475.6116447,1,62358,0.37007,-0.520555,0.27644,39.6
3,1778096475.7060165,1,62453,0.378727,-0.530631,0.277127,39.6
3,1778096475.8080595,1,62552,0.388791,-0.542474,0.277906,38.6
3,1778096475.904219,1,62652,0.398457,-0.55372,0.278608,39.6
3,1778096476.0049884,1,62752,0.408152,-0.564974,0.279381,39.6
3,1778096476.110382,1,62852,0.417853,-0.576274,0.280197,39.6
3,1778096476.2052023,1,62953,0.427623,-0.587564,0.281124,39.6
3,1778096476.3359709,1,63079,0.439849,-0.6017,0.282043,39.6
3,1778096476.420931,1,63169,0.448654,-0.611928,0.282976,39.6
3,1778096476.5164382,1,63260,0.458013,-0.622699,0.283797,38.6
3,1778096476.6069903,1,63352,0.466881,-0.632944,0.284601,39.6
3,1778096476.710916,1,63452,0.476824,-0.644272,0.285505,39.6
3,1778096476.8052053,1,63552,0.486786,-0.655654,0.286424,39.6
3,1778096476.9061344,1,63652,0.496704,-0.667127,0.287519,39.6
3,1778096477.0043602,1,63752,0.50621,-0.677993,0.288421,39.6
3,1778096477.1057186,1,63852,0.516222,-0.689463,0.289367,39.6
3,1778096477.2318087,1,63979,0.52915,-0.704497,0.290386,39.6
3,1778096477.3242092,1,64069,0.538125,-0.714916,0.291218,39.6
3,1778096477.416425,1,64159,0.547133,-0.725329,0.292097,38.6
3,1778096477.509156,1,64253,0.556649,-0.736332,0.293123,39.6
3,1778096477.6033857,1,64352,0.566769,-0.747864,0.293944,39.6
3,1778096477.704945,1,64453,0.576962,-0.759369,0.294804,38.6
3,1778096477.8115318,1,64552,0.587122,-0.770932,0.295695,39.6
3,1778096477.9065242,1,64652,0.597288,-0.782548,0.296533,38.6
3,1778096478.0072894,1,64752,0.607503,-0.794165,0.297492,39.6
3,1778096478.131974,1,64880,0.620822,-0.809248,0.298606,39.6
3,1778096478.2242775,1,64970,0.629515,-0.819149,0.299425,39.6
3,1778096478.3139071,1,65060,0.639259,-0.830214,0.300198,39.6
3,1778096478.4093564,1,65152,0.648555,-0.840686,0.301164,38.6
3,1778096478.511787,1,65252,0.658369,-0.851749,0.302154,39.6
3,1778096478.6067886,1,65352,0.669232,-0.864012,0.30306,39.6
3,1778096478.7103555,1,65452,0.679128,-0.875071,0.304028,39.6
3,1778096478.8038278,1,65552,0.68949,-0.886793,0.304778,39.6
3,1778096478.9072964,1,65652,0.700175,-0.899236,0.305467,39.6
3,1778096479.036506,1,65781,0.713346,-0.914696,0.306637,38.6
3,1778096479.1219404,1,65870,0.722979,-0.924918,0.307588,39.6
3,1778096479.2162027,1,65960,0.732667,-0.935043,0.308376,39.6
3,1778096479.3074243,1,66053,0.742012,-0.945424,0.309192,39.6
3,1778096479.4052675,1,66152,0.751973,-0.957286,0.310014,39.6
3,1778096479.503827,1,66252,0.761907,-0.969135,0.310767,39.6
3,1778096479.6079352,1,66352,0.772199,-0.980625,0.31167,39.6
3,1778096479.7057116,1,66452,0.782659,-0.991908,0.312527,39.6
3,1778096479.8044372,1,66552,0.792913,-1.003302,0.313366,39.6
3,1778096479.9333398,1,66680,0.806159,-1.018112,0.31436,39.6
3,1778096480.0239186,1,66770,0.814901,-1.027679,0.315205,39.6
3,1778096480.115979,1,66860,0.824765,-1.03818,0.316021,39.6
3,1778096480.2050207,1,66952,0.833527,-1.047535,0.316827,39.6
3,1778096480.3038332,1,67052,0.844065,-1.059174,0.317679,39.6
3,1778096480.4083614,1,67152,0.853846,-1.070306,0.318601,39.6
3,1778096480.503982,1,67252,0.863683,-1.081251,0.319329,39.6
3,1778096480.6057093,1,67353,0.873494,-1.092091,0.320109,39.6
3,1778096480.7058966,1,67452,0.883111,-1.102991,0.320955,39.6
3,1778096480.83336,1,67581,0.895552,-1.117029,0.321856,39.6
3,1778096480.92412,1,67672,0.9041,-1.126665,0.322731,38.6
3,1778096481.0237856,1,67761,0.912508,-1.136301,0.323538,39.6
3,1778096481.117504,1,67853,0.920882,-1.14587,0.324338,39.6
3,1778096481.2056293,1,67952,0.930192,-1.156387,0.325298,39.6
3,1778096481.3077443,1,68052,0.939384,-1.16687,0.326211,39.6
3,1778096481.4175193,1,68152,0.948012,-1.176766,0.327095,39.6
3,1778096481.5072072,1,68253,0.95709,-1.187066,0.328171,39.6
3,1778096481.6057625,1,68352,0.966516,-1.197783,0.329291,39.6
3,1778096481.7341807,1,68481,0.978037,-1.21094,0.330396,39.6
3,1778096481.8315084,1,68571,0.985972,-1.21995,0.33133,39.6
3,1778096481.9159808,1,68661,0.993839,-1.228879,0.332244,39.6
3,1778096482.0070517,1,68753,1.001611,-1.237754,0.33323,39.6
3,1778096482.1058984,1,68852,1.01021,-1.247527,0.334036,39.6
3,1778096482.2045739,1,68952,1.018762,-1.25722,0.334875,39.6
3,1778096482.3086474,1,69052,1.027249,-1.266879,0.335577,39.6
3,1778096482.4072824,1,69153,1.035687,-1.276479,0.336424,39.6
3,1778096482.5062482,1,69252,1.044057,-1.286033,0.337377,39.6
3,1778096482.6333716,1,69382,1.054376,-1.29794,0.338384,38.6
3,1778096482.7233186,1,69472,1.061759,-1.306473,0.339177,39.6
3,1778096482.8170733,1,69563,1.069496,-1.31542,0.3401,39.6
3,1778096482.9084482,1,69653,1.076356,-1.323371,0.340881,39.6
3,1778096483.004652,1,69752,1.084749,-1.333134,0.341724,39.6
3,1778096483.1071203,1,69852,1.092671,-1.342359,0.342578,39.6
3,1778096483.2096002,1,69952,1.100124,-1.351071,0.343396,39.6
3,1778096483.3087554,1,70052,1.107878,-1.360188,0.344196,39.6
3,1778096483.4060066,1,70152,1.115972,-1.369664,0.344958,39.6
3,1778096483.533257,1,70282,1.125884,-1.381294,0.345906,39.6
3,1778096483.6275072,1,70372,1.132681,-1.389323,0.346808,39.6
3,1778096483.7192445,1,70463,1.139426,-1.397305,0.347608,39.6
3,1778096483.8062582,1,70553,1.146105,-1.405241,0.34841,39.6
3,1778096483.9074852,1,70652,1.153463,-1.414006,0.349223,39.6
3,1778096484.0106785,1,70752,1.160763,-1.422703,0.349922,39.6
3,1778096484.1111505,1,70852,1.167981,-1.431338,0.350758,39.6
3,1778096484.208777,1,70952,1.175127,-1.439905,0.351576,39.6
3,1778096484.3085825,1,71052,1.181861,-1.447985,0.352362,39.6
3,1778096484.5247352,1,71272,1.197529,-1.466908,0.354352,39.6
3,1778096484.6302116,1,71363,1.203686,-1.474363,0.355108,39.6
3,1778096484.732746,1,71454,1.209453,-1.481354,0.356055,39.6
3,1778096484.9983923,1,71653,1.223079,-1.497988,0.358442,40.6
3,1778096485.337569,1,72084,1.250386,-1.531511,0.363802,41.6
3,1778096485.4359767,1,72174,1.255876,-1.538279,0.364773,41.6
3,1778096485.535144,1,72264,1.261293,-1.544956,0.365721,40.6
3,1778096485.7197788,1,72354,1.26667,-1.551547,0.366806,41.6
3,1778096485.7237804,1,72452,1.272556,-1.55875,0.368313,41.6
3,1778096485.8047314,1,72552,1.278357,-1.565833,0.369302,40.6
3,1778096485.9429078,1,72652,1.283794,-1.572465,0.370206,40.6
3,1778096486.0359688,1,72752,1.289754,-1.579722,0.371587,40.6
3,1778096486.1042514,1,72853,1.295058,-1.586196,0.372722,41.6
3,1778096486.2402189,1,72984,1.302473,-1.595268,0.373771,40.6
3,1778096486.339822,1,73074,1.307369,-1.601226,0.374654,40.6
3,1778096486.4170203,1,73164,1.312215,-1.607118,0.375611,40.6
3,1778096486.507244,1,73254,1.317002,-1.612942,0.376397,40.6
3,1778096486.6158404,1,73352,1.322247,-1.619347,0.377294,40.6
3,1778096486.725862,1,73452,1.327425,-1.625678,0.378494,41.6
3,1778096486.8113222,1,73552,1.332505,-1.631927,0.379562,40.6
3,1778096486.9162176,1,73653,1.337498,-1.638109,0.38041,40.6
3,1778096487.0083227,1,73752,1.34241,-1.644209,0.381315,40.6
3,1778096487.1388412,1,73853,1.347021,-1.649915,0.382191,40.6
3,1778096487.230811,1,73975,1.352964,-1.657344,0.383172,40.6
3,1778096487.3171225,1,74064,1.357148,-1.662626,0.383884,40.6
3,1778096487.4091454,1,74154,1.361508,-1.668149,0.38473,40.6
3,1778096487.5067594,1,74252,1.365799,-1.673596,0.385623,40.6
3,1778096487.60718,1,74352,1.370022,-1.678968,0.386428,39.6
3,1778096487.708759,1,74452,1.374419,-1.684527,0.387245,39.6
3,1778096487.8067374,1,74552,1.378957,-1.690275,0.388126,40.6
3,1778096487.9182518,1,74652,1.383189,-1.695687,0.388934,40.6
3,1778096488.0408733,1,74752,1.387376,-1.701014,0.389809,40.6
3,1778096488.1320896,1,74875,1.392527,-1.707601,0.390776,40.6
3,1778096488.4064016,1,75152,1.403423,-1.72177,0.393547,40.6
3,1778096488.5099595,1,75252,1.407229,-1.726785,0.394663,40.6
3,1778096488.606451,1,75352,1.410961,-1.7317,0.395652,40.6
3,1778096488.706984,1,75452,1.414623,-1.736565,0.396506,40.6
3,1778096488.8063478,1,75552,1.418192,-1.741359,0.397373,40.6
3,1778096488.9147015,1,75652,1.421537,-1.745861,0.398143,40.6
3,1778096489.0104358,1,75752,1.421886,-1.746332,0.39816,40.6
3,1778096489.1191907,1,75866,1.428019,-1.754748,0.399776,39.6
3,1778096489.217309,1,75955,1.431024,-1.758865,0.400511,40.6
3,1778096489.3097296,1,76052,1.434196,-1.763172,0.401444,39.6
3,1778096489.4061918,1,76152,1.437403,-1.76778,0.40231,39.6
3,1778096489.5088387,1,76252,1.440562,-1.772263,0.40306,40.6
3,1778096489.6091986,1,76352,1.443719,-1.776611,0.403893,40.6
3,1778096489.7139893,1,76452,1.446688,-1.780994,0.404671,39.6
3,1778096489.8080761,1,76552,1.449531,-1.785342,0.405465,39.6
3,1778096489.9281209,1,76676,1.45321,-1.790484,0.406565,40.6
3,1778096490.017335,1,76766,1.455669,-1.794267,0.407414,40.6
3,1778096490.2252865,1,76952,1.460376,-1.801991,0.409601,41.6
3,1778096490.4188454,1,77152,1.465486,-1.809209,0.411989,40.6
3,1778096490.5134864,1,77252,1.467799,-1.813263,0.41293,40.6
3,1778096490.6103334,1,77352,1.469869,-1.816781,0.413942,39.6
3,1778096490.7068784,1,77452,1.472489,-1.820147,0.41485,40.6
3,1778096490.833749,1,77576,1.475308,-1.824273,0.415924,40.6
3,1778096490.9174867,1,77666,1.476958,-1.827549,0.416764,40.6
3,1778096491.0136244,1,77757,1.478615,-1.830718,0.417521,40.6
3,1778096491.1128676,1,77852,1.480542,-1.833772,0.418177,40.6
3,1778096491.2076917,1,77952,1.482467,-1.836991,0.41905,40.6
3,1778096491.305733,1,78052,1.484165,-1.840327,0.419891,40.6
3,1778096491.407619,1,78152,1.486064,-1.84335,0.420679,40.6
3,1778096491.5042086,1,78252,1.488078,-1.846198,0.421566,40.6
3,1778096491.6107364,1,78352,1.48992,-1.849107,0.422421,40.6
3,1778096491.922547,1,78657,1.494743,-1.858156,0.425437,41.6
3,1778096492.0069387,1,78753,1.496158,-1.861136,0.42657,40.6
3,1778096492.3050046,1,79052,1.500203,-1.869622,0.429101,40.6
3,1778096492.4057667,1,79152,1.501377,-1.872403,0.429866,40.6
3,1778096492.504171,1,79252,1.502586,-1.875031,0.43065,40.6
3,1778096492.6363018,1,79377,1.504037,-1.878254,0.431459,40.6
3,1778096492.721237,1,79467,1.504965,-1.880622,0.432353,40.6
3,1778096492.808837,1,79557,1.505841,-1.882964,0.433082,40.6
3,1778096492.908513,1,79653,1.506789,-1.885306,0.433878,40.6
3,1778096493.0060182,1,79752,1.507751,-1.887716,0.434684,40.6
3,1778096493.1080112,1,79852,1.508606,-1.890136,0.435573,40.6
3,1778096493.2039933,1,79952,1.509462,-1.892465,0.436496,40.6
3,1778096493.3058288,1,80052,1.510307,-1.894725,0.437339,40.6
3,1778096493.4073625,1,80152,1.511056,-1.897004,0.438191,40.6
3,1778096493.545443,1,80278,1.511945,-1.899618,0.439348,40.6
3,1778096493.904321,1,80652,1.514001,-1.907388,0.442935,40.6
3,1778096494.011874,1,80752,1.514381,-1.909493,0.443699,40.6
3,1778096494.1056652,1,80852,1.514769,-1.911381,0.44463,40.6
3,1778096494.2057323,1,80952,1.51509,-1.913255,0.44539,40.6
3,1778096494.6262205,1,81358,1.515659,-1.920739,0.44912,40.6
3,1778096494.704799,1,81453,1.515645,-1.922342,0.450187,40.6
3,1778096494.8080673,1,81552,1.515529,-1.924027,0.451137,40.6
3,1778096495.005828,1,81752,1.515153,-1.927197,0.452962,40.6
3,1778096495.3386984,1,82078,1.514125,-1.932169,0.455928,40.6
3,1778096495.4198554,1,82169,1.513786,-1.933436,0.456747,40.6
3,1778096495.509397,1,82258,1.513433,-1.934655,0.457482,40.6
3,1778096495.6091554,1,82352,1.512991,-1.935947,0.458328,40.6
3,1778096495.7042506,1,82452,1.512501,-1.937247,0.459073,40.6
3,1778096495.814648,1,82552,1.511991,-1.938453,0.459878,40.6
3,1778096495.9097402,1,82652,1.511432,-1.939636,0.460707,40.6
3,1778096496.0080378,1,82752,1.51085,-1.940799,0.461501,40.6
3,1778096496.1086423,1,82852,1.510253,-1.94191,0.462246,40.6
3,1778096496.230519,1,82978,1.509406,-1.94323,0.463272,40.6
3,1778096496.325212,1,83069,1.508715,-1.944223,0.46399,40.6
3,1778096496.421524,1,83159,1.508046,-1.94508,0.464729,40.6
3,1778096496.5089924,1,83253,1.507228,-1.946036,0.465635,40.6
3,1778096496.6094627,1,83352,1.506327,-1.946996,0.466438,40.6
3,1778096496.7057352,1,83452,1.50537,-1.947939,0.46728,40.6
3,1778096496.8038557,1,83552,1.504462,-1.948753,0.468161,40.6
3,1778096496.9065154,1,83652,1.503369,-1.949623,0.468898,40.6
3,1778096497.006155,1,83752,1.502256,-1.950454,0.46965,40.6
3,1778096497.1358569,1,83879,1.500841,-1.951397,0.470467,39.6
3,1778096497.2206538,1,83969,1.499702,-1.952139,0.471278,40.6
3,1778096497.402795,1,84153,1.497407,-1.953491,0.472937,40.6
3,1778096497.5029442,1,84252,1.49619,-1.954031,0.473686,40.6
3,1778096497.6062694,1,84353,1.49489,-1.954558,0.474685,40.6
3,1778096497.7068586,1,84452,1.493373,-1.955242,0.475559,40.6
3,1778096497.8045688,1,84552,1.491898,-1.955769,0.476408,40.6
3,1778096497.9046788,1,84652,1.490388,-1.956209,0.47722,40.6
3,1778096498.0334706,1,84779,1.488271,-1.956895,0.478298,40.6
3,1778096498.121765,1,84869,1.486644,-1.957465,0.479089,40.6
3,1778096498.2114096,1,84959,1.48492,-1.957978,0.480027,40.6
3,1778096498.3047428,1,85052,1.483304,-1.958358,0.480841,40.6
3,1778096498.4069722,1,85152,1.481474,-1.958709,0.481699,40.6
3,1778096498.5038512,1,85252,1.479592,-1.959019,0.482425,40.6
3,1778096498.6065063,1,85352,1.47767,-1.959225,0.483274,40.6
3,1778096498.7098157,1,85452,1.475662,-1.959429,0.483916,40.6
3,1778096498.8060899,1,85552,1.473505,-1.959697,0.484746,39.6
3,1778096498.931867,1,85680,1.470667,-1.959899,0.485604,40.6
3,1778096499.0238075,1,85770,1.468713,-1.95995,0.486522,39.6
3,1778096499.119301,1,85860,1.466675,-1.959991,0.487349,40.6
3,1778096499.202824,1,85952,1.464581,-1.960024,0.48816,40.6
3,1778096499.3033144,1,86052,1.46225,-1.959951,0.488997,39.6
3,1778096499.4183357,1,86152,1.459823,-1.959869,0.489863,40.6
3,1778096499.503194,1,86252,1.457453,-1.959723,0.490816,40.6
3,1778096499.6052408,1,86352,1.454931,-1.95946,0.491563,40.6
3,1778096499.704419,1,86452,1.452318,-1.959173,0.492433,40.6
3,1778096499.8322282,1,86581,1.448656,-1.958785,0.493524,40.6
3,1778096499.9215448,1,86671,1.446207,-1.958448,0.494147,40.6
3,1778096500.0124695,1,86761,1.44369,-1.958142,0.495014,40.6
3,1778096500.1036522,1,86852,1.441097,-1.957845,0.495836,40.6
3,1778096500.2063181,1,86952,1.438202,-1.957427,0.496489,40.6
3,1778096500.3047974,1,87052,1.435267,-1.95697,0.497314,40.6
3,1778096500.4055529,1,87152,1.432213,-1.956553,0.498082,40.6
3,1778096500.502925,1,87252,1.429129,-1.956085,0.498893,40.6
3,1778096500.6043508,1,87352,1.426027,-1.955575,0.499632,40.6
3,1778096500.7317598,1,87481,1.42205,-1.954919,0.500689,40.6
3,1778096500.8221629,1,87571,1.419114,-1.954427,0.501512,40.6
3,1778096500.9112515,1,87661,1.415965,-1.953816,0.502351,40.6
3,1778096501.0110476,1,87753,1.413101,-1.953235,0.503189,40.6
3,1778096501.1031806,1,87852,1.409499,-1.952505,0.504091,40.6
3,1778096501.2039976,1,87952,1.40602,-1.951769,0.504876,40.6
3,1778096501.3058977,1,88052,1.402696,-1.951001,0.505739,40.6
3,1778096501.4047644,1,88153,1.398933,-1.950128,0.506485,40.6
3,1778096501.5033383,1,88252,1.395259,-1.949239,0.507218,40.6
3,1778096501.6322782,1,88381,1.390444,-1.947932,0.508247,40.6
3,1778096501.7278638,1,88472,1.38701,-1.947032,0.509186,39.6
3,1778096501.8201544,1,88562,1.383502,-1.946126,0.510106,40.6
3,1778096501.904182,1,88652,1.379955,-1.94513,0.511123,40.6
3,1778096502.006155,1,88752,1.375968,-1.943936,0.512106,40.6
3,1778096502.1029286,1,88852,1.371882,-1.942776,0.512922,40.6
3,1778096502.2053258,1,88952,1.367725,-1.941596,0.513724,40.6
3,1778096502.3052285,1,89053,1.36354,-1.940337,0.514625,40.6
3,1778096502.4051785,1,89152,1.359516,-1.93913,0.515445,40.6
3,1778096502.5321314,1,89282,1.35368,-1.937409,0.516387,39.6
3,1778096502.6260483,1,89372,1.349729,-1.936215,0.517197,40.6
3,1778096502.7134628,1,89462,1.345683,-1.934998,0.518001,40.6
3,1778096502.8033392,1,89553,1.341804,-1.933802,0.518888,40.6
3,1778096502.9034626,1,89652,1.336906,-1.932304,0.519866,40.6
3,1778096503.0062006,1,89752,1.332154,-1.930899,0.520546,39.6
3,1778096503.1033306,1,89853,1.32735,-1.929454,0.521271,40.6
3,1778096503.2041855,1,89952,1.322551,-1.927872,0.522049,40.6
3,1778096503.3078163,1,90053,1.317646,-1.926286,0.522895,39.6
3,1778096503.4521823,1,90183,1.311112,-1.924201,0.524033,40.6
3,1778096503.5277276,1,90273,1.306545,-1.922666,0.525109,40.6
3,1778096503.7057762,1,90453,1.297112,-1.919497,0.52729,41.6
3,1778096503.8046014,1,90552,1.291784,-1.917573,0.528257,41.6
3,1778096503.9049237,1,90652,1.286245,-1.915804,0.529305,41.6
3,1778096504.0039499,1,90753,1.281,-1.913949,0.530545,41.6
3,1778096504.1239593,1,90852,1.275197,-1.911722,0.531379,41.6
3,1778096504.2109466,1,90952,1.269473,-1.909667,0.532594,41.6
3,1778096504.3349664,1,91084,-1.859727,9.547807,0.534113,41.6
3,1778096504.424928,1,91174,-1.907353,10.04082,0.535058,41.6
3,1778096504.645707,1,91353,-2.002026,10.98003,0.537369,41.6
3,1778096504.7036552,1,91453,-1.998075,11.27216,0.53898,41.6
3,1778096504.9037032,1,91652,-2.038767,11.45501,0.54114,41.6
3,1778096505.004329,1,91752,-2.05222,11.51146,0.542006,41.6
3,1778096505.1045048,1,91852,-2.069466,11.56737,0.543115,41.6
3,1778096505.3259375,1,92068,-2.084845,11.64353,0.545284,42.6
3,1778096505.4102921,1,92156,-2.094102,11.66091,0.546529,41.6
3,1778096505.6059413,1,92352,-2.107993,11.67163,0.548687,41.6
3,1778096505.723933,1,92452,-2.114041,11.67906,0.549837,41.6
3,1778096505.929722,1,92652,-2.125553,11.67659,0.552547,41.6
3,1778096506.406228,1,93153,-2.129154,11.6665,0.558928,41.6
3,1778096506.7256706,1,93452,-2.107507,11.6298,0.56233,41.6
3,1778096507.1525056,1,93865,-2.099233,11.71218,0.567319,41.6
3,1778096507.3072777,1,94052,-2.098193,11.79036,0.569936,41.6
3,1778096507.4048924,1,94153,-2.102194,11.81374,0.571077,42.6
3,1778096507.5035942,1,94252,-2.104107,11.82228,0.572055,41.6
3,1778096507.7050889,1,94452,-2.090137,11.81746,0.574045,41.6
3,1778096507.808948,1,94552,-2.096667,11.80607,0.574976,41.6
3,1778096507.9491403,1,94652,-2.103738,11.8219,0.576123,41.6
3,1778096508.1068943,1,94855,-2.113935,11.82736,0.578632,41.6
3,1778096508.2039108,1,94952,-2.120176,11.83831,0.579638,41.6
3,1778096508.3030686,1,95052,-2.125286,11.84806,0.580719,41.6
3,1778096508.5060332,1,95252,-2.130698,11.84558,0.582807,41.6
3,1778096508.603764,1,95352,-2.132175,11.85232,0.583804,41.6
3,1778096509.7488256,1,96353,-2.138339,11.81778,0.600193,44.6
3,1778096509.7511232,1,96453,-2.140266,11.82544,0.601839,44.6
3,1778096509.8177378,1,96564,-2.144147,11.88298,0.603604,43.6
3,1778096510.0222225,1,96753,-2.161479,11.99632,0.606147,43.6
3,1778096510.2820165,1,96852,-2.164709,12.01409,0.607435,43.6
3,1778096510.2846975,1,96952,-2.165997,12.01652,0.609572,44.6
3,1778096510.309965,1,97052,-2.171305,12.03359,0.611555,43.6
3,1778096510.4064941,1,97152,-2.17142,12.04067,0.612491,43.6
3,1778096510.5126543,1,97252,-2.169235,12.03149,0.613452,42.6
3,1778096511.1028416,1,97852,-2.179489,12.06301,0.623328,44.6
3,1778096511.6722028,1,98152,-2.182836,12.06797,0.626845,43.6
3,1778096511.6745787,1,98253,-2.182684,12.06776,0.628791,44.6
3,1778096511.6752412,1,98368,-2.183847,12.06587,0.631008,45.6
3,1778096511.7079227,1,98458,-2.184817,12.06369,0.632882,44.6
3,1778096511.8061538,1,98552,-2.184625,12.06289,0.633997,44.6
3,1778096511.9022555,1,98652,-2.180761,12.06439,0.635088,43.6
3,1778096512.0037801,1,98752,-2.175429,12.06989,0.63599,43.6
3,1778096512.1096284,1,98852,-2.168561,12.0686,0.636951,43.6
3,1778096512.2050002,1,98952,-2.149395,12.06311,0.638201,43.6
3,1778096512.303685,1,99052,-2.147619,12.06147,0.638975,43.6
3,1778096512.4053915,1,99152,-2.118514,12.039,0.640412,43.6
3,1778096512.5260544,1,99274,-2.122363,12.05058,0.641767,42.6
3,1778096512.6102471,1,99360,-2.122134,12.06248,0.642676,43.6
3,1778096512.8027632,1,99553,-2.129976,12.14432,0.644884,42.6
3,1778096512.903118,1,99652,-2.137894,12.21819,0.646188,43.6
3,1778096513.0047207,1,99752,-2.146945,12.25419,0.647121,43.6
3,1778096513.2242622,1,99952,-2.159755,12.33536,0.650113,43.6
3,1778096513.4285054,1,100179,-2.174077,12.41272,0.653185,42.6
3,1778096513.609158,1,100359,-2.179462,12.47224,0.65546,43.6
3,1778096513.8023605,1,100552,-2.176692,12.51919,0.658026,42.6
3,1778096513.9051328,1,100652,-2.1751,12.54192,0.659071,42.6
3,1778096514.0043097,1,100752,-2.173604,12.56466,0.65997,42.6
3,1778096514.1023457,1,100852,-2.172124,12.58755,0.661353,43.6
3,1778096514.2056973,1,100953,-2.170753,12.6105,0.66309,43.6
3,1778096514.338651,1,101065,-2.169409,12.63576,0.664132,42.6
3,1778096514.420853,1,101169,-2.168189,12.65998,0.665542,42.6
3,1778096514.5111396,1,101260,-2.182822,12.6007,0.666821,43.6
3,1778096514.768183,1,101452,-2.19295,12.62553,0.668992,42.6
3,1778096514.8049908,1,101552,-2.197587,12.6382,0.670666,43.6
3,1778096515.031971,1,101752,-2.206434,12.66201,0.672687,42.6
3,1778096515.213756,1,101958,-2.216436,12.68806,0.675562,43.6
3,1778096515.303927,1,102053,-2.221162,12.69999,0.676844,43.6
3,1778096515.6239064,1,102352,-2.236796,12.73776,0.680128,42.6
3,1778096515.8020737,1,102552,-2.247914,12.76313,0.68284,43.6
3,1778096515.9189928,1,102652,-2.253092,12.77461,0.683718,42.6
3,1778096516.004858,1,102752,-2.25834,12.78613,0.684844,42.6
3,1778096516.3200083,1,103052,-2.277728,12.82753,0.688522,43.6
3,1778096516.5027986,1,103252,-2.290521,12.85379,0.690908,43.6
3,1778096516.6023374,1,103352,-2.297194,12.8668,0.691771,42.6
3,1778096516.7080603,1,103452,-2.303897,12.88,0.692675,42.6
3,1778096516.9028106,1,103652,-2.316251,12.90393,0.694612,42.6
3,1778096517.0071187,1,103757,-2.324975,12.92066,0.695518,42.6
3,1778096517.1022086,1,103853,-2.331689,12.9335,0.696438,42.6
3,1778096517.2026508,1,103952,-2.338886,12.94694,0.697422,42.6
3,1778096517.3086936,1,104052,-2.346192,12.96042,0.698421,42.6
3,1778096517.4051726,1,104153,-2.353614,12.97394,0.69931,42.6
3,1778096517.502419,1,104253,-2.361117,12.98752,0.700192,42.6
3,1778096517.6048205,1,104352,-2.36833,13.00045,0.701267,42.6
3,1778096517.70251,1,104452,-2.376091,13.014,0.702149,42.6
3,1778096517.8035104,1,104552,-2.383186,13.02616,0.703135,42.6
3,1778096517.9070776,1,104657,-2.392598,13.04273,0.704316,42.6
3,1778096518.0021825,1,104752,-2.400193,13.05583,0.705317,42.6
3,1778096518.203013,1,104952,-2.416597,13.08328,0.70704,42.6
3,1778096518.5023408,1,105252,-2.441964,13.12498,0.71004,42.6
3,1778096518.6030023,1,105352,-2.44983,13.13749,0.710897,41.6
3,1778096518.7022502,1,105452,-2.457709,13.15019,0.711772,42.6
3,1778096518.8080587,1,105558,-2.468758,13.1679,0.712841,42.6
3,1778096518.9036777,1,105653,-2.477334,13.18128,0.713818,41.6
3,1778096519.021049,1,105752,-2.486423,13.19548,0.714822,41.6
3,1778096519.1039908,1,105852,-2.495112,13.20913,0.715978,42.6
3,1778096519.4045546,1,106152,-2.523468,13.25212,0.719558,42.6
3,1778096519.506422,1,106252,-2.532666,13.26587,0.720627,42.6
3,1778096519.6100597,1,106352,-2.541507,13.27887,0.721412,41.6
3,1778096519.8032362,1,106552,-2.563439,13.31092,0.723979,42.6
3,1778096519.9086328,1,106652,-2.573625,13.3255,0.72491,41.6
3,1778096520.1020777,1,106853,-2.594303,13.3548,0.726965,42.6
3,1778096520.3139703,1,107052,-2.615393,13.3843,0.729048,41.6
3,1778096520.4021528,1,107152,-2.625062,13.39755,0.730049,42.6
3,1778096520.502677,1,107252,-2.634809,13.41084,0.730977,42.6
3,1778096520.613007,1,107358,-2.64848,13.42938,0.73206,41.6
3,1778096520.7033625,1,107452,-2.658992,13.44344,0.733007,41.6
3,1778096520.8019667,1,107552,-2.669615,13.45753,0.733946,41.6
3,1778096520.9131699,1,107652,-2.680865,13.47249,0.73482,41.6
3,1778096521.0050287,1,107752,-2.692838,13.48822,0.735844,41.6
3,1778096521.1079316,1,107852,-2.704414,13.50317,0.736808,41.6
3,1778096521.2099607,1,107952,-2.716066,13.51825,0.737798,41.6
3,1778096521.7050874,1,108452,-2.776178,13.59423,0.743337,41.6
3,1778096522.0040457,1,108752,-2.8136,13.64038,0.746558,42.6
3,1778096522.220839,1,108953,-2.837797,13.66977,0.748454,41.6
3,1778096522.3366067,1,109052,-2.849365,13.68375,0.749611,42.6
3,1778096522.518015,1,109252,-2.878079,13.71808,0.752385,42.6
3,1778096522.6036925,1,109352,-2.891308,13.73383,0.753379,42.6
3,1778096522.8046393,1,109552,-2.918128,13.76545,0.755722,42.6
3,1778096523.3102806,1,110060,-2.988616,13.84692,0.76139,41.6
3,1778096523.4088693,1,110152,-3.001357,13.86143,0.762308,41.6
3,1778096523.5040405,1,110252,-3.015604,13.87757,0.763427,42.6
3,1778096523.6036994,1,110352,-3.029214,13.89295,0.764409,41.6
3,1778096523.708665,1,110452,-3.044363,13.90999,0.765505,41.6
3,1778096523.8066196,1,110552,-3.058203,13.9254,0.766513,41.6
3,1778096523.9027958,1,110652,-3.072866,13.94165,0.76742,41.6
3,1778096524.0066833,1,110752,-3.088329,13.95882,0.768383,41.6
3,1778096524.1027803,1,110852,-3.100957,13.97271,0.769199,41.6
3,1778096524.4049995,1,111153,-3.148476,14.02437,0.772439,41.6
3,1778096524.5060608,1,111252,-3.163828,14.04086,0.773355,41.6
3,1778096524.6122482,1,111353,-3.17927,14.0574,0.774434,41.6
3,1778096524.859015,1,111553,-3.210519,14.09065,0.777107,42.6
3,1778096525.0041852,1,111752,-3.239937,14.12162,0.779755,42.6
3,1778096525.115691,1,111860,-3.25925,14.14182,0.780831,42.6
3,1778096525.3097854,1,112052,-3.29017,14.17382,0.782976,41.6
3,1778096525.5027757,1,112252,-3.323973,14.20858,0.784977,42.6
3,1778096525.6033328,1,112353,-3.340631,14.22554,0.785838,41.6
3,1778096525.7050748,1,112452,-3.357378,14.24262,0.786787,42.6
3,1778096525.8066678,1,112552,-3.373401,14.25882,0.787562,41.6
3,1778096525.9039636,1,112652,-3.388662,14.27416,0.788383,41.6
3,1778096526.2051175,1,112952,-3.44279,14.32814,0.791877,42.6
3,1778096526.3200922,1,113052,-3.460249,14.34537,0.792903,41.6
3,1778096526.5435061,1,113252,-3.495459,14.38011,0.796434,43.6
3,1778096526.6044886,1,113352,-3.512485,14.39656,0.797811,42.6
3,1778096526.8026848,1,113552,-3.547724,14.43079,0.800351,42.6
3,1778096528.0119417,1,114752,-3.780143,14.64787,0.819075,44.6
3,1778096528.105748,1,114852,-3.799371,14.6654,0.82024,43.6
3,1778096528.3429608,1,115053,-3.840385,14.70231,0.823208,44.6
3,1778096528.4294305,1,115152,-3.86214,14.72188,0.824889,44.6
3,1778096528.5059724,1,115252,-3.881987,14.73966,0.826295,43.6
3,1778096528.6049712,1,115352,-3.900905,14.7565,0.827082,43.6
3,1778096528.7091253,1,115453,-3.92097,14.77427,0.827779,42.6
3,1778096528.8119266,1,115552,-3.946456,14.79685,0.828772,43.6
3,1778096528.9070055,1,115653,-3.967836,14.8157,0.829837,42.6
3,1778096529.0050085,1,115752,-3.989344,14.83458,0.830666,43.6
3,1778096529.1018634,1,115852,-4.010971,14.85354,0.831611,42.6
3,1778096529.202683,1,115952,-4.032716,14.87247,0.832535,42.6
3,1778096529.3020723,1,116052,-4.054565,14.8915,0.833427,42.6
3,1778096529.4032612,1,116152,-4.075448,14.90952,0.834478,42.6
3,1778096529.507148,1,116252,-4.095301,14.92669,0.835392,42.6
3,1778096529.603384,1,116352,-4.115231,14.94387,0.836347,42.6
3,1778096529.7150443,1,116453,-4.143042,14.96778,0.837512,42.6
3,1778096529.8055227,1,116552,-4.164313,14.98595,0.838795,42.6
3,1778096529.9029772,1,116652,-4.18798,15.0061,0.839776,42.6
3,1778096530.002651,1,116752,-4.209465,15.02441,0.840711,42.6
3,1778096530.1074443,1,116852,-4.232217,15.04368,0.84176,42.6
3,1778096530.2016783,1,116952,-4.256314,15.06385,0.842789,42.6
3,1778096530.304036,1,117052,-4.278232,15.0823,0.843657,42.6
3,1778096530.419389,1,117152,-4.299097,15.0999,0.844641,42.6
3,1778096530.5048397,1,117252,-4.320075,15.11737,0.845773,42.6
3,1778096530.6038742,1,117353,-4.349446,15.14166,0.846882,42.6
3,1778096530.7029586,1,117452,-4.373022,15.16128,0.847756,42.6
3,1778096530.8051977,1,117552,-4.396722,15.1809,0.848761,42.6
3,1778096530.9019964,1,117652,-4.420557,15.20044,0.849756,42.6
3,1778096531.003318,1,117752,-4.444477,15.22008,0.850606,42.6
3,1778096531.10612,1,117852,-4.468481,15.23977,0.851702,42.6
3,1778096531.202053,1,117952,-4.492635,15.25941,0.852708,42.6
3,1778096531.3019783,1,118052,-4.513239,15.27615,0.853639,41.6
3,1778096531.402836,1,118152,-4.535128,15.29395,0.854749,42.6
3,1778096531.5116248,1,118253,-4.564512,15.3177,0.85588,42.6
3,1778096531.6026988,1,118352,-4.590358,15.3385,0.857036,41.6
3,1778096531.7068558,1,118452,-4.615102,15.3584,0.858172,42.6
3,1778096531.8261771,1,118552,-4.639992,15.3783,0.859753,43.6
3,1778096531.9043767,1,118652,-4.665062,15.39826,0.861185,42.6
3,1778096532.0059366,1,118752,-4.690268,15.41832,0.862761,42.6
3,1778096532.1069176,1,118852,-4.714361,15.43739,0.863711,42.6
3,1778096532.206313,1,118952,-4.737266,15.4555,0.864673,42.6
3,1778096532.3041868,1,119052,-4.760276,15.47362,0.865638,42.6
3,1778096532.4100633,1,119154,-4.792388,15.49878,0.866902,42.6
3,1778096532.5036914,1,119252,-4.818219,15.51898,0.867939,42.6
3,1778096532.6045456,1,119352,-4.84287,15.53817,0.868937,42.6
3,1778096532.7080271,1,119453,-4.86894,15.55839,0.869816,42.6
3,1778096532.8046942,1,119552,-4.895098,15.57868,0.870848,42.6
3,1778096532.9027917,1,119652,-4.922686,15.60002,0.871711,42.6
3,1778096533.0020213,1,119752,-4.947752,15.61934,0.872789,41.6
3,1778096533.102825,1,119852,-4.971605,15.63767,0.873807,42.6
3,1778096533.2018175,1,119953,-4.995536,15.65602,0.874538,41.6
3,1778096533.3039834,1,120055,-5.030248,15.68262,0.875584,42.6
3,1778096533.4048367,1,120152,-5.055734,15.70204,0.876324,41.6
3,1778096533.5045798,1,120252,-5.082639,15.72253,0.877127,41.6
3,1778096533.6038158,1,120352,-5.109624,15.7431,0.878161,42.6
3,1778096533.702669,1,120452,-5.13673,15.76368,0.879072,42.6
3,1778096533.8057137,1,120552,-5.16394,15.78426,0.879921,42.6
3,1778096533.905438,1,120652,-5.191242,15.80488,0.881005,42.6
3,1778096534.0015504,1,120752,-5.215872,15.82354,0.882028,41.6
3,1778096534.101792,1,120852,-5.240641,15.84216,0.882933,42.6
3,1778096534.217509,1,120955,-5.275184,15.8681,0.884244,42.6
3,1778096534.311925,1,121052,-5.300158,15.88686,0.885712,41.6
3,1778096534.4055238,1,121152,-5.32947,15.90875,0.886958,42.6
3,1778096534.5046766,1,121252,-5.356159,15.92859,0.888109,42.6
3,1778096534.609061,1,121352,-5.384368,15.94955,0.88908,41.6
3,1778096534.7016447,1,121452,-5.414145,15.97155,0.890173,41.6
3,1778096534.8048623,1,121553,-5.442616,15.9925,0.890999,41.6
3,1778096534.904783,1,121652,-5.468329,16.01143,0.891884,41.6
3,1778096535.001813,1,121752,-5.494144,16.03039,0.892891,41.6
3,1778096535.1019287,1,121853,-5.512848,16.04406,0.893568,42.6
3,1778096535.2042432,1,121952,-5.557619,16.07679,0.894814,41.6
3,1778096535.309401,1,122052,-5.586645,16.098,0.895774,41.6
3,1778096535.4065452,1,122152,-5.615802,16.11915,0.896864,41.6
3,1778096535.5038605,1,122252,-5.645072,16.14031,0.898052,41.6
3,1778096535.6047537,1,122352,-5.674451,16.16164,0.899132,41.6
3,1778096535.7018442,1,122452,-5.70248,16.18193,0.900205,41.6
3,1778096535.8029249,1,122552,-5.732133,16.20319,0.901098,41.6
3,1778096535.9127824,1,122652,-5.757431,16.2213,0.902154,41.6
3,1778096536.008174,1,122757,-5.794793,16.24807,0.903287,41.6
3,1778096536.1017926,1,122852,-5.821832,16.26732,0.904241,41.6
3,1778096536.204638,1,122952,-5.853518,16.2898,0.905012,41.6
3,1778096536.309796,1,123052,-5.883778,16.31132,0.905928,41.6
3,1778096536.406904,1,123152,-5.914197,16.33287,0.90694,41.6
3,1778096536.502921,1,123253,-5.944775,16.3544,0.907983,41.6
3,1778096536.7076893,1,123453,-6.006308,16.39751,0.910204,42.6
3,1778096536.834745,1,123552,-6.037254,16.41914,0.911581,42.6
3,1778096537.0193634,1,123770,-2.520763,13.59938,0.914849,42.6
3,1778096537.1135755,1,123860,-2.519777,13.59638,0.915727,42.6
3,1778096537.2042756,1,123953,-2.519001,13.59616,0.916657,42.6
3,1778096537.3059585,1,124052,-2.517668,13.59451,0.917719,42.6
3,1778096537.4049459,1,124153,-2.516916,13.59299,0.918665,42.6
3,1778096537.5033233,1,124252,-2.516964,13.59249,0.919649,41.6
3,1778096537.6017895,1,124352,-2.517455,13.59268,0.920577,42.6
3,1778096537.7039092,1,124452,-2.517592,13.59114,0.921436,42.6
3,1778096537.8451025,1,124581,-2.518208,13.59278,0.922646,42.6
3,1778096537.9250927,1,124671,-2.518497,13.59367,0.923847,42.6
3,1778096538.0107505,1,124761,-2.518847,13.59405,0.924706,42.6
3,1778096538.1047502,1,124853,-2.519083,13.59418,0.925494,42.6
3,1778096538.2051735,1,124952,-2.519304,13.5949,0.926337,42.6
3,1778096538.3040667,1,125052,-2.519673,13.59581,0.927296,42.6
3,1778096538.404397,1,125152,-2.519954,13.59479,0.928246,42.6
3,1778096538.5029252,1,125253,-2.520064,13.5953,0.929098,42.6
3,1778096538.6075714,1,125352,-2.520277,13.59638,0.930163,42.6
3,1778096538.7317092,1,125481,-2.520637,13.59636,0.93134,41.6
3,1778096539.0041313,1,125752,-2.52132,13.59993,0.934217,42.6
3,1778096567.5507815,1,20641,-1.758009e-06,-2.304886e-06,0.000247,38.6
3,1778096567.6473196,1,20742,-0.000279,-3.1e-05,0.001076,38.6
3,1778096567.7480042,1,20842,-0.00068,4.6e-05,0.001818,38.6
3,1778096567.8642814,1,20960,-0.000919,0.000339,0.002803,38.6
3,1778096567.954687,1,21050,-0.001253,0.000555,0.00358,38.6
3,1778096568.0455546,1,21142,-0.001703,0.000774,0.004397,38.6
3,1778096568.1470704,1,21242,-0.002093,0.001138,0.005261,39.6
3,1778096568.2476504,1,21342,-0.002487,0.001577,0.006091,39.6
3,1778096568.3486998,1,21442,-0.002993,0.002036,0.006907,39.6
3,1778096568.4723046,1,21568,-0.003673,0.002648,0.00793,38.6
3,1778096568.562472,1,21658,-0.004192,0.003212,0.008858,39.6
3,1778096568.6629305,1,21749,-0.004791,0.003807,0.009608,39.6
3,1778096568.7468293,1,21842,-0.005437,0.004355,0.01052,39.6
3,1778096568.8459554,1,21942,-0.006179,0.005068,0.0113,39.6
3,1778096568.9477744,1,22042,-0.006907,0.005916,0.012204,39.6
3,1778096569.0458708,1,22142,-0.007687,0.006754,0.013129,39.6
3,1778096569.1487002,1,22242,-0.008498,0.00757,0.014039,39.6
3,1778096569.246722,1,22342,-0.009348,0.008555,0.01481,39.6
3,1778096569.3728077,1,22469,-0.010561,0.009754,0.015765,39.6
3,1778096569.4634504,1,22559,-0.011306,0.010636,0.016663,39.6
3,1778096569.5605235,1,22649,-0.012033,0.01157,0.01749,39.6
3,1778096569.6469789,1,22742,-0.012953,0.012458,0.018348,39.6
3,1778096569.7482128,1,22842,-0.014094,0.013431,0.019443,39.6
3,1778096569.8484507,1,22942,-0.015059,0.014564,0.020588,40.6
3,1778096569.946033,1,23041,-0.015981,0.01582,0.021437,39.6
3,1778096570.0520625,1,23142,-0.017153,0.017026,0.02209,39.6
3,1778096570.145591,1,23242,-0.018395,0.018243,0.023048,39.6
3,1778096570.2823896,1,23369,-0.019781,0.02,0.024195,39.6
3,1778096570.3706362,1,23459,-0.020842,0.021199,0.025171,39.6
3,1778096570.4558716,1,23549,-0.02195,0.022431,0.026035,39.6
3,1778096570.5506253,1,23641,-0.022981,0.023778,0.026756,39.6
3,1778096570.647067,1,23742,-0.024289,0.025283,0.027605,39.6
3,1778096570.746863,1,23842,-0.025693,0.026823,0.028288,39.6
3,1778096570.8545437,1,23942,-0.027023,0.028494,0.029113,39.6
3,1778096570.9455075,1,24042,-0.028353,0.030247,0.02995,39.6
3,1778096571.0528626,1,24142,-0.029758,0.032055,0.030758,39.6
3,1778096571.1744215,1,24270,-0.031542,0.034537,0.031794,40.6
3,1778096571.2628152,1,24360,-0.032891,0.036248,0.032716,39.6
3,1778096571.3538194,1,24449,-0.034272,0.03799,0.03348,40.6
3,1778096571.4455912,1,24542,-0.035529,0.039853,0.03431,40.6
3,1778096571.5473719,1,24642,-0.036944,0.041981,0.035035,39.6
3,1778096571.6514814,1,24742,-0.038491,0.044104,0.035851,40.6
3,1778096571.7497578,1,24842,-0.039992,0.046169,0.036699,40.6
3,1778096571.8635964,1,24942,-0.041663,0.048537,0.037489,40.6
3,1778096571.945729,1,25042,-0.043217,0.050732,0.038521,40.6
3,1778096572.0732949,1,25170,-0.045441,0.053969,0.039589,40.6
3,1778096572.1663609,1,25260,-0.046939,0.056199,0.040368,40.6
3,1778096572.2537348,1,25350,-0.048473,0.058466,0.04107,40.6
3,1778096572.3477325,1,25442,-0.050022,0.060775,0.041936,40.6
3,1778096572.4456801,1,25541,-0.051739,0.063446,0.042811,40.6
3,1778096572.548762,1,25642,-0.053487,0.066198,0.043552,40.6
3,1778096572.644705,1,25742,-0.055343,0.068995,0.044385,40.6
3,1778096572.7467499,1,25841,-0.057232,0.071871,0.045259,40.6
3,1778096572.852952,1,25942,-0.059117,0.074835,0.046205,40.6
3,1778096572.9734492,1,26070,-0.061624,0.078596,0.047331,40.6
3,1778096573.06447,1,26161,-0.063378,0.08141,0.048086,40.6
3,1778096573.153504,1,26250,-0.06522,0.084456,0.048863,40.6
3,1778096573.247754,1,26342,-0.066969,0.087191,0.049604,40.6
3,1778096573.3473313,1,26442,-0.069263,0.090591,0.050507,40.6
3,1778096573.4452047,1,26542,-0.071546,0.093885,0.051362,40.6
3,1778096573.55078,1,26642,-0.073772,0.09708,0.052234,40.6
3,1778096573.6453161,1,26742,-0.076268,0.100708,0.053078,40.6
3,1778096573.7581315,1,26842,-0.078528,0.104323,0.053766,40.6
3,1778096573.8815,1,26971,-0.081491,0.109156,0.054794,40.6
3,1778096574.0730183,1,27151,-0.08574,0.11611,0.05665,40.6
3,1778096574.1458018,1,27241,-0.08787,0.119716,0.057697,41.6
3,1778096574.2489839,1,27342,-0.090371,0.123758,0.05849,41.6
3,1778096574.3476336,1,27441,-0.092865,0.12789,0.05925,40.6
3,1778096574.4457574,1,27542,-0.095198,0.13221,0.060148,40.6
3,1778096574.5459292,1,27642,-0.097731,0.136517,0.061205,41.6
3,1778096574.6461844,1,27741,-0.100429,0.140854,0.062239,40.6
3,1778096574.7887414,1,27871,-0.103797,0.146684,0.063164,41.6
3,1778096574.8656435,1,27961,-0.106204,0.150761,0.064088,41.6
3,1778096575.1464808,1,28242,-0.113684,0.163683,0.066982,41.6
3,1778096575.320766,1,28342,-0.116595,0.16874,0.067653,41.6
3,1778096575.348371,1,28442,-0.119519,0.173599,0.06906,41.6
3,1778096575.4465055,1,28542,-0.122449,0.178569,0.069896,41.6
3,1778096575.5479515,1,28642,-0.125328,0.183616,0.070682,41.6
3,1778096575.6946442,1,28772,-0.129079,0.19027,0.071579,41.6
3,1778096575.7659338,1,28862,-0.131544,0.194968,0.072642,42.6
3,1778096576.1492016,1,29242,-0.142986,0.215204,0.076986,42.6
3,1778096576.2457986,1,29341,-0.145771,0.220516,0.07791,42.6
3,1778096576.3456137,1,29442,-0.148903,0.226463,0.07872,41.6
3,1778096576.593678,1,29672,-0.156117,0.239551,0.080787,41.6
3,1778096576.669539,1,29762,-0.158891,0.244783,0.081901,42.6
3,1778096577.0495684,1,30142,-0.171304,0.267182,0.086415,42.6
3,1778096577.1834915,1,30242,-0.174462,0.273349,0.087461,42.6
3,1778096577.2451715,1,30342,-0.177565,0.279602,0.088768,42.6
3,1778096577.478291,1,30573,-0.185515,0.293446,0.090646,42.6
3,1778096577.566092,1,30663,-0.188659,0.299447,0.091689,42.6
3,1778096577.6565435,1,30753,-0.191664,0.305159,0.092675,42.6
3,1778096577.7506707,1,30843,-0.194597,0.310528,0.093478,42.6
3,1778096577.8457687,1,30942,-0.198282,0.317191,0.094443,42.6
3,1778096577.945795,1,31042,-0.201643,0.323217,0.095335,41.6
3,1778096578.0453866,1,31142,-0.205212,0.329568,0.096194,42.6
3,1778096578.1453125,1,31241,-0.208762,0.335932,0.097106,41.6
4,1778096589.0417569,1,41941,-0.668483,1.194544,0.216156,46.6
4,1778096589.0418491,1,42042,-0.674761,1.206249,0.217946,46.6
4,1778096589.0440524,1,42142,-0.681109,1.218108,0.219619,46.6
4,1778096589.1443367,1,42242,-0.687544,1.230066,0.220578,46.6
4,1778096589.2717745,1,42369,-0.695895,1.245696,0.221636,46.6
4,1778096589.3634727,1,42459,-0.701728,1.256528,0.22258,45.6
4,1778096589.4521532,1,42549,-0.707621,1.267381,0.223547,45.6
4,1778096589.5460203,1,42642,-0.713519,1.278276,0.224485,45.6
4,1778096589.647035,1,42742,-0.720068,1.290473,0.225492,45.6
4,1778096589.7444813,1,42842,-0.726694,1.302667,0.226505,44.6
4,1778096589.8487535,1,42942,-0.733,1.314289,0.227437,44.6
4,1778096589.9455183,1,43042,-0.739973,1.327186,0.228301,44.6
4,1778096590.0448425,1,43142,-0.74666,1.339463,0.229243,44.6
4,1778096590.1726034,1,43269,-0.75541,1.355502,0.23063,43.6
4,1778096590.2662215,1,43360,-0.761479,1.366675,0.231538,44.6
4,1778096590.3532631,1,43450,-0.767568,1.377872,0.232427,44.6
4,1778096590.4462302,1,43542,-0.773675,1.389129,0.233415,44.6
4,1778096590.554874,1,43642,-0.780493,1.401689,0.234313,43.6
4,1778096590.645615,1,43742,-0.787338,1.414284,0.235347,44.6
4,1778096590.744788,1,43842,-0.794199,1.426936,0.236305,44.6
4,1778096590.8495452,1,43942,-0.801082,1.439635,0.237243,43.6
4,1778096590.9460497,1,44042,-0.807971,1.452362,0.238237,43.6
4,1778096591.0748465,1,44169,-0.816641,1.468323,0.239497,44.6
4,1778096591.1690886,1,44259,-0.822946,1.479848,0.240438,43.6
4,1778096591.2527058,1,44350,-0.829594,1.492096,0.241512,43.6
4,1778096591.3506806,1,44442,-0.835556,1.503088,0.24256,44.6
4,1778096591.4480443,1,44542,-0.842936,1.516728,0.243665,44.6
4,1778096591.5472205,1,44642,-0.849971,1.529824,0.244617,44.6
4,1778096591.6442468,1,44741,-0.85666,1.542344,0.245591,43.6
4,1778096591.7456887,1,44842,-0.864117,1.556201,0.246589,43.6
4,1778096591.8444953,1,44942,-0.871236,1.569481,0.247399,43.6
4,1778096591.9740257,1,45070,-0.880669,1.586745,0.248356,43.6
4,1778096592.064726,1,45160,-0.887331,1.598716,0.249293,43.6
4,1778096592.1525002,1,45250,-0.893983,1.610806,0.250274,43.6
4,1778096592.2441585,1,45342,-0.900635,1.623004,0.251108,43.6
4,1778096592.3466256,1,45442,-0.908096,1.636636,0.252119,43.6
4,1778096592.4452057,1,45542,-0.91574,1.650286,0.253172,43.6
4,1778096592.5443678,1,45642,-0.923418,1.664043,0.254164,43.6
4,1778096592.6457338,1,45742,-0.931093,1.677934,0.255139,43.6
4,1778096592.7477808,1,45842,-0.938866,1.691865,0.256094,43.6
4,1778096592.8757422,1,45971,-0.949137,1.709962,0.257306,43.6
4,1778096592.9625006,1,46060,-0.956224,1.722573,0.258249,43.6
4,1778096593.0557172,1,46150,-0.963298,1.735297,0.259094,43.6
4,1778096593.1491356,1,46242,-0.970088,1.747311,0.260023,43.6
4,1778096593.244254,1,46342,-0.978653,1.762141,0.260847,43.6
4,1778096593.3459463,1,46442,-0.986741,1.776459,0.261681,43.6
4,1778096593.447781,1,46542,-0.994807,1.790905,0.262698,43.6
4,1778096593.547438,1,46642,-1.003079,1.805323,0.263528,43.6
4,1778096593.6440058,1,46742,-1.011447,1.819807,0.264499,42.6
4,1778096593.7773786,1,46871,-1.022259,1.838988,0.26549,43.6
4,1778096593.8638275,1,46961,-1.02982,1.852352,0.266437,43.6
4,1778096593.9534447,1,47051,-1.037513,1.865696,0.2676,43.6
4,1778096594.045064,1,47142,-1.045226,1.879143,0.268807,43.6
4,1778096594.145699,1,47242,-1.053813,1.894197,0.269948,43.6
4,1778096594.244007,1,47342,-1.062561,1.909256,0.271295,43.6
4,1778096594.344766,1,47442,-1.070889,1.923695,0.272442,43.6
4,1778096594.44448,1,47542,-1.080132,1.93973,0.273545,42.6
4,1778096594.544401,1,47642,-1.088558,1.954322,0.274614,43.6
4,1778096594.6743767,1,47771,-1.100863,1.975079,0.276348,42.6
4,1778096594.7645621,1,47862,-1.109154,1.988917,0.277251,43.6
4,1778096594.8555753,1,47952,-1.117179,2.003097,0.278218,43.6
4,1778096594.9458792,1,48041,-1.125143,2.017398,0.279182,43.6
4,1778096595.0449722,1,48142,-1.134385,2.033083,0.280251,43.6
4,1778096595.1444647,1,48242,-1.143809,2.048794,0.281254,43.6
4,1778096595.2443635,1,48342,-1.153108,2.064715,0.28216,43.6
4,1778096595.3453782,1,48442,-1.162465,2.080687,0.283047,43.6
4,1778096595.444464,1,48542,-1.171981,2.096631,0.284097,42.6
5,1778096664.3857255,1,21568,-0.001843,0.002469,0.005665,46.6
5,1778096664.4240956,1,21658,-0.002201,0.003027,0.005933,46.6
5,1778096664.5117116,1,21749,-0.002567,0.003647,0.006754,46.6
5,1778096664.8842683,1,22141,-0.004247,0.00704,0.010127,46.6
5,1778096664.9858298,1,22241,-0.004799,0.008145,0.010335,46.6
5,1778096665.083825,1,22341,-0.005425,0.009205,0.010449,46.6
5,1778096665.211902,1,22469,-0.006207,0.010653,0.010649,46.6
5,1778096665.3008068,1,22559,-0.006728,0.011679,0.010982,45.6
5,1778096665.3930628,1,22649,-0.007291,0.012719,0.011247,46.6
5,1778096665.4943852,1,22741,-0.007877,0.013787,0.011831,46.6
5,1778096665.6833925,1,22941,-0.009263,0.016377,0.012566,46.6
5,1778096665.7836888,1,23041,-0.009873,0.01776,0.012892,45.6
5,1778096665.9327312,1,23141,-0.010543,0.019126,0.013424,46.6
5,1778096665.9831464,1,23241,-0.01132,0.020515,0.014406,46.6
5,1778096666.2032783,1,23459,-0.013018,0.023801,0.015482,46.6
5,1778096666.289865,1,23549,-0.01378,0.025196,0.015792,46.6
5,1778096666.3830554,1,23641,-0.014592,0.026599,0.016137,45.6
5,1778096666.4872932,1,23741,-0.015476,0.028206,0.016504,46.6
5,1778096666.5832694,1,23841,-0.016382,0.029859,0.016691,46.6
5,1778096666.6824834,1,23941,-0.017386,0.031535,0.016946,46.6
5,1778096666.782866,1,24041,-0.018375,0.03326,0.017128,46.6
5,1778096666.8839884,1,24141,-0.019362,0.035023,0.017245,45.6
5,1778096667.017716,1,24270,-0.020793,0.037311,0.01737,45.6
5,1778096667.101775,1,24360,-0.021758,0.038917,0.018222,46.6
5,1778096667.1907396,1,24450,-0.022682,0.040642,0.018548,46.6
5,1778096667.298313,1,24541,-0.023674,0.042397,0.01877,45.6
5,1778096667.3826387,1,24641,-0.024837,0.044344,0.019544,46.6
5,1778096667.483643,1,24741,-0.025957,0.046361,0.019751,46.6
5,1778096667.586522,1,24841,-0.027026,0.048282,0.020135,46.6
5,1778096667.782948,1,25041,-0.029382,0.052397,0.021857,46.6
5,1778096668.0912657,1,25350,-0.03327,0.059436,0.023453,46.6
5,1778096668.185407,1,25441,-0.03442,0.061533,0.02384,45.6
5,1778096668.3829896,1,25641,-0.037051,0.06631,0.025028,46.6
5,1778096668.4851832,1,25741,-0.038399,0.06881,0.025255,46.6
5,1778096668.5820377,1,25841,-0.039824,0.071319,0.026056,46.6
5,1778096668.6839929,1,25941,-0.041252,0.073897,0.026279,46.6
5,1778096668.8269043,1,26070,-0.043042,0.077143,0.026623,45.6
5,1778096668.9029846,1,26161,-0.044447,0.079623,0.027104,46.6
5,1778096668.9920604,1,26251,-0.045714,0.081888,0.02778,46.6
5,1778096669.088986,1,26341,-0.047075,0.084365,0.028397,46.6
5,1778096669.2823608,1,26541,-0.050173,0.090003,0.029505,46.6
5,1778096669.3845618,1,26641,-0.051798,0.093049,0.029799,46.6
5,1778096669.4877427,1,26741,-0.05335,0.096005,0.030064,46.6
5,1778096669.6314142,1,26841,-0.054895,0.098982,0.030466,46.6
5,1778096669.732878,1,26971,-0.056946,0.102928,0.031592,46.6
5,1778096669.8236966,1,27061,-0.058384,0.105728,0.032224,46.6
5,1778096669.9831934,1,27241,-0.061302,0.111573,0.033459,46.6
5,1778096670.2003858,1,27441,-0.064544,0.118307,0.034564,46.6
5,1778096670.3837178,1,27641,-0.067848,0.125265,0.035625,46.6
5,1778096670.4832647,1,27741,-0.069535,0.128792,0.035884,46.6
5,1778096670.612038,1,27871,-0.07175,0.13339,0.036131,46.6
5,1778096671.0849693,1,28341,-0.079869,0.150602,0.038984,46.6
5,1778096671.2830184,1,28541,-0.083639,0.158668,0.039897,46.6
5,1778096671.3823793,1,28641,-0.085682,0.16262,0.039998,46.6
5,1778096671.5138679,1,28772,-0.087858,0.168021,0.040233,46.6
5,1778096671.6047,1,28862,-0.08947,0.17176,0.040569,46.6
5,1778096671.6929524,1,28952,-0.091364,0.175429,0.040996,46.6
5,1778096671.786653,1,29042,-0.093168,0.179199,0.0412,46.6
5,1778096671.8855824,1,29141,-0.095021,0.18349,0.041609,46.6
5,1778096671.982374,1,29241,-0.096946,0.187772,0.041919,45.6
5,1778096672.0880542,1,29341,-0.098895,0.192075,0.042215,46.6
5,1778096672.182993,1,29441,-0.100837,0.19641,0.042609,46.6
5,1778096672.2822323,1,29541,-0.1027,0.200549,0.042906,45.6
5,1778096672.4137166,1,29672,-0.105438,0.20648,0.043144,45.6
5,1778096672.5049458,1,29762,-0.107291,0.210455,0.043384,45.6
5,1778096672.597897,1,29852,-0.10913,0.214457,0.043716,45.6
5,1778096672.6840224,1,29943,-0.111009,0.21848,0.044188,45.6
5,1778096672.7831876,1,30041,-0.11322,0.222943,0.044395,46.6
5,1778096672.8826892,1,30141,-0.115373,0.227448,0.044593,45.6
5,1778096672.9822826,1,30241,-0.117468,0.232007,0.044828,46.6
5,1778096673.0847898,1,30341,-0.119738,0.236505,0.044972,45.6
5,1778096673.1907804,1,30441,-0.121978,0.241047,0.045306,46.6
5,1778096673.319874,1,30573,-0.1245,0.246887,0.045884,45.6
5,1778096673.403653,1,30663,-0.12654,0.251297,0.046444,46.6
5,1778096673.4950058,1,30753,-0.128511,0.255217,0.046776,45.6
5,1778096673.5876846,1,30843,-0.130579,0.259671,0.047347,46.6
5,1778096673.682635,1,30941,-0.132455,0.264224,0.047737,46.6
5,1778096673.782465,1,31041,-0.134621,0.268981,0.048249,45.6
5,1778096673.8822765,1,31141,-0.13701,0.273958,0.048609,46.6
5,1778096673.9843056,1,31241,-0.139127,0.278823,0.049041,45.6
5,1778096674.083503,1,31341,-0.141345,0.283716,0.049499,46.6
5,1778096674.2140338,1,31441,-0.143666,0.288592,0.049734,45.6
5,1778096674.30671,1,31563,-0.146409,0.294783,0.050196,45.6
5,1778096674.3940675,1,31653,-0.148449,0.299248,0.050629,45.6
5,1778096674.4840271,1,31743,-0.15041,0.303461,0.050943,45.6
5,1778096674.5821388,1,31841,-0.152672,0.308479,0.051327,45.6
5,1778096674.682266,1,31941,-0.154975,0.313525,0.051704,45.6
5,1778096674.782197,1,32041,-0.157356,0.318573,0.052069,45.6
5,1778096674.883309,1,32141,-0.159721,0.323678,0.052515,45.6
5,1778096674.9826498,1,32241,-0.16208,0.328826,0.052855,45.6
5,1778096675.117652,1,32341,-0.16431,0.333737,0.053187,46.6
5,1778096675.2096462,1,32464,-0.167187,0.340243,0.053589,45.6
5,1778096675.2978377,1,32554,-0.169447,0.345196,0.053779,45.6
5,1778096675.3887405,1,32644,-0.171622,0.349921,0.054138,45.6
5,1778096675.4822023,1,32741,-0.173775,0.35469,0.054667,45.6
5,1778096675.5824246,1,32841,-0.176299,0.36027,0.054924,45.6
5,1778096675.687176,1,32941,-0.17874,0.365571,0.055107,45.6
5,1778096675.782125,1,33041,-0.181164,0.370906,0.055388,45.6
5,1778096675.8847818,1,33141,-0.183619,0.376238,0.055507,45.6
5,1778096675.9835105,1,33241,-0.186037,0.381634,0.055872,45.6
5,1778096676.1049356,1,33364,-0.189096,0.388391,0.056145,45.6
5,1778096676.195707,1,33454,-0.19129,0.393254,0.056403,45.6
5,1778096676.2901027,1,33544,-0.193407,0.398178,0.05663,45.6
5,1778096676.3826993,1,33641,-0.195718,0.403352,0.056954,45.6
5,1778096676.4822538,1,33741,-0.198228,0.408803,0.057205,45.6
5,1778096676.5847697,1,33841,-0.200686,0.414301,0.057467,45.6
5,1778096676.6871526,1,33941,-0.203185,0.419813,0.057839,45.6
5,1778096676.7836373,1,34041,-0.205745,0.42529,0.058241,45.6
5,1778096676.88232,1,34141,-0.208245,0.430849,0.058626,45.6
5,1778096677.0148942,1,34265,-0.21146,0.437796,0.059061,45.6
5,1778096677.095976,1,34355,-0.213849,0.442788,0.059605,45.6
5,1778096677.1855733,1,34445,-0.216202,0.447843,0.060063,45.6
5,1778096677.282165,1,34541,-0.21872,0.453214,0.060317,45.6
5,1778096677.3838007,1,34641,-0.221456,0.458844,0.060919,45.6
5,1778096677.482232,1,34741,-0.224246,0.464527,0.061471,45.6
5,1778096677.584605,1,34841,-0.226918,0.470298,0.06164,45.6
5,1778096677.6825874,1,34941,-0.229637,0.476065,0.061837,45.6
5,1778096677.7903843,1,35041,-0.232378,0.481849,0.062137,45.6
5,1778096677.9054275,1,35165,-0.235741,0.489158,0.062545,45.6
5,1778096677.9980066,1,35255,-0.238267,0.494382,0.062997,45.6
5,1778096678.0858567,1,35345,-0.240783,0.499643,0.063374,45.6
5,1778096678.1824217,1,35441,-0.243253,0.504954,0.063883,45.6
5,1778096678.2847364,1,35541,-0.246185,0.511165,0.064105,45.6
5,1778096678.3937552,1,35641,-0.249047,0.51706,0.064694,45.6
5,1778096678.4827232,1,35741,-0.251703,0.522736,0.065195,45.6
5,1778096678.5848382,1,35841,-0.254619,0.529076,0.065474,45.6
5,1778096678.6858585,1,35941,-0.257468,0.53513,0.065764,45.6
5,1778096678.8107488,1,36066,-0.261051,0.542798,0.066174,45.6
5,1778096678.8989737,1,36156,-0.263592,0.548381,0.066689,45.6
5,1778096678.994095,1,36246,-0.266224,0.553978,0.067339,45.6
5,1778096679.087739,1,36341,-0.269022,0.559913,0.067936,45.6
5,1778096679.183074,1,36441,-0.271969,0.566197,0.06839,45.6
5,1778096679.2847571,1,36541,-0.274927,0.57252,0.068656,45.6
5,1778096679.383017,1,36641,-0.277927,0.578864,0.069104,45.6
5,1778096679.48202,1,36741,-0.280957,0.585211,0.069331,45.6
5,1778096679.5820417,1,36841,-0.284118,0.591496,0.069537,45.6
5,1778096679.7138546,1,36965,-0.288088,0.599379,0.070216,45.6
5,1778096679.7987618,1,37056,-0.290632,0.604871,0.070787,45.6
5,1778096679.8871126,1,37146,-0.293339,0.610735,0.071188,45.6
5,1778096679.982849,1,37241,-0.296464,0.616862,0.071631,45.6
5,1778096680.084444,1,37341,-0.300016,0.623602,0.07219,45.6
5,1778096680.1819174,1,37441,-0.303189,0.630189,0.072505,45.6
5,1778096680.2896085,1,37541,-0.306355,0.636828,0.072914,45.6
5,1778096680.3845882,1,37641,-0.309719,0.643435,0.073591,45.6
5,1778096680.4874518,1,37741,-0.313038,0.650153,0.074059,45.6
5,1778096680.6069784,1,37866,-0.316994,0.658723,0.074397,45.6
5,1778096680.708752,1,37957,-0.319931,0.664901,0.074856,45.6
5,1778096680.7878697,1,38047,-0.322997,0.671076,0.075476,45.6
5,1778096680.882113,1,38141,-0.326233,0.677637,0.076049,45.6
5,1778096680.9820514,1,38241,-0.329513,0.684675,0.076587,45.6
5,1778096681.0924122,1,38341,-0.332918,0.691731,0.077121,45.6
5,1778096681.187121,1,38441,-0.336186,0.69846,0.077725,45.6
5,1778096681.2819922,1,38541,-0.339685,0.70598,0.07822,45.6
5,1778096681.3863547,1,38641,-0.342897,0.712802,0.078625,45.6
5,1778096681.5088341,1,38767,-0.347421,0.722127,0.079202,44.6
5,1778096681.5978208,1,38857,-0.350525,0.728632,0.079548,45.6
5,1778096681.6881552,1,38947,-0.353636,0.735152,0.079803,45.6
5,1778096681.7839963,1,39041,-0.356983,0.742005,0.080023,45.6
5,1778096681.891936,1,39141,-0.360474,0.749266,0.080353,45.6
5,1778096681.9824028,1,39241,-0.363912,0.756572,0.080648,45.6
5,1778096682.081865,1,39341,-0.367433,0.763864,0.080808,45.6
5,1778096682.1828732,1,39441,-0.370925,0.771199,0.081022,45.6
5,1778096682.28636,1,39541,-0.374399,0.778591,0.081423,45.6
5,1778096682.4102705,1,39667,-0.378837,0.787904,0.082334,45.6
5,1778096682.4988544,1,39757,-0.381914,0.794266,0.083073,45.6
5,1778096682.597214,1,39848,-0.385329,0.801469,0.083618,45.6
5,1778096682.681925,1,39941,-0.388559,0.808314,0.084066,45.6
5,1778096682.7851272,1,40041,-0.392434,0.816314,0.084261,45.6
5,1778096682.8827474,1,40141,-0.395945,0.823576,0.084679,45.6
5,1778096682.9847097,1,40241,-0.399838,0.831665,0.084909,45.6
5,1778096683.0819664,1,40341,-0.403595,0.839408,0.085339,45.6
5,1778096683.1832502,1,40441,-0.407399,0.847195,0.085826,45.6
5,1778096683.3098526,1,40568,-0.412167,0.85703,0.086104,45.6
5,1778096683.4011517,1,40659,-0.415873,0.864481,0.08633,45.6
5,1778096683.4906793,1,40748,-0.41919,0.871186,0.086677,45.6
5,1778096683.5857458,1,40841,-0.422827,0.878756,0.087082,45.6
5,1778096683.6819384,1,40941,-0.426765,0.886742,0.087657,45.6
5,1778096683.7826247,1,41041,-0.430758,0.894763,0.087994,45.6
5,1778096683.88342,1,41141,-0.434646,0.902858,0.088359,45.6
5,1778096683.9820023,1,41241,-0.438548,0.910977,0.088551,45.6
5,1778096684.0838525,1,41341,-0.442464,0.919091,0.088848,45.6
5,1778096684.2153862,1,41468,-0.447371,0.929299,0.089186,45.6
5,1778096684.3011577,1,41558,-0.451085,0.937111,0.089964,45.6
5,1778096684.3896809,1,41648,-0.454272,0.943744,0.09064,45.6
5,1778096684.4829879,1,41741,-0.458333,0.952114,0.091341,45.6
5,1778096684.5846057,1,41841,-0.462386,0.960584,0.091783,45.6
5,1778096684.6828513,1,41941,-0.466492,0.969092,0.09214,45.6
5,1778096684.7825685,1,42041,-0.47074,0.977607,0.092561,45.6
5,1778096684.8838487,1,42141,-0.475075,0.986153,0.092916,45.6
5,1778096684.9828913,1,42241,-0.479374,0.9948,0.093086,45.6
5,1778096685.1121058,1,42369,-0.484758,1.006272,0.093278,45.6
5,1778096685.1998065,1,42459,-0.4885,1.01426,0.09362,45.6
5,1778096685.2899184,1,42550,-0.492343,1.022229,0.093837,45.6
5,1778096685.3830886,1,42641,-0.496246,1.030179,0.094238,45.6
5,1778096685.4820323,1,42741,-0.50048,1.039106,0.094574,45.6
5,1778096685.58373,1,42841,-0.50473,1.048077,0.094806,45.6
5,1778096685.682961,1,42941,-0.509126,1.057017,0.095244,45.6
5,1778096685.7821295,1,43041,-0.513452,1.066078,0.09573,45.6
5,1778096685.8847618,1,43141,-0.517556,1.074773,0.096091,45.6
5,1778096686.0118563,1,43270,-0.523595,1.087088,0.096672,45.6
5,1778096686.099389,1,43359,-0.527627,1.095384,0.09704,45.6
5,1778096686.1896133,1,43449,-0.531657,1.103757,0.097342,45.6
5,1778096686.285128,1,43541,-0.535764,1.112135,0.09768,45.6
5,1778096686.3924181,1,43641,-0.540325,1.121508,0.097995,45.6
5,1778096686.4822645,1,43741,-0.54477,1.131022,0.098343,45.6
5,1778096686.5834787,1,43841,-0.549308,1.140582,0.098492,45.6
5,1778096686.6828034,1,43941,-0.554217,1.149988,0.098789,45.6
5,1778096686.7820523,1,44041,-0.55912,1.159451,0.09904,45.6
5,1778096686.9097164,1,44169,-0.564888,1.171537,0.099278,45.6
5,1778096687.0000792,1,44259,-0.569448,1.18067,0.09972,45.6
5,1778096687.092453,1,44350,-0.57366,1.188833,0.100138,45.6
5,1778096687.1841145,1,44441,-0.578291,1.198032,0.100515,45.6
5,1778096687.2851355,1,44541,-0.58317,1.207765,0.100929,45.6
5,1778096687.3837292,1,44641,-0.587882,1.217021,0.101353,45.6
5,1778096687.4859996,1,44741,-0.593137,1.227296,0.10158,45.6
5,1778096687.583526,1,44841,-0.597901,1.236642,0.101992,45.6
5,1778096687.6831708,1,44941,-0.60294,1.246523,0.10228,45.6
5,1778096687.8111143,1,45071,-0.609772,1.259944,0.102418,45.6
5,1778096687.9003844,1,45160,-0.614408,1.268898,0.102884,45.6
5,1778096687.9951582,1,45250,-0.619035,1.277936,0.103264,45.6
5,1778096688.0835996,1,45341,-0.623683,1.287013,0.103618,45.6
5,1778096688.1819692,1,45441,-0.628881,1.297139,0.103924,45.6
5,1778096688.2855098,1,45541,-0.634102,1.307311,0.10446,45.6
5,1778096688.38263,1,45641,-0.639322,1.317605,0.105063,45.6
5,1778096688.483822,1,45741,-0.644546,1.32802,0.105591,45.6
5,1778096688.5824676,1,45841,-0.649862,1.338512,0.10615,45.6
5,1778096688.7138083,1,45970,-0.657011,1.352172,0.10674,45.6
5,1778096688.80189,1,46060,-0.661986,1.36166,0.10724,44.6
5,1778096688.8908179,1,46150,-0.666693,1.370709,0.10788,45.6
5,1778096688.9862986,1,46241,-0.672052,1.380879,0.108428,45.6
5,1778096689.0918412,1,46341,-0.677361,1.391148,0.108909,45.6
5,1778096689.183942,1,46441,-0.683173,1.402601,0.109123,45.6
5,1778096689.2846363,1,46541,-0.688837,1.413517,0.109289,45.6
5,1778096689.390334,1,46641,-0.694502,1.42451,0.109567,45.6
5,1778096689.481811,1,46741,-0.700186,1.435572,0.109836,45.6
5,1778096689.611771,1,46871,-0.7076,1.45003,0.110064,45.6
5,1778096689.7027364,1,46962,-0.712763,1.460057,0.110351,45.6
5,1778096689.8011541,1,47051,-0.717926,1.47013,0.110777,45.6
5,1778096689.881839,1,47141,-0.72316,1.480215,0.111355,45.6
5,1778096689.9868562,1,47241,-0.729002,1.491522,0.111891,45.6
5,1778096690.083172,1,47341,-0.734806,1.502918,0.112133,45.6
5,1778096690.1859996,1,47441,-0.740662,1.514328,0.112488,45.6
5,1778096690.2900403,1,47541,-0.746313,1.52518,0.112891,44.6
5,1778096690.3824027,1,47641,-0.752362,1.53663,0.113155,45.6
5,1778096690.5116513,1,47771,-0.76042,1.55221,0.11343,44.6
5,1778096690.603915,1,47861,-0.76569,1.562737,0.11378,45.6
5,1778096690.6917877,1,47951,-0.770966,1.573313,0.114097,44.6
5,1778096690.7853618,1,48041,-0.776252,1.583934,0.114357,45.6
5,1778096690.8972344,1,48141,-0.782339,1.595697,0.114746,45.6
5,1778096690.9819436,1,48241,-0.788446,1.607519,0.115229,45.6
5,1778096691.0840015,1,48341,-0.794351,1.61954,0.115418,45.6
5,1778096691.1869378,1,48441,-0.800373,1.631534,0.115896,45.6
5,1778096691.2903702,1,48541,-0.806584,1.643522,0.116746,45.6
5,1778096691.4151034,1,48672,-0.814547,1.659342,0.117271,45.6
5,1778096691.503808,1,48762,-0.819728,1.66976,0.117719,45.6
5,1778096691.5942874,1,48853,-0.825372,1.680783,0.11813,45.6
5,1778096691.6826985,1,48942,-0.831376,1.692457,0.118737,45.6
5,1778096691.7828767,1,49041,-0.837288,1.704255,0.119251,45.6
5,1778096691.8820946,1,49141,-0.843607,1.716701,0.119745,45.6
5,1778096691.9855952,1,49241,-0.850492,1.729738,0.120075,45.6
5,1778096692.0822415,1,49341,-0.856516,1.741728,0.120484,45.6
5,1778096692.1817288,1,49441,-0.863157,1.755075,0.120771,45.6
5,1778096692.312652,1,49572,-0.871817,1.771479,0.120922,45.6
5,1778096692.4065197,1,49662,-0.877766,1.782917,0.121122,45.6
5,1778096692.4963331,1,49753,-0.883529,1.794503,0.121539,45.6
5,1778096692.5826957,1,49843,-0.889308,1.806117,0.121974,45.6
5,1778096692.6828763,1,49941,-0.895935,1.818991,0.122322,45.6
5,1778096692.7815032,1,50041,-0.902657,1.831862,0.122747,45.6
5,1778096692.882191,1,50141,-0.909235,1.844896,0.123118,45.6
5,1778096692.981979,1,50241,-0.915909,1.857964,0.123597,45.6
5,1778096693.082386,1,50341,-0.922741,1.871021,0.124057,45.6
5,1778096693.2156694,1,50472,-0.931573,1.888088,0.124636,45.6
5,1778096693.3038042,1,50563,-0.937601,1.899989,0.124952,45.6
5,1778096693.3938534,1,50653,-0.943391,1.911217,0.125228,45.6
5,1778096693.483404,1,50743,-0.949603,1.923111,0.125692,45.6
5,1778096693.585422,1,50841,-0.956479,1.936418,0.126174,45.6
5,1778096693.6976573,1,50941,-0.963627,1.9505,0.126556,45.6
5,1778096693.783682,1,51041,-0.970554,1.963922,0.127132,45.6
5,1778096693.8821511,1,51141,-0.977568,1.977384,0.127312,45.6
5,1778096693.9826627,1,51241,-0.984473,1.990979,0.12763,45.6
5,1778096694.1144965,1,51341,-0.991085,2.003942,0.127863,44.6
5,1778096694.203602,1,51463,-1.000266,2.021662,0.12805,45.6
5,1778096694.2972088,1,51553,-1.006599,2.034028,0.128251,45.6
5,1778096694.3838735,1,51644,-1.012941,2.046429,0.128452,45.6
5,1778096694.4850383,1,51741,-1.019773,2.059506,0.128734,45.6
5,1778096694.588019,1,51841,-1.027007,2.073286,0.12894,45.6
5,1778096694.6820228,1,51941,-1.034077,2.087177,0.129101,45.6
5,1778096694.7824275,1,52041,-1.040728,2.100418,0.129433,45.6
5,1778096694.8848486,1,52141,-1.048365,2.114946,0.129649,45.6
5,1778096695.018405,1,52241,-1.05522,2.128164,0.129919,45.6
5,1778096695.106602,1,52365,-1.064419,2.146468,0.130241,45.6
5,1778096695.1954448,1,52454,-1.070928,2.159127,0.130556,45.6
5,1778096695.2840734,1,52544,-1.077507,2.171794,0.130863,45.6
5,1778096695.3827746,1,52641,-1.084411,2.185246,0.131102,45.6
5,1778096695.4834774,1,52741,-1.091646,2.199461,0.131279,45.6
5,1778096695.5829895,1,52841,-1.098941,2.213692,0.131461,45.6
5,1778096695.6860762,1,52941,-1.106196,2.227986,0.131666,45.6
5,1778096695.792786,1,53041,-1.113485,2.24231,0.131782,45.6
5,1778096695.8822987,1,53141,-1.1208,2.256639,0.132026,45.6
5,1778096696.0047808,1,53265,-1.129844,2.274691,0.132235,45.6
5,1778096696.0955093,1,53354,-1.136477,2.287637,0.132523,45.6
5,1778096696.1842368,1,53444,-1.143167,2.30059,0.13279,45.6
5,1778096696.2826817,1,53541,-1.149824,2.313634,0.13298,45.6
5,1778096696.384518,1,53641,-1.157571,2.328924,0.133126,45.6
5,1778096696.4816425,1,53741,-1.164669,2.342732,0.133396,45.6
5,1778096696.5819142,1,53841,-1.172547,2.358026,0.133598,45.6
5,1778096696.682782,1,53941,-1.179987,2.372694,0.133934,45.6
5,1778096696.7818043,1,54041,-1.187542,2.387384,0.134114,45.6
5,1778096696.9059794,1,54165,-1.197098,2.405791,0.13424,45.6
5,1778096696.9973552,1,54255,-1.203951,2.41911,0.134462,45.6
5,1778096697.0914998,1,54345,-1.210788,2.432488,0.134763,45.6
5,1778096697.1819193,1,54441,-1.218055,2.446637,0.135075,45.6
5,1778096697.282925,1,54541,-1.225739,2.461582,0.135345,45.6
5,1778096697.383037,1,54641,-1.233405,2.476584,0.135515,45.6
5,1778096697.4829984,1,54741,-1.24106,2.491624,0.13588,45.6
5,1778096697.5865679,1,54841,-1.248792,2.506684,0.13611,45.6
5,1778096697.6857107,1,54941,-1.256559,2.521788,0.136335,45.6
5,1778096697.8059118,1,55065,-1.266208,2.540792,0.136555,45.6
5,1778096697.895644,1,55155,-1.27281,2.55374,0.136908,45.6
5,1778096697.9879284,1,55245,-1.280199,2.568277,0.137162,45.6
5,1778096698.0814762,1,55341,-1.287643,2.582852,0.137506,45.6
5,1778096698.1840646,1,55441,-1.29546,2.598269,0.137866,45.6
5,1778096698.2816942,1,55541,-1.303335,2.613714,0.13817,45.6
5,1778096698.3816926,1,55641,-1.31126,2.629189,0.138268,45.6
5,1778096698.4836452,1,55741,-1.319109,2.644779,0.138466,45.6
5,1778096698.5838237,1,55841,-1.326988,2.660397,0.138672,45.6
5,1778096698.7098322,1,55966,-1.337012,2.679886,0.138951,45.6
5,1778096698.7959654,1,56056,-1.34421,2.69398,0.139247,45.6
5,1778096698.8882306,1,56146,-1.351374,2.708121,0.139531,44.6
5,1778096698.987294,1,56241,-1.359041,2.723027,0.139836,45.6
5,1778096699.0818315,1,56341,-1.367166,2.73876,0.140073,45.6
5,1778096699.1816869,1,56441,-1.375281,2.754578,0.140287,45.6
5,1778096699.2870572,1,56541,-1.383,2.76965,0.140554,45.6
5,1778096699.388063,1,56641,-1.391613,2.786322,0.140787,45.6
5,1778096699.4824443,1,56741,-1.399476,2.801399,0.141148,45.6
5,1778096699.6059902,1,56866,-1.410205,2.822098,0.141366,45.6
5,1778096699.696056,1,56956,-1.417638,2.836481,0.141579,45.6
5,1778096699.7895522,1,57047,-1.425174,2.850846,0.141886,44.6
5,1778096699.8825314,1,57141,-1.433114,2.866074,0.142016,45.6
5,1778096699.9824004,1,57241,-1.441463,2.882173,0.142193,45.6
5,1778096700.0818431,1,57341,-1.449816,2.898336,0.14236,45.6
5,1778096700.183036,1,57441,-1.458222,2.914505,0.142386,45.6
5,1778096700.281528,1,57541,-1.466774,2.930665,0.142495,45.6
5,1778096700.382894,1,57641,-1.475252,2.94691,0.142625,45.6
5,1778096700.507001,1,57766,-1.485894,2.96727,0.142875,45.6
5,1778096700.6039724,1,57856,-1.493195,2.981109,0.143131,45.6
5,1778096700.6864054,1,57946,-1.501338,2.996633,0.143345,45.6
5,1778096700.7817166,1,58041,-1.509488,3.012194,0.143549,44.6
5,1778096700.884964,1,58141,-1.518165,3.028553,0.143769,45.6
5,1778096700.9814942,1,58241,-1.526407,3.044142,0.144091,45.6
5,1778096701.0815814,1,58341,-1.53546,3.061451,0.144291,45.6
5,1778096701.1813657,1,58441,-1.54371,3.077116,0.144548,45.6
5,1778096701.281514,1,58541,-1.552481,3.093603,0.14476,45.6
5,1778096701.4093406,1,58667,-1.5638,3.115172,0.145016,45.6
5,1778096701.5015707,1,58757,-1.571794,3.130058,0.145256,45.6
5,1778096701.589279,1,58847,-1.579729,3.14502,0.145457,45.6
5,1778096701.683782,1,58941,-1.588072,3.160903,0.145722,45.6
5,1778096701.7854366,1,59041,-1.597015,3.177558,0.145922,45.6
5,1778096701.8859613,1,59141,-1.606033,3.194243,0.146079,45.6
5,1778096701.9867513,1,59241,-1.614962,3.211051,0.146445,44.6
5,1778096702.0816627,1,59341,-1.62394,3.227871,0.14674,45.6
5,1778096702.1820574,1,59441,-1.633009,3.24467,0.1472,45.6
5,1778096702.3083446,1,59568,-1.643816,3.264972,0.147513,45.6
5,1778096702.4048789,1,59657,-1.651972,3.280195,0.147846,45.6
5,1778096702.488531,1,59747,-1.660567,3.296329,0.148248,45.6
5,1778096702.581406,1,59841,-1.669234,3.312479,0.148783,45.6
5,1778096702.6816766,1,59941,-1.677792,3.328753,0.14913,45.6
5,1778096702.7831068,1,60041,-1.686861,3.345896,0.1495,45.6
5,1778096702.881387,1,60141,-1.69653,3.36391,0.149755,45.6
5,1778096702.9889445,1,60241,-1.70569,3.381195,0.149994,45.6
5,1778096703.0813975,1,60341,-1.714949,3.398471,0.150454,45.6
5,1778096703.208511,1,60468,-1.726623,3.420171,0.150791,45.6
5,1778096703.3018298,1,60558,-1.735042,3.43584,0.151093,45.6
5,1778096703.387966,1,60648,-1.743452,3.451546,0.151417,45.6
5,1778096703.4814675,1,60741,-1.752361,3.468158,0.151749,45.6
5,1778096703.5817764,1,60841,-1.761826,3.485674,0.152071,45.6
5,1778096703.6816545,1,60941,-1.77125,3.503264,0.152362,45.6
5,1778096703.7819772,1,61041,-1.780812,3.520869,0.152738,45.6
5,1778096703.8816664,1,61141,-1.789931,3.537657,0.153106,45.6
5,1778096703.9826996,1,61241,-1.799493,3.555337,0.153403,45.6
5,1778096704.1110487,1,61368,-1.811949,3.578421,0.153903,45.6
5,1778096704.2058275,1,61459,-1.821143,3.595285,0.15421,45.6
5,1778096704.288318,1,61548,-1.829325,3.610429,0.154553,45.6
5,1778096704.3854694,1,61641,-1.838429,3.627463,0.154909,45.6
5,1778096704.4828672,1,61741,-1.848186,3.645363,0.155278,45.6
5,1778096704.5813982,1,61841,-1.857834,3.663403,0.155583,45.6
5,1778096704.6813793,1,61941,-1.867474,3.681526,0.1559,45.6
5,1778096704.7826922,1,62041,-1.877262,3.699625,0.156247,45.6
5,1778096704.8819923,1,62141,-1.887043,3.717782,0.156526,45.6
5,1778096705.0084639,1,62269,-1.899685,3.741491,0.156866,45.6
5,1778096705.105878,1,62359,-1.908504,3.757874,0.157311,45.6
5,1778096705.1907985,1,62449,-1.917315,3.77433,0.157851,45.6
5,1778096705.281452,1,62541,-1.925975,3.79094,0.158249,45.6
5,1778096705.3857327,1,62641,-1.935235,3.808444,0.158692,45.6
5,1778096705.487601,1,62741,-1.945169,3.826806,0.159125,45.6
5,1778096705.5817358,1,62841,-1.955606,3.846154,0.159382,45.6
5,1778096705.6848016,1,62941,-1.964956,3.863739,0.159664,45.6
5,1778096705.7855356,1,63041,-1.975344,3.883201,0.159895,45.6
5,1778096705.9098713,1,63170,-1.988321,3.90729,0.160209,45.6
5,1778096706.0044026,1,63259,-1.997216,3.924055,0.16069,45.6
5,1778096706.0910618,1,63351,-2.006018,3.940919,0.161174,45.6
5,1778096706.1815057,1,63441,-2.015014,3.957725,0.161484,45.6
5,1778096706.2837834,1,63541,-2.02506,3.976376,0.161804,44.6
5,1778096706.3845406,1,63641,-2.034878,3.995201,0.162228,45.6
5,1778096706.4823499,1,63741,-2.044777,4.014061,0.162934,45.6
5,1778096706.581762,1,63841,-2.054881,4.032893,0.163472,45.6
5,1778096706.68625,1,63941,-2.064943,4.051816,0.164204,45.6
5,1778096706.808963,1,64069,-2.077885,4.076607,0.164899,45.6
5,1778096706.8999205,1,64159,-2.086498,4.092779,0.16542,45.6
5,1778096706.989849,1,64249,-2.095704,4.109917,0.166058,45.6
5,1778096707.0824847,1,64341,-2.105328,4.12816,0.166679,45.6
5,1778096707.1857276,1,64441,-2.114954,4.146517,0.167178,45.6
5,1778096707.2877448,1,64541,-2.125636,4.166823,0.167581,44.6
5,1778096707.381334,1,64641,-2.135854,4.186202,0.16798,45.6
5,1778096707.4822605,1,64741,-2.146027,4.205686,0.168162,45.6
5,1778096707.5816662,1,64841,-2.156176,4.225201,0.168352,45.6
5,1778096707.7170124,1,64970,-2.169463,4.25059,0.168635,44.6
5,1778096707.8008096,1,65060,-2.178639,4.268229,0.16884,45.6
5,1778096707.8904707,1,65150,-2.187808,4.285909,0.169151,45.6
5,1778096707.9819396,1,65241,-2.197011,4.303599,0.169548,45.6
5,1778096708.0819468,1,65341,-2.207239,4.323318,0.169889,45.6
5,1778096708.1829238,1,65441,-2.21747,4.343092,0.170117,45.6
5,1778096708.2812736,1,65541,-2.227768,4.362918,0.170503,45.6
5,1778096708.3819814,1,65641,-2.237577,4.38181,0.170807,45.6
5,1778096708.48137,1,65741,-2.248399,4.402771,0.171018,45.6
5,1778096708.6127453,1,65871,-2.2619,4.42875,0.171432,45.6
5,1778096708.7039294,1,65960,-2.271272,4.446782,0.171842,45.6
5,1778096708.7911825,1,66050,-2.280627,4.464884,0.172159,45.6
5,1778096708.8865964,1,66141,-2.290023,4.483016,0.172409,45.6
5,1778096708.9813406,1,66241,-2.300489,4.503209,0.172706,45.6
5,1778096709.0818396,1,66341,-2.310934,4.523483,0.172863,45.6
5,1778096709.1827848,1,66441,-2.321413,4.543791,0.173069,45.6
5,1778096709.2816355,1,66541,-2.331946,4.564128,0.173221,45.6
5,1778096709.381843,1,66641,-2.342473,4.584516,0.173426,45.6
5,1778096709.512841,1,66771,-2.356218,4.611078,0.17356,45.6
5,1778096709.6007257,1,66861,-2.365227,4.62847,0.173957,45.6
5,1778096709.6911259,1,66951,-2.375309,4.647969,0.174301,45.6
5,1778096709.782287,1,67041,-2.384894,4.666484,0.174597,45.6
5,1778096709.8824782,1,67141,-2.395064,4.68605,0.175054,45.6
5,1778096709.982633,1,67241,-2.406344,4.707739,0.175445,45.6
5,1778096710.082807,1,67341,-2.416572,4.727441,0.175782,45.6
5,1778096710.195087,1,67441,-2.427378,4.748232,0.176206,45.6
5,1778096710.2820337,1,67541,-2.438765,4.770113,0.176658,45.6
5,1778096710.411306,1,67671,-2.452906,4.797322,0.176867,44.6
5,1778096710.504847,1,67762,-2.462768,4.816185,0.177203,45.6
5,1778096710.5910938,1,67851,-2.472674,4.835081,0.177709,45.6
5,1778096710.6832726,1,67941,-2.482496,4.854081,0.177926,45.6
5,1778096710.7886727,1,68041,-2.493417,4.875232,0.178165,45.6
5,1778096710.881313,1,68141,-2.504529,4.89633,0.178624,45.6
5,1778096710.9837384,1,68241,-2.515678,4.9175,0.178855,45.6
5,1778096711.0838897,1,68341,-2.526762,4.93876,0.179103,45.6
5,1778096711.1815042,1,68441,-2.537894,4.960027,0.179348,45.6
5,1778096711.3158343,1,68571,-2.552389,4.987752,0.179479,45.6
5,1778096711.4019554,1,68662,-2.561862,5.005945,0.179892,45.6
5,1778096711.4913206,1,68752,-2.572549,5.026265,0.180288,45.6
5,1778096711.5819895,1,68842,-2.582125,5.044463,0.180673,45.6
5,1778096711.6818278,1,68941,-2.593372,5.065936,0.180868,45.6
5,1778096711.7815256,1,69041,-2.605194,5.08853,0.181249,45.6
5,1778096711.8813686,1,69141,-2.616455,5.110118,0.181526,45.6
5,1778096711.9827907,1,69241,-2.627778,5.131754,0.181574,45.6
5,1778096712.087988,1,69341,-2.639197,5.153363,0.181829,45.6
5,1778096712.2116919,1,69472,-2.654041,5.181523,0.182091,45.6
5,1778096712.305865,1,69562,-2.664278,5.201091,0.182293,45.6
5,1778096712.3933141,1,69653,-2.674524,5.220707,0.182588,45.6
5,1778096712.4837348,1,69742,-2.684778,5.24037,0.182922,45.6
5,1778096712.5830805,1,69841,-2.696185,5.262267,0.183104,45.6
5,1778096712.6836507,1,69941,-2.707634,5.284173,0.183347,45.6
5,1778096712.7838452,1,70041,-2.719134,5.306087,0.183632,45.6
5,1778096712.881604,1,70141,-2.730087,5.326939,0.183812,45.6
5,1778096712.9811132,1,70241,-2.742204,5.350006,0.18402,45.6
5,1778096713.1146486,1,70372,-2.757315,5.378554,0.184343,45.6
5,1778096713.202229,1,70462,-2.767761,5.398345,0.184577,45.6
5,1778096713.2958906,1,70552,-2.778163,5.418181,0.184753,45.6
5,1778096713.3826368,1,70643,-2.788587,5.438039,0.18518,45.6
5,1778096713.4810133,1,70741,-2.800231,5.460152,0.185436,45.6
5,1778096713.581558,1,70841,-2.811918,5.482305,0.185543,45.6
5,1778096713.687059,1,70941,-2.823648,5.504471,0.185768,44.6
5,1778096713.7809,1,71041,-2.835342,5.526729,0.185969,45.6
5,1778096713.881827,1,71141,-2.847086,5.549012,0.186153,45.6
5,1778096714.0125158,1,71241,-2.858301,5.570204,0.186442,44.6
5,1778096714.1026676,1,71363,-2.872402,5.597061,0.186842,45.6
5,1778096714.1937656,1,71453,-2.88361,5.618321,0.187149,45.6
5,1778096714.2878292,1,71544,-2.894876,5.639579,0.187427,45.6
5,1778096714.3810382,1,71641,-2.905518,5.659782,0.187932,45.6
5,1778096714.4818656,1,71741,-2.91792,5.683402,0.188116,45.6
5,1778096714.5857995,1,71841,-2.929159,5.704786,0.188392,45.6
5,1778096714.6810555,1,71941,-2.94167,5.728416,0.188885,45.6
5,1778096714.78282,1,72041,-2.953679,5.750954,0.189151,45.6
5,1778096714.9167368,1,72141,-2.965079,5.772406,0.189506,44.6
5,1778096715.0052814,1,72264,-2.980527,5.801919,0.189828,45.6
5,1778096715.0938065,1,72354,-2.991205,5.822422,0.190232,45.6
5,1778096715.185846,1,72443,-3.002036,5.842869,0.190404,45.6
5,1778096715.2898247,1,72541,-3.013569,5.864435,0.19072,45.6
5,1778096715.3842068,1,72641,-3.025532,5.887267,0.190987,45.6
5,1778096715.4810452,1,72741,-3.037566,5.910079,0.191253,45.6
5,1778096715.584775,1,72841,-3.049865,5.932746,0.191785,45.6
5,1778096715.681415,1,72941,-3.062071,5.955545,0.192284,45.6
5,1778096715.7880197,1,73041,-3.073371,5.97745,0.192605,45.6
5,1778096715.9035919,1,73164,-3.089092,6.007296,0.192966,45.6
5,1778096715.993303,1,73254,-3.100265,6.027803,0.193278,45.6
5,1778096716.0842056,1,73344,-3.111303,6.048479,0.193591,45.6
5,1778096716.188431,1,73441,-3.122814,6.070455,0.193984,45.6
5,1778096716.2827804,1,73541,-3.134545,6.092376,0.194463,45.6
5,1778096716.3837821,1,73641,-3.147057,6.115388,0.194649,45.6
5,1778096716.483723,1,73741,-3.159985,6.139747,0.194765,45.6
5,1778096716.580975,1,73841,-3.172251,6.163037,0.194991,45.6
5,1778096716.6826727,1,73941,-3.184708,6.186264,0.195201,45.6
5,1778096716.8071363,1,74065,-3.200307,6.215373,0.195341,45.6
5,1778096716.8942554,1,74155,-3.211459,6.236443,0.195735,45.6
5,1778096716.9847648,1,74245,-3.222715,6.257521,0.196059,45.6
5,1778096717.081467,1,74341,-3.234674,6.279781,0.196305,45.6
5,1778096717.1813302,1,74441,-3.247191,6.303326,0.196671,45.6
5,1778096717.2813146,1,74541,-3.259686,6.326943,0.196958,45.6
5,1778096717.3854275,1,74641,-3.272251,6.350576,0.197269,45.6
5,1778096717.4893875,1,74741,-3.284984,6.374159,0.197722,45.6
5,1778096717.5815196,1,74841,-3.297053,6.396654,0.198286,45.6
5,1778096717.704326,1,74965,-3.313528,6.427574,0.198573,45.6
5,1778096717.7949562,1,75055,-3.325063,6.448939,0.199048,45.6
5,1778096717.887944,1,75145,-3.3365,6.47045,0.199423,45.6
5,1778096717.9830217,1,75241,-3.348557,6.493241,0.199763,45.6
5,1778096718.0822625,1,75341,-3.361388,6.517221,0.199898,45.6
5,1778096718.181306,1,75441,-3.374322,6.541159,0.200123,45.6
5,1778096718.2816262,1,75541,-3.387263,6.565128,0.200244,45.6
5,1778096718.3821814,1,75641,-3.400145,6.589166,0.20039,45.6
5,1778096718.4820106,1,75741,-3.413054,6.613179,0.200559,45.6
5,1778096718.6048324,1,75865,-3.428555,6.642029,0.200901,45.6
5,1778096718.6955552,1,75956,-3.440244,6.663632,0.201135,45.6
5,1778096718.7848585,1,76046,-3.452574,6.686483,0.201647,45.6
5,1778096718.8822775,1,76141,-3.464846,6.709409,0.20225,45.6
5,1778096718.9828396,1,76241,-3.477714,6.733587,0.20281,45.6
5,1778096719.0849578,1,76341,-3.490086,6.75651,0.20332,45.6
5,1778096719.1827803,1,76441,-3.503748,6.781893,0.203745,45.6
5,1778096719.2818987,1,76541,-3.516037,6.804959,0.204132,45.6
5,1778096719.3817077,1,76641,-3.529083,6.829247,0.204582,45.6
5,1778096719.5050895,1,76766,-3.546123,6.860877,0.205145,45.6
5,1778096719.5966494,1,76856,-3.55794,6.882847,0.20568,45.6
5,1778096719.6857553,1,76946,-3.569905,6.904797,0.206278,45.6
5,1778096719.7845128,1,77041,-3.582573,6.928,0.206864,45.6
5,1778096719.8817084,1,77141,-3.595767,6.952588,0.207494,45.6
5,1778096719.9818249,1,77241,-3.609079,6.977129,0.207994,45.6
5,1778096720.084741,1,77341,-3.622469,7.001661,0.208405,45.6
5,1778096720.1816707,1,77441,-3.63581,7.026299,0.208887,45.6
5,1778096720.2806797,1,77541,-3.649213,7.050919,0.209169,45.6
5,1778096720.406793,1,77666,-3.665408,7.080384,0.209504,45.6
5,1778096720.4976013,1,77756,-3.677495,7.102521,0.209881,45.6
5,1778096720.586434,1,77847,-3.690207,7.125956,0.21014,45.6
5,1778096720.6854799,1,77941,-3.702992,7.149354,0.21041,44.6
5,1778096720.7829015,1,78041,-3.715852,7.172758,0.210869,45.6
5,1778096720.8808534,1,78141,-3.730047,7.198698,0.211134,45.6
5,1778096720.9858453,1,78241,-3.743627,7.223408,0.211336,45.6
5,1778096721.0807934,1,78341,-3.757275,7.248104,0.211561,45.6
5,1778096721.1813395,1,78441,-3.770879,7.272868,0.21182,45.6
5,1778096721.3130417,1,78567,-3.787966,7.30382,0.212485,45.6
5,1778096721.3995585,1,78657,-3.800371,7.326084,0.212897,46.6
5,1778096721.4863834,1,78747,-3.812742,7.34841,0.213263,45.6
5,1778096721.5811105,1,78841,-3.825806,7.372004,0.213525,45.6
5,1778096721.6816943,1,78941,-3.839602,7.39684,0.213954,45.6
5,1778096721.7819457,1,79041,-3.853467,7.421692,0.214317,45.6
5,1778096721.8807352,1,79141,-3.86731,7.446609,0.21449,45.6
5,1778096721.9866145,1,79241,-3.880472,7.470314,0.214724,45.6
5,1778096722.0808012,1,79341,-3.895092,7.49649,0.215056,45.6
5,1778096722.206363,1,79467,-3.912448,7.52775,0.215397,45.6
5,1778096722.2968912,1,79557,-3.924951,7.550258,0.215671,45.6
5,1778096722.3918486,1,79647,-3.937475,7.572783,0.21599,45.6
5,1778096722.4813185,1,79741,-3.950702,7.596588,0.216238,45.6
5,1778096722.585388,1,79841,-3.964664,7.621656,0.216446,45.6
5,1778096722.6848886,1,79941,-3.978665,7.646743,0.216818,45.6
5,1778096722.7809963,1,80041,-3.992666,7.67185,0.217,45.6
5,1778096722.8817768,1,80141,-4.006614,7.697026,0.217171,45.6
5,1778096722.9818757,1,80241,-4.020586,7.722228,0.217465,45.6
5,1778096723.107811,1,80368,-4.03737,7.752448,0.217799,44.6
5,1778096723.1993852,1,80458,-4.050655,7.776369,0.218151,45.6
5,1778096723.2872274,1,80548,-4.063264,7.799046,0.218595,45.6
5,1778096723.380796,1,80641,-4.076605,7.823017,0.219009,45.6
5,1778096723.481906,1,80741,-4.090611,7.848313,0.219369,45.6
5,1778096723.5887809,1,80841,-4.104688,7.873604,0.21971,45.6
5,1778096723.6807554,1,80941,-4.118854,7.898863,0.220133,45.6
5,1778096723.7880526,1,81041,-4.132168,7.922994,0.220342,45.6
5,1778096723.884919,1,81141,-4.146933,7.949645,0.220746,45.6
5,1778096724.0150616,1,81268,-4.164689,7.981311,0.220876,45.6
5,1778096724.1088166,1,81358,-4.177417,8.004194,0.221145,45.6
5,1778096724.1890297,1,81448,-4.190712,8.028493,0.221559,45.6
5,1778096724.2828972,1,81541,-4.203445,8.051449,0.221827,45.6
5,1778096724.3819296,1,81641,-4.217853,8.076828,0.222069,45.6
5,1778096724.4856431,1,81741,-4.232144,8.102391,0.222387,45.6
5,1778096724.589872,1,81841,-4.246386,8.128082,0.222785,45.6
5,1778096724.6943693,1,81941,-4.260723,8.153802,0.223239,45.6
5,1778096724.782299,1,82041,-4.275141,8.179535,0.223743,45.6
5,1778096724.912478,1,82168,-4.29381,8.213143,0.224164,45.6
5,1778096724.9992645,1,82259,-4.305865,8.235275,0.224649,45.6
5,1778096725.0895188,1,82349,-4.319548,8.259934,0.225015,45.6
5,1778096725.1807153,1,82441,-4.332015,8.281906,0.225454,45.6
5,1778096725.2818604,1,82541,-4.34651,8.307913,0.225854,45.6
5,1778096725.3820436,1,82641,-4.361483,8.335485,0.226068,45.6
5,1778096725.4828944,1,82741,-4.376022,8.36165,0.2263,45.6
5,1778096725.5840063,1,82841,-4.390786,8.387715,0.226557,45.6
5,1778096725.6811924,1,82941,-4.405338,8.414024,0.226752,45.6
5,1778096725.8088472,1,83069,-4.424144,8.448465,0.226977,45.6
5,1778096725.8984337,1,83159,-4.437415,8.472215,0.227438,45.6
5,1778096725.9903839,1,83249,-4.450786,8.495962,0.22773,45.6
5,1778096726.090799,1,83341,-4.464038,8.519849,0.228026,45.6
5,1778096726.1810145,1,83441,-4.478642,8.546493,0.228508,45.6
5,1778096726.2830482,1,83541,-4.493445,8.57303,0.228732,45.6
5,1778096726.3817654,1,83641,-4.508304,8.599555,0.229016,45.6
5,1778096726.4822671,1,83741,-4.522231,8.624921,0.229505,45.6
5,1778096726.5829186,1,83841,-4.537738,8.652915,0.229949,45.6
5,1778096726.7116616,1,83969,-4.557217,8.687497,0.230493,45.6
5,1778096726.798464,1,84059,-4.570551,8.711597,0.231088,45.6
5,1778096726.8893783,1,84150,-4.583915,8.735751,0.231566,45.6
5,1778096726.981948,1,84241,-4.597463,8.759863,0.231839,45.6
5,1778096727.0832462,1,84341,-4.612518,8.786709,0.23205,45.6
5,1778096727.1859694,1,84441,-4.6275,8.813669,0.232444,45.6
5,1778096727.2914016,1,84541,-4.642627,8.840611,0.232814,45.6
5,1778096727.3807526,1,84641,-4.657928,8.867501,0.233224,45.6
5,1778096727.4809053,1,84741,-4.673131,8.894513,0.233551,45.6
5,1778096727.6176343,1,84870,-4.692845,8.92977,0.233903,45.6
5,1778096727.6997967,1,84960,-4.705854,8.952761,0.2344,46.6
5,1778096727.7903192,1,85050,-4.720449,8.978456,0.234757,45.6
5,1778096727.8840034,1,85141,-4.734198,9.002913,0.235293,45.6
5,1778096727.9875772,1,85241,-4.748714,9.028753,0.235796,45.6
5,1778096728.0806947,1,85341,-4.764836,9.057302,0.236083,45.6
5,1778096728.1853068,1,85441,-4.779432,9.083185,0.236586,45.6
5,1778096728.2828746,1,85541,-4.795594,9.111818,0.237029,45.6
5,1778096728.3833132,1,85641,-4.811063,9.139156,0.237599,45.6
5,1778096728.515281,1,85770,-4.831206,9.174851,0.238026,45.6
5,1778096728.6094656,1,85861,-4.845172,9.199631,0.238479,45.6
5,1778096728.68958,1,85950,-4.859248,9.224421,0.238959,45.6
5,1778096728.7908044,1,86041,-4.873363,9.249285,0.239252,45.6
5,1778096728.8829463,1,86141,-4.889031,9.277029,0.239676,45.6
5,1778096728.9807498,1,86241,-4.90476,9.304802,0.239854,45.6
5,1778096729.081913,1,86341,-4.920575,9.332549,0.240279,45.6
5,1778096729.1857023,1,86441,-4.936336,9.360384,0.240551,45.6
5,1778096729.2860494,1,86541,-4.952122,9.388227,0.240938,45.6
5,1778096729.4102006,1,86671,-4.972017,9.423009,0.241326,45.6
5,1778096729.501506,1,86760,-4.986325,9.448103,0.241657,45.6
5,1778096729.590983,1,86851,-5.001424,9.47468,0.241958,45.6
5,1778096729.6824129,1,86941,-5.015014,9.498453,0.242355,45.6
5,1778096729.7846286,1,87041,-5.031881,9.527846,0.242687,45.6
5,1778096729.881674,1,87141,-5.047928,9.55594,0.243146,45.6
5,1778096729.9808757,1,87241,-5.064029,9.584071,0.24355,45.6
5,1778096730.08203,1,87341,-5.080215,9.612214,0.243869,45.6
5,1778096730.1807308,1,87441,-5.0964,9.640447,0.244265,45.6
5,1778096730.3137546,1,87571,-5.117526,9.67719,0.244584,45.6
5,1778096730.4045465,1,87661,-5.132214,9.702652,0.245071,45.6
5,1778096730.49232,1,87751,-5.146918,9.72817,0.245463,45.6
5,1778096730.5806456,1,87841,-5.161653,9.753742,0.24588,45.6
5,1778096730.682683,1,87941,-5.17808,9.782187,0.246358,45.6
5,1778096730.7831964,1,88041,-5.194546,9.810688,0.246866,45.6
5,1778096730.8807292,1,88141,-5.211017,9.839272,0.247142,45.6
5,1778096730.990177,1,88241,-5.227563,9.867868,0.247493,45.6
5,1778096731.0827348,1,88341,-5.244174,9.896494,0.248049,45.6
5,1778096731.2120214,1,88471,-5.265688,9.933834,0.2483,45.6
5,1778096731.3013427,1,88562,-5.280617,9.959659,0.248663,45.6
5,1778096731.3906999,1,88652,-5.295596,9.985481,0.248961,45.6
5,1778096731.4813302,1,88742,-5.310577,10.01136,0.249297,45.6
5,1778096731.5807323,1,88841,-5.327258,10.04014,0.249511,45.6
5,1778096731.6805966,1,88941,-5.343958,10.06894,0.249842,45.6
5,1778096731.7832484,1,89041,-5.36064,10.09781,0.250115,45.6
5,1778096731.8822913,1,89141,-5.377358,10.1267,0.25047,45.6
5,1778096731.9823322,1,89241,-5.394121,10.15563,0.250911,45.6
5,1778096732.1121843,1,89372,-5.415075,10.19187,0.251378,45.6
5,1778096732.2012439,1,89462,-5.430213,10.21801,0.251853,45.6
5,1778096732.2967372,1,89552,-5.446241,10.24565,0.252363,45.6
5,1778096732.3824599,1,89642,-5.461431,10.27192,0.252823,45.6
5,1778096732.4838538,1,89741,-5.477481,10.29972,0.253172,45.6
5,1778096732.583638,1,89841,-5.495294,10.33045,0.253429,45.6
5,1778096732.6806824,1,89941,-5.512299,10.35977,0.253951,45.6
5,1778096732.7815285,1,90041,-5.52933,10.3891,0.25431,46.6
5,1778096732.885321,1,90141,-5.545511,10.41709,0.254709,45.6
5,1778096733.013081,1,90273,-5.568663,10.45687,0.255149,45.6
5,1778096733.10174,1,90363,-5.584147,10.4834,0.255652,45.6
5,1778096733.1955745,1,90454,-5.600467,10.51152,0.255985,45.6
5,1778096733.28172,1,90543,-5.614995,10.53682,0.256384,45.6
5,1778096733.3806846,1,90641,-5.632194,10.5666,0.256868,45.6
5,1778096733.487144,1,90741,-5.649686,10.59627,0.257214,45.6
5,1778096733.5828116,1,90841,-5.667168,10.62602,0.257757,45.6
5,1778096733.68058,1,90941,-5.684695,10.65584,0.258379,45.6
5,1778096733.7819126,1,91041,-5.702284,10.68568,0.258823,45.6
5,1778096733.912031,1,91141,-5.718876,10.71418,0.259214,45.6
5,1778096734.0036132,1,91263,-5.739971,10.75014,0.259845,45.6
5,1778096734.0921004,1,91353,-5.755965,10.77708,0.26036,45.6
5,1778096734.1867423,1,91443,-5.771917,10.80408,0.260887,46.6
5,1778096734.2813506,1,91541,-5.790452,10.8357,0.26148,45.6
5,1778096734.3808925,1,91641,-5.8073,10.8643,0.262084,45.6
5,1778096734.4837008,1,91741,-5.825937,10.89598,0.262667,45.6
5,1778096734.5821607,1,91841,-5.843791,10.92616,0.263107,45.6
5,1778096734.680386,1,91941,-5.861814,10.95626,0.263609,45.6
5,1778096734.8145313,1,92041,-5.878839,10.98504,0.263963,45.6
5,1778096734.914271,1,92164,-5.902031,11.02457,0.26478,45.6
5,1778096734.9939187,1,92254,-5.918316,11.05182,0.265321,46.6
5,1778096735.0837443,1,92344,-5.934591,11.07912,0.265758,45.6
5,1778096735.1813834,1,92441,-5.951684,11.10804,0.266387,45.6
5,1778096735.2804446,1,92541,-5.969726,11.13855,0.267004,45.6
5,1778096735.382854,1,92641,-5.987929,11.16899,0.267324,46.6
5,1778096735.4819167,1,92741,-6.006093,11.19947,0.267766,45.6
5,1778096735.5804582,1,92841,-6.023273,11.2285,0.268341,45.6
5,1778096735.6829722,1,92941,-6.041464,11.25902,0.268859,45.6
5,1778096735.8056693,1,93064,-6.06515,11.29876,0.269778,45.6
5,1778096735.893852,1,93155,-6.08154,11.32635,0.270356,45.6
5,1778096735.9837632,1,93244,-6.098019,11.35392,0.270718,45.6
5,1778096736.0845716,1,93341,-6.115447,11.38302,0.27108,45.6
5,1778096736.1805277,1,93441,-6.133826,11.41367,0.271591,45.6
5,1778096736.284744,1,93541,-6.152189,11.44439,0.27193,45.6
5,1778096736.383993,1,93641,-6.170451,11.4752,0.27227,45.6
5,1778096736.4806204,1,93741,-6.188841,11.50595,0.272658,46.6
5,1778096736.5873723,1,93841,-6.207412,11.53662,0.273142,45.6
5,1778096736.7055476,1,93964,-6.229446,11.57371,0.273712,45.6
5,1778096736.7932594,1,94054,-6.245962,11.60157,0.274197,45.6
5,1778096736.883675,1,94145,-6.263587,11.63088,0.274601,45.6
5,1778096736.9812267,1,94241,-6.281247,11.66022,0.275102,45.6
5,1778096737.0858018,1,94341,-6.29882,11.68968,0.275555,45.6
5,1778096737.1809726,1,94441,-6.317387,11.72068,0.276051,45.6
5,1778096737.2827382,1,94541,-6.337012,11.75321,0.276319,45.6
5,1778096737.3826506,1,94641,-6.354762,11.78271,0.276818,45.6
5,1778096737.4892435,1,94741,-6.374343,11.81544,0.277223,45.6
5,1778096737.6056921,1,94866,-6.397818,11.85439,0.277804,45.6
5,1778096737.7048628,1,94955,-6.414643,11.88256,0.278801,46.6
5,1778096737.7968762,1,95045,-6.431445,11.91084,0.279895,46.6
5,1778096737.8818045,1,95141,-6.449494,11.94054,0.280937,46.6
5,1778096737.9873314,1,95241,-6.4686,11.97183,0.281384,46.6
5,1778096738.0816135,1,95341,-6.487401,12.00343,0.282106,46.6
5,1778096738.1862004,1,95441,-6.506175,12.03512,0.282607,45.6
5,1778096738.2816517,1,95541,-6.525221,12.06665,0.283177,46.6
5,1778096738.3817112,1,95641,-6.5443,12.09817,0.283697,45.6
5,1778096738.5041587,1,95765,-6.567069,12.13618,0.284325,46.6
5,1778096738.5963314,1,95855,-6.585213,12.16621,0.284698,46.6
5,1778096738.6856785,1,95945,-6.601417,12.19314,0.285294,45.6
5,1778096738.7870493,1,96041,-6.620399,12.22497,0.285994,46.6
5,1778096738.8829103,1,96141,-6.638557,12.25521,0.28673,45.6
5,1778096738.9872189,1,96241,-6.657772,12.28701,0.287317,45.6
5,1778096739.0910702,1,96341,-6.677918,12.32051,0.288019,45.6
5,1778096739.184767,1,96441,-6.697135,12.35249,0.288783,45.6
5,1778096739.285562,1,96541,-6.716438,12.38447,0.289411,45.6
5,1778096739.4113665,1,96666,-6.740558,12.42458,0.290061,45.6
5,1778096739.5120165,1,96757,-6.757947,12.45353,0.290848,45.6
5,1778096739.5849595,1,96846,-6.775379,12.48253,0.291582,46.6
5,1778096739.6826854,1,96941,-6.793783,12.51324,0.292242,46.6
5,1778096739.7853432,1,97041,-6.813221,12.54562,0.292713,46.6
5,1778096739.8813581,1,97141,-6.832769,12.57797,0.293302,46.6
5,1778096739.981087,1,97241,-6.852305,12.61038,0.29372,45.6
5,1778096740.0802362,1,97341,-6.87084,12.64124,0.294206,45.6
5,1778096740.180171,1,97441,-6.891366,12.67535,0.294498,46.6
5,1778096740.3047283,1,97566,-6.915805,12.71604,0.294933,45.6
5,1778096740.3969157,1,97656,-6.93343,12.74537,0.295439,46.6
5,1778096740.4853177,1,97746,-6.951106,12.77473,0.295912,46.6
5,1778096740.5859678,1,97841,-6.969828,12.80573,0.296238,45.6
5,1778096740.6802998,1,97941,-6.989585,12.83838,0.296729,45.6
5,1778096740.7802908,1,98041,-7.009299,12.87112,0.29699,45.6
5,1778096740.880719,1,98141,-7.029032,12.90389,0.297406,45.6
5,1778096740.9818227,1,98241,-7.048844,12.93663,0.297711,46.6
5,1778096741.0802913,1,98341,-7.068642,12.96946,0.298209,45.6
5,1778096741.2085462,1,98467,-7.092431,13.00891,0.298596,46.6
5,1778096741.2997355,1,98557,-7.111342,13.04002,0.299208,45.6
5,1778096741.3894668,1,98648,-7.129244,13.06956,0.299685,45.6
5,1778096741.5807323,1,98841,-7.166779,13.13215,0.301412,46.6
5,1778096741.6818473,1,98941,-7.18784,13.16656,0.301853,46.6
5,1778096741.7807589,1,99041,-7.206852,13.19775,0.302245,46.6
5,1778096741.8840346,1,99141,-7.226598,13.23075,0.30259,46.6
5,1778096741.9871588,1,99241,-7.247409,13.26531,0.303109,46.6
5,1778096742.1063797,1,99367,-7.2723,13.30632,0.303518,45.6
5,1778096742.1963496,1,99457,-7.290076,13.33593,0.303904,46.6
5,1778096742.290159,1,99547,-7.307906,13.36547,0.304281,46.6
5,1778096742.3808777,1,99641,-7.326784,13.39658,0.304577,46.6
5,1778096742.4810445,1,99741,-7.346541,13.42939,0.304824,45.6
5,1778096742.5840943,1,99841,-7.36626,13.46221,0.305118,46.6
5,1778096742.6834335,1,99941,-7.386008,13.49498,0.305383,45.6
5,1778096742.7839336,1,100041,-7.405791,13.5277,0.3059,45.6
5,1778096742.8826847,1,100141,-7.425548,13.56041,0.306368,46.6
5,1778096743.009726,1,100267,-7.449206,13.59964,0.306859,45.6
5,1778096743.0987005,1,100358,-7.466943,13.62901,0.307297,46.6
5,1778096743.1918082,1,100448,-7.484732,13.65833,0.307835,46.6
5,1778096743.2801797,1,100541,-7.503503,13.68925,0.308454,45.6
5,1778096743.380146,1,100641,-7.523217,13.72185,0.308826,46.6
5,1778096743.4800656,1,100741,-7.543927,13.75607,0.309285,46.6
5,1778096743.592359,1,100841,-7.563695,13.78863,0.309692,46.6
5,1778096743.6813638,1,100941,-7.583363,13.82125,0.310002,46.6
5,1778096743.7822158,1,101041,-7.603011,13.85385,0.310321,45.6
5,1778096743.9092207,1,101169,-7.628629,13.89621,0.310765,46.6
5,1778096744.000253,1,101258,-7.646286,13.92555,0.311171,45.6
5,1778096744.0886083,1,101348,-7.663014,13.95321,0.311522,45.6
5,1778096744.1827316,1,101441,-7.681717,13.98408,0.31216,46.6
5,1778096744.280491,1,101541,-7.701397,14.01656,0.31267,46.6
5,1778096744.382418,1,101641,-7.721022,14.04902,0.31299,45.6
5,1778096744.480199,1,101741,-7.739686,14.07981,0.313377,46.6
5,1778096744.5807207,1,101841,-7.759359,14.11218,0.313783,45.6
5,1778096744.6801531,1,101941,-7.779893,14.14623,0.31404,46.6
5,1778096744.8081605,1,102068,-7.805374,14.18832,0.314475,45.6
5,1778096744.8974767,1,102159,-7.823109,14.21732,0.314916,46.6
5,1778096744.9910154,1,102248,-7.84076,14.2464,0.315302,45.6
5,1778096745.0838249,1,102341,-7.858368,14.27548,0.315869,46.6
5,1778096745.1805394,1,102441,-7.877952,14.30778,0.316394,45.6
5,1778096745.282478,1,102541,-7.897621,14.33998,0.316641,46.6
5,1778096745.3812854,1,102641,-7.917199,14.37221,0.317009,45.6
5,1778096745.484651,1,102741,-7.936687,14.40451,0.317328,45.6
5,1778096745.5849993,1,102841,-7.956278,14.43666,0.317689,45.6
5,1778096745.7095478,1,102969,-7.981642,14.4785,0.318029,46.6
5,1778096745.7985344,1,103060,-7.998304,14.50578,0.318574,45.6
5,1778096745.8890245,1,103149,-8.016912,14.53628,0.318944,46.6
5,1778096745.981686,1,103241,-8.034425,14.56527,0.319483,46.6
5,1778096746.0801802,1,103341,-8.052934,14.59585,0.319919,46.6
5,1778096746.1845963,1,103441,-8.073398,14.62965,0.320291,46.6
5,1778096746.2826877,1,103541,-8.091938,14.66021,0.320733,46.6
5,1778096746.3802211,1,103641,-8.112287,14.69412,0.321233,46.6
5,1778096746.4853067,1,103741,-8.131816,14.72631,0.321773,46.6
5,1778096746.6102407,1,103870,-8.157321,14.76803,0.322112,45.6
5,1778096746.705388,1,103961,-8.174795,14.797,0.322547,46.6
5,1778096746.79113,1,104050,-8.19231,14.82591,0.323142,46.6
5,1778096746.8802233,1,104141,-8.209895,14.85475,0.323627,46.6
5,1778096746.9811134,1,104241,-8.229391,14.8868,0.32393,46.6
5,1778096747.0810313,1,104341,-8.248872,14.91883,0.324412,45.6
5,1778096747.1819346,1,104441,-8.268296,14.95089,0.324922,46.6
5,1778096747.2861345,1,104541,-8.287738,14.98292,0.32542,46.6
5,1778096747.3801465,1,104641,-8.307227,15.01488,0.326118,45.6
5,1778096747.510726,1,104770,-8.331606,15.05483,0.32651,46.6
5,1778096747.5997376,1,104860,-8.349004,15.08371,0.326836,45.6
5,1778096747.695394,1,104950,-8.36753,15.1141,0.327376,45.6
5,1778096747.7872114,1,105041,-8.38424,15.14125,0.328191,46.6
5,1778096747.8865087,1,105141,-8.404805,15.17499,0.328995,46.6
5,1778096747.9800642,1,105241,-8.424384,15.20724,0.329543,46.6
5,1778096748.0815377,1,105341,-8.444118,15.23944,0.329836,46.6
5,1778096748.1814694,1,105441,-8.463956,15.27164,0.33002,46.6
5,1778096748.2799833,1,105541,-8.483755,15.30396,0.330338,45.6
5,1778096748.4099305,1,105670,-8.509686,15.34598,0.330812,46.6
5,1778096748.5008752,1,105760,-8.527744,15.37508,0.331137,46.6
5,1778096748.5943916,1,105850,-8.545766,15.40423,0.331572,46.6
5,1778096748.6801443,1,105941,-8.563851,15.43339,0.332263,46.6
5,1778096748.786574,1,106041,-8.584006,15.46585,0.332706,46.6
5,1778096748.8856754,1,106141,-8.604147,15.49841,0.333231,45.6
5,1778096748.981363,1,106241,-8.624397,15.53099,0.333658,45.6
5,1778096749.088255,1,106341,-8.644664,15.56366,0.334212,45.6
5,1778096749.1818736,1,106441,-8.66495,15.5964,0.334715,46.6
5,1778096749.3088923,1,106571,-8.691562,15.63887,0.335358,45.6
5,1778096749.4026968,1,106661,-8.70997,15.66837,0.335764,46.6
5,1778096749.4924657,1,106751,-8.72831,15.69798,0.336074,45.6
5,1778096749.5845027,1,106841,-8.745732,15.7259,0.336566,45.6
5,1778096749.682755,1,106941,-8.767478,15.76031,0.33696,45.6
5,1778096749.7857878,1,107041,-8.788123,15.79326,0.337313,46.6
5,1778096749.8846946,1,107141,-8.808759,15.82633,0.337766,45.6
5,1778096749.9925897,1,107241,-8.829592,15.85936,0.338563,46.6
5,1778096750.082812,1,107341,-8.850533,15.89247,0.339452,46.6
5,1778096750.213759,1,107472,-8.876634,15.93408,0.339766,46.6
5,1778096750.3040776,1,107561,-8.895502,15.96411,0.340264,45.6
5,1778096750.3960774,1,107651,-8.915504,15.99584,0.340613,46.6
5,1778096750.4804068,1,107741,-8.934595,16.02584,0.341193,46.6
5,1778096750.5803897,1,107841,-8.955821,16.05924,0.341732,46.6
5,1778096750.6809032,1,107941,-8.977018,16.09277,0.34224,46.6
5,1778096750.7857003,1,108041,-8.998284,16.12629,0.342679,46.6
5,1778096750.880489,1,108141,-9.019681,16.15983,0.343226,46.6
5,1778096750.9856327,1,108241,-9.040034,16.19181,0.343722,46.6
5,1778096751.1114037,1,108372,-9.06901,16.23734,0.343965,45.6
5,1778096751.2053735,1,108462,-9.088466,16.26769,0.344532,46.6
5,1778096751.2905107,1,108552,-9.10797,16.29809,0.345157,46.6
5,1778096751.3802264,1,108642,-9.127489,16.32862,0.345456,46.6
5,1778096751.4894733,1,108741,-9.149248,16.36255,0.346016,46.6
5,1778096751.582963,1,108841,-9.171016,16.3966,0.346976,46.6
5,1778096751.680668,1,108941,-9.192958,16.43064,0.347771,46.6
5,1778096751.7803547,1,109041,-9.215023,16.46471,0.348117,45.6
5,1778096751.8799884,1,109141,-9.23697,16.49897,0.348661,46.6
5,1778096752.0111194,1,109272,-9.264504,16.54184,0.349023,46.6
5,1778096752.102455,1,109363,-9.285573,16.57438,0.349507,46.6
5,1778096752.1916506,1,109452,-9.304478,16.60355,0.350072,46.6
5,1778096752.2806175,1,109542,-9.324418,16.6346,0.35066,46.6
5,1778096752.3846512,1,109641,-9.347768,16.67084,0.351068,45.6
5,1778096752.4862156,1,109741,-9.369036,16.7036,0.351586,46.6
6,1778097655.8967547,1,23386,-0.011383,0.051989,0.032847,41.6
6,1778097655.8986578,1,23455,-0.011797,0.054092,0.033993,41.6
6,1778097655.9185407,1,23486,-0.011968,0.054811,0.034423,41.6
6,1778097655.9192119,1,23545,-0.012498,0.05671,0.035333,42.6
6,1778097655.9192214,1,23586,-0.012799,0.057758,0.035743,42.6
6,1778097655.9287646,1,23636,-0.013237,0.059443,0.036452,42.6
6,1778097658.1719823,1,25886,-0.035635,0.153806,0.060176,42.6
6,1778097658.3808556,1,26086,-0.038345,0.164342,0.06207,43.6
6,1778097658.9817424,1,26696,-0.047059,0.198652,0.068957,43.6
6,1778097659.0202127,1,26736,-0.047656,0.201021,0.069234,42.6
6,1778097659.1199706,1,26836,-0.049155,0.206998,0.070182,42.6
6,1778097659.1705825,1,26886,-0.049917,0.210028,0.07057,42.6
6,1778097659.2511601,1,26966,-0.051072,0.214616,0.07115,42.6
6,1778097659.2698493,1,26986,-0.051458,0.216154,0.071243,42.6
6,1778097659.3783762,1,27057,-0.052462,0.220167,0.071682,42.6
6,1778097659.3784084,1,27086,-0.053003,0.222343,0.072039,42.6
6,1778097660.8136182,1,28497,-0.07776,0.319109,0.087561,43.6
6,1778097660.8198452,1,28536,-0.078557,0.322098,0.088044,44.6
6,1778097660.872276,1,28587,-0.079573,0.325848,0.088473,43.6
6,1778097660.924199,1,28636,-0.080585,0.329612,0.088888,43.6
6,1778097661.0548503,1,28736,-0.08253,0.337198,0.089788,43.6
6,1778097661.0716727,1,28786,-0.083472,0.341016,0.090121,43.6
6,1778097661.1421864,1,28857,-0.084809,0.346384,0.090724,43.6
6,1778097661.1708276,1,28886,-0.085416,0.348691,0.09089,43.6
6,1778097661.2727768,1,28986,-0.087556,0.35639,0.091817,43.6
6,1778097661.3224525,1,29037,-0.088584,0.360262,0.092304,43.6
6,1778097661.3718667,1,29086,-0.089543,0.364146,0.092666,43.6
6,1778097661.4199655,1,29136,-0.09046,0.368041,0.093148,43.6
6,1778097661.4711697,1,29186,-0.091304,0.371553,0.093481,43.6
6,1778097661.5199342,1,29236,-0.092438,0.375849,0.093954,43.6
6,1778097661.5930789,1,29307,-0.093923,0.380937,0.094424,42.6
6,1778097661.6210315,1,29336,-0.09473,0.383686,0.094646,43.6
6,1778097661.6826594,1,29398,-0.096129,0.388806,0.095239,43.6
6,1778097661.7199697,1,29436,-0.096806,0.391572,0.095536,43.6
6,1778097661.774007,1,29488,-0.097722,0.395533,0.095974,43.6
6,1778097661.8240192,1,29536,-0.098675,0.3995,0.096324,42.6
6,1778097661.9699755,1,29686,-0.102064,0.410999,0.097501,43.6
6,1778097662.0448182,1,29758,-0.103733,0.416975,0.098061,43.6
6,1778097662.072989,1,29786,-0.104328,0.419381,0.098275,42.6
6,1778097662.1701217,1,29886,-0.106269,0.427432,0.098985,43.6
6,1778097662.32224,1,30036,-0.109865,0.43956,0.100361,43.6
6,1778097662.3712454,1,30086,-0.110915,0.443227,0.100729,42.6
6,1778097662.421299,1,30136,-0.111967,0.447322,0.101128,42.6
6,1778097662.5115058,1,30209,-0.11358,0.453908,0.101756,42.6
6,1778097662.5227122,1,30236,-0.114129,0.455967,0.10196,43.6
6,1778097662.5838296,1,30298,-0.115715,0.461329,0.102495,43.6
6,1778097662.6227932,1,30336,-0.116485,0.463809,0.102689,42.6
6,1778097662.6928003,1,30388,-0.117976,0.468781,0.103267,42.6
6,1778097662.720075,1,30436,-0.118882,0.47211,0.103701,42.6
6,1778097662.821657,1,30536,-0.12102,0.480503,0.104623,42.6
6,1778097662.8699307,1,30586,-0.122341,0.485144,0.105127,42.6
6,1778097662.943353,1,30659,-0.124296,0.491497,0.105707,42.6
6,1778097662.9698594,1,30686,-0.124928,0.49362,0.105836,42.6
6,1778097663.0348198,1,30748,-0.126461,0.499164,0.1064,42.6
6,1778097663.0739577,1,30786,-0.127241,0.502165,0.106631,42.6
6,1778097663.170823,1,30886,-0.129452,0.510326,0.107351,42.6
6,1778097663.220079,1,30936,-0.130891,0.515061,0.107804,43.6
6,1778097663.2730675,1,30986,-0.132225,0.519381,0.108119,42.6
6,1778097663.3968446,1,31108,-0.135216,0.530247,0.109216,42.6
6,1778097663.4199338,1,31136,-0.135773,0.532434,0.10935,42.6
6,1778097663.6199553,1,31336,-0.140933,0.549938,0.110944,42.6
6,1778097663.6756885,1,31386,-0.142226,0.554346,0.111352,42.6
6,1778097663.7198586,1,31436,-0.143308,0.55833,0.111667,42.6
6,1778097663.8650515,1,31559,-0.146355,0.569457,0.11274,43.6
6,1778097663.8723445,1,31586,-0.147161,0.572136,0.113128,43.6
6,1778097681.371802,1,49086,-1.002357,3.168651,0.310809,48.6
6,1778097688.1813781,1,55886,-1.65253,4.796547,0.386967,50.6
6,1778097694.5204337,1,62086,-2.410263,6.570622,0.463109,51.6
6,1778097695.2207997,1,62936,-2.5311,6.839105,0.473651,51.6
6,1778097695.7705903,1,63486,-2.610954,7.015779,0.479626,50.6
7,1778097728.2942948,1,21939,-0.001999,0.007286,0.009633,46.6
7,1778097728.3954756,1,22015,-0.002214,0.008119,0.010081,46.6
7,1778097729.456874,1,23095,-0.007095,0.02388,0.019247,46.6
7,1778097730.7162886,1,24356,-0.015986,0.050429,0.028896,47.6
7,1778097730.9554186,1,24589,-0.017957,0.056187,0.03061,47.6
7,1778097731.6424422,1,25289,-0.024735,0.075462,0.035849,48.6
7,1778097732.2705202,1,25889,-0.031242,0.094088,0.040544,48.6
7,1778097732.818112,1,26439,-0.038013,0.11334,0.04509,48.6
7,1778097733.0526915,1,26697,-0.041502,0.123047,0.047088,49.6
7,1778097733.2046192,1,26839,-0.043365,0.128252,0.048015,48.6
7,1778097734.2245917,1,27868,-0.059723,0.171573,0.055811,48.6
7,1778097734.261641,1,27889,-0.06016,0.1727,0.055936,48.6
7,1778097734.6081119,1,28239,-0.066626,0.188903,0.058834,48.6
7,1778097736.3945262,1,30039,-0.105105,0.282534,0.072287,49.6
7,1778097737.2438903,1,30889,-0.125945,0.332812,0.078495,49.6
7,1778097740.0177457,1,33639,-0.205595,0.523321,0.099305,49.6
7,1778097740.1669085,1,33811,-0.211091,0.537021,0.100785,49.6
7,1778097741.1575048,1,34801,-0.244151,0.61771,0.10853,50.6
7,1778097741.8939338,1,35539,-0.270662,0.681375,0.114438,50.6
7,1778097742.2929394,1,35939,-0.285387,0.716989,0.117397,50.6
7,1778097742.5214818,1,36152,-0.29373,0.737196,0.119116,50.6
7,1778097742.8930979,1,36512,-0.307672,0.770919,0.121906,50.6
7,1778097742.9940834,1,36639,-0.312625,0.782794,0.122935,50.6
7,1778097743.0526137,1,36692,-0.314808,0.788056,0.123364,50.6
7,1778097743.1966715,1,36839,-0.320478,0.80202,0.124332,50.6
7,1778097743.3544297,1,36989,-0.326522,0.816606,0.125598,50.6
7,1778097743.602478,1,37239,-0.336495,0.840771,0.127614,50.6
7,1778097743.9453776,1,37593,-0.351387,0.876842,0.130416,50.6
7,1778097744.4071155,1,38043,-0.370241,0.922916,0.133725,50.6
7,1778097744.5543633,1,38189,-0.376252,0.937453,0.134915,50.6
7,1778097744.6668913,1,38313,-0.381774,0.9511,0.135801,50.6
7,1778097744.7235892,1,38339,-0.382837,0.953736,0.135948,50.6
7,1778097744.7692225,1,38403,-0.385643,0.960589,0.136472,50.6
7,1778097744.793954,1,38439,-0.387169,0.964286,0.136716,50.6
7,1778097744.9059105,1,38539,-0.391546,0.974877,0.137525,50.6
7,1778097744.966341,1,38589,-0.393719,0.980202,0.137974,50.6
7,1778097744.9962952,1,38639,-0.395877,0.985539,0.13839,50.6
7,1778097745.041181,1,38689,-0.398032,0.990897,0.138727,50.6
7,1778097746.0554328,1,39664,-0.442123,1.098419,0.14661,50.6
7,1778097746.120742,1,39755,-0.446249,1.108643,0.147594,50.6
7,1778097746.1463675,1,39789,-0.447854,1.112638,0.147907,50.6
7,1778097746.7912936,1,40439,-0.47874,1.187693,0.153286,50.6
7,1778097746.8545198,1,40489,-0.481418,1.194223,0.153717,50.6
7,1778097747.4580605,1,41104,-0.511763,1.268031,0.15877,50.6
7,1778097747.8442822,1,41464,-0.530106,1.312721,0.161547,50.6
7,1778097747.8461547,1,41489,-0.531628,1.316481,0.161837,51.6
7,1778097748.3261776,1,41939,-0.554898,1.372948,0.165875,51.6
7,1778097748.7545028,1,42365,-0.578142,1.429024,0.170043,50.6
7,1778097748.911456,1,42545,-0.588082,1.452916,0.171824,50.6
7,1778097749.4544535,1,43089,-0.61909,1.526665,0.177448,51.6
7,1778097749.8070505,1,43445,-0.639916,1.575744,0.180568,51.6
7,1778097749.857388,1,43489,-0.642557,1.582027,0.181003,50.6
7,1778097749.897775,1,43539,-0.645503,1.589022,0.181518,50.6
7,1778097750.5263355,1,44167,-0.683434,1.677981,0.187369,50.6
7,1778097750.5623116,1,44189,-0.684659,1.680869,0.187424,50.6
7,1778097750.8098094,1,44439,-0.700403,1.717913,0.189708,50.6
7,1778097751.9628167,1,45606,-0.775408,1.89371,0.199806,50.6
7,1778097752.430328,1,46058,-0.805165,1.962628,0.203408,50.6
7,1778097752.9575295,1,46597,-0.842661,2.048797,0.209461,51.6
7,1778097753.6010602,1,47239,-0.888563,2.152827,0.215263,51.6
7,1778097754.124838,1,47768,-0.927856,2.240924,0.219756,51.6
8,1778097820.4468787,1,35495,0.343898,-0.96512,-0.106093,57.6
8,1778097821.5070114,1,36545,0.389379,-1.1027,-0.111719,58.6
8,1778097821.923025,1,36968,0.408309,-1.16074,-0.114451,57.6
8,1778097826.2027557,1,41245,0.613235,-1.822502,-0.141569,57.6
8,1778097831.9076855,1,46963,0.934985,-2.943959,-0.18233,57.6
8,1778097833.2917354,1,48345,1.022031,-3.255701,-0.192191,57.6
8,1778097833.351679,1,48405,1.025869,-3.269613,-0.192611,57.6
8,1778097833.3893485,1,48445,1.02842,-3.2789,-0.192852,57.6
9,1778097945.7602978,1,29339,-0.031534,0.153685,0.041728,56.6
9,1778097946.0925376,1,29670,-0.034595,0.168106,0.044261,56.6
9,1778097946.2025785,1,29789,-0.03587,0.173606,0.045303,56.6
9,1778097946.2560468,1,29849,-0.036443,0.17641,0.045608,56.6
9,1778097946.2952497,1,29889,-0.03682,0.17829,0.045786,56.6
9,1778097946.3322465,1,29939,-0.037305,0.180654,0.04604,56.6
9,1778097946.392282,1,29989,-0.037818,0.183029,0.046228,55.6
9,1778097962.480633,1,46089,-0.501733,1.854963,0.149977,58.6
9,1778097968.0480912,1,51589,-0.848704,2.847127,0.184443,59.6
9,1778097968.1007516,1,51689,-0.855874,2.866785,0.18525,59.6
9,1778097968.32699,1,51910,-0.871843,2.910243,0.186564,58.6
9,1778097968.430927,1,52039,-0.881313,2.936063,0.187545,59.6
9,1778097968.4816084,1,52090,-0.884995,2.946019,0.187711,58.6
9,1778097968.5482748,1,52139,-0.888701,2.955978,0.187882,58.6
9,1778097968.5800853,1,52189,-0.892398,2.965949,0.188328,58.6
9,1778097969.684269,1,53289,-0.975322,3.188483,0.195207,58.6
9,1778097971.0368102,1,54639,-1.084061,3.470996,0.203049,58.6
9,1778097971.1148238,1,54702,-1.089552,3.484854,0.203344,57.6
9,1778097971.330041,1,54939,-1.108939,3.53416,0.204856,57.6
9,1778097995.596365,1,79188,17.23016,-57.78928,0.349744,59.6
9,1778097995.7357676,1,79339,17.22966,-57.78877,0.350254,59.6
9,1778097996.4817228,1,80089,17.22867,-57.79182,0.353634,59.6
9,1778098016.7814376,1,100389,17.03873,-57.14639,0.445748,59.6
9,1778098030.378734,1,113989,17.00851,-57.16339,0.499856,59.6
10,1778098060.9255002,1,21845,0.00653,0.004004,-0.011499,65.6
10,1778098060.925568,1,21895,0.006596,0.004515,-0.011966,65.6
10,1778098060.9446492,1,21945,0.007027,0.00411,-0.012281,65.6
10,1778098061.0293925,1,22022,0.007699,0.003376,-0.012941,65.6
10,1778098061.0455127,1,22045,0.007822,0.003241,-0.013029,65.6
10,1778098061.1200962,1,22112,0.007887,0.003924,-0.013439,65.6
10,1778098061.1508453,1,22145,0.007923,0.004075,-0.013571,65.6
10,1778098061.2198434,1,22202,0.008285,0.003748,-0.013787,65.6
10,1778098061.2473545,1,22245,0.008444,0.003658,-0.013986,65.6
10,1778098061.3094954,1,22295,0.008387,0.004137,-0.014251,65.6
10,1778098061.354912,1,22345,0.008454,0.004343,-0.014492,65.6
10,1778098061.400634,1,22395,0.008684,0.004161,-0.014748,65.6
10,1778098061.4748578,1,22473,0.009106,0.003953,-0.015375,65.6
10,1778098061.5000596,1,22495,0.009206,0.003896,-0.015553,65.6
10,1778098061.5647528,1,22562,0.009469,0.004234,-0.016091,65.6
10,1778098061.6008906,1,22595,0.009569,0.004306,-0.016327,64.6
10,1778098061.6684983,1,22653,0.009948,0.003991,-0.016722,64.6
10,1778098061.6991267,1,22695,0.010155,0.003858,-0.017014,65.6
10,1778098061.7471263,1,22745,0.010558,0.003909,-0.017396,64.6
10,1778098061.7982876,1,22795,0.010894,0.003845,-0.017844,64.6
10,1778098061.8476062,1,22845,0.011041,0.003979,-0.018232,64.6
10,1778098061.925018,1,22922,0.011636,0.004063,-0.018925,64.6
10,1778098061.9461284,1,22945,0.011786,0.004072,-0.019095,64.6
10,1778098062.0230694,1,23013,0.012165,0.0043,-0.019682,64.6
10,1778098062.047417,1,23045,0.012341,0.004376,-0.019945,64.6
10,1778098062.1055517,1,23103,0.012501,0.005053,-0.020401,64.6
10,1778098062.1460488,1,23145,0.012631,0.005401,-0.020754,64.6
10,1778098062.197468,1,23195,0.01308,0.005118,-0.021095,64.6
10,1778098062.2464154,1,23245,0.013434,0.005047,-0.021531,64.6
10,1778098062.300432,1,23295,0.01349,0.005481,-0.021867,64.6
10,1778098062.3733757,1,23372,0.013906,0.005378,-0.022457,64.6
10,1778098062.3961272,1,23395,0.014012,0.005338,-0.022649,64.6
10,1778098062.464199,1,23462,0.014412,0.005581,-0.023353,64.6
10,1778098062.49751,1,23495,0.014577,0.005649,-0.023524,64.6
10,1778098062.5552704,1,23553,0.014899,0.005764,-0.024001,64.6
10,1778098062.5975463,1,23595,0.015117,0.005819,-0.02434,64.6
10,1778098062.6451862,1,23645,0.01549,0.005644,-0.024636,64.6
10,1778098062.6998575,1,23695,0.015901,0.005496,-0.025127,64.6
10,1778098062.7474089,1,23745,0.015975,0.006122,-0.025526,64.6
10,1778098062.8256757,1,23823,0.016436,0.006195,-0.026203,63.6
10,1778098062.8482056,1,23845,0.016558,0.006204,-0.02638,64.6
10,1778098062.9144325,1,23913,0.016992,0.006115,-0.026993,64.6
10,1778098062.9451263,1,23945,0.01717,0.006068,-0.027184,63.6
10,1778098063.0057812,1,24003,0.017407,0.006382,-0.027587,64.6
10,1778098063.0471752,1,24045,0.017585,0.006508,-0.027948,64.6
10,1778098063.097411,1,24095,0.017858,0.006289,-0.028322,63.6
10,1778098063.1528535,1,24145,0.018106,0.006175,-0.028754,63.6
10,1778098063.2013028,1,24195,0.018312,0.006563,-0.02907,63.6
10,1778098063.2859035,1,24274,0.018775,0.006513,-0.029763,63.6
10,1778098063.3021436,1,24295,0.018864,0.006498,-0.029815,64.6
10,1778098063.3634834,1,24363,0.019094,0.007377,-0.030389,63.6
10,1778098063.396183,1,24395,0.019181,0.007629,-0.030628,63.6
10,1778098063.4646864,1,24453,0.019504,0.007713,-0.031132,63.6
10,1778098063.4964945,1,24495,0.01969,0.007813,-0.031437,63.6
10,1778098063.5503159,1,24545,0.020281,0.007109,-0.031811,63.6
10,1778098063.598347,1,24595,0.020688,0.006742,-0.032177,63.6
10,1778098063.6444204,1,24645,0.020779,0.007032,-0.032545,63.6
10,1778098063.7275975,1,24723,0.021064,0.007221,-0.033406,63.6
10,1778098063.7481284,1,24745,0.021141,0.007254,-0.03357,63.6
10,1778098063.8242574,1,24813,0.0217,0.0076,-0.034202,63.6
10,1778098063.855806,1,24845,0.021924,0.007719,-0.034509,63.6
10,1778098063.9039981,1,24904,0.022221,0.007708,-0.034948,63.6
10,1778098063.9489918,1,24945,0.022458,0.007718,-0.035291,63.6
10,1778098064.1944005,1,25195,0.023672,0.008104,-0.037287,63.6
10,1778098064.2710075,1,25264,0.024029,0.008423,-0.037752,64.6
10,1778098064.3534203,1,25353,0.024615,0.008174,-0.038475,63.6
10,1778098064.547292,1,25545,0.025474,0.008756,-0.039927,63.6
10,1778098064.6252608,1,25623,0.025908,0.008664,-0.040523,62.6
10,1778098064.7145529,1,25714,0.026395,0.008955,-0.041351,63.6
10,1778098064.8056602,1,25804,0.0268,0.009016,-0.041866,63.6
10,1778098064.8445437,1,25845,0.027007,0.008998,-0.042178,63.6
10,1778098064.8960056,1,25895,0.02712,0.009314,-0.042458,62.6
10,1778098064.9469864,1,25945,0.027309,0.009515,-0.042874,62.6
10,1778098064.9964626,1,25995,0.027643,0.009386,-0.043222,62.6
10,1778098065.0752802,1,26074,0.028002,0.009662,-0.043853,62.6
10,1778098065.0959535,1,26095,0.028096,0.009728,-0.044054,62.6
10,1778098065.1653676,1,26165,0.028467,0.010089,-0.044613,62.6
10,1778098065.1959887,1,26195,0.028617,0.010215,-0.044819,62.6
10,1778098065.2549922,1,26254,0.02895,0.010104,-0.045236,62.6
10,1778098065.294577,1,26295,0.029182,0.010061,-0.045575,62.6
10,1778098065.3489416,1,26345,0.02942,0.010139,-0.046013,62.6
10,1778098065.5411704,1,26524,0.030248,0.010247,-0.047145,62.6
10,1778098065.5453777,1,26545,0.03032,0.010237,-0.047193,63.6
10,1778098065.6167252,1,26614,0.030732,0.010168,-0.047886,62.6
10,1778098065.6474187,1,26645,0.030873,0.010131,-0.048108,62.6
10,1778098065.7065055,1,26704,0.031205,0.010274,-0.048611,62.6
10,1778098065.7456908,1,26745,0.031407,0.010297,-0.048982,62.6
10,1778098065.7952158,1,26795,0.031599,0.010457,-0.049319,62.6
10,1778098065.844439,1,26845,0.031796,0.010517,-0.049661,62.6
10,1778098065.8947763,1,26895,0.03213,0.010417,-0.050085,62.6
10,1778098065.975251,1,26975,0.032445,0.010646,-0.050898,61.6
10,1778098065.9944322,1,26995,0.032523,0.010687,-0.051094,61.6
10,1778098066.0667207,1,27065,0.033114,0.010796,-0.051733,61.6
10,1778098066.0945258,1,27095,0.033353,0.010823,-0.052017,61.6
10,1778098066.1587687,1,27155,0.033725,0.010826,-0.052459,61.6
10,1778098066.196797,1,27195,0.034002,0.010817,-0.052825,61.6
10,1778098066.2454538,1,27244,0.034158,0.01157,-0.053169,61.6
10,1778098066.2967947,1,27295,0.034347,0.011968,-0.053594,61.6
10,1778098066.346016,1,27345,0.034631,0.012041,-0.054015,61.6
10,1778098066.4254525,1,27425,0.035011,0.012026,-0.054731,61.6
10,1778098066.446324,1,27445,0.035112,0.012003,-0.054908,61.6
10,1778098066.514993,1,27515,0.03544,0.012294,-0.055447,61.6
10,1778098066.5453413,1,27545,0.035588,0.012397,-0.055746,61.6
10,1778098066.6052544,1,27605,0.036008,0.012174,-0.056237,61.6
10,1778098066.6943831,1,27694,0.036438,0.012416,-0.056918,61.6
10,1778098066.7945614,1,27795,0.0369,0.012524,-0.057517,61.6
10,1778098066.9137352,1,27874,0.037146,0.012607,-0.058237,61.6
10,1778098066.9137745,1,27895,0.037228,0.012621,-0.058395,62.6
10,1778098066.965351,1,27965,0.0376,0.012586,-0.058873,61.6
10,1778098066.9970202,1,27995,0.037755,0.012557,-0.059149,61.6
10,1778098067.0567658,1,28056,0.038017,0.012686,-0.059554,61.6
10,1778098067.147024,1,28145,0.038273,0.012974,-0.060187,61.6
10,1778098067.1953926,1,28195,0.038394,0.013117,-0.060611,61.6
10,1778098067.2443326,1,28245,0.038672,0.01329,-0.060993,61.6
10,1778098067.3284857,1,28325,0.039089,0.013423,-0.061752,61.6
10,1778098067.3452258,1,28345,0.039199,0.013447,-0.061951,61.6
10,1778098067.423869,1,28415,0.039816,0.013339,-0.062474,61.6
10,1778098067.447058,1,28445,0.040068,0.01328,-0.062721,61.6
10,1778098067.5164533,1,28506,0.040252,0.013493,-0.063131,61.6
10,1778098067.5471802,1,28545,0.040428,0.013561,-0.063426,61.6
10,1778098067.5959225,1,28595,0.040469,0.014466,-0.063835,61.6
10,1778098067.6461196,1,28645,0.04056,0.015014,-0.064273,61.6
10,1778098067.694396,1,28695,0.040968,0.01468,-0.064555,61.6
10,1778098067.778434,1,28776,0.041561,0.014564,-0.06532,61.6
10,1778098067.794926,1,28795,0.041706,0.014523,-0.06557,61.6
10,1778098067.8676083,1,28866,0.041976,0.015399,-0.066218,61.6
10,1778098067.9578283,1,28956,0.042444,0.015759,-0.066922,61.6
10,1778098067.9967537,1,28995,0.042624,0.015861,-0.067224,60.6
10,1778098068.047843,1,29045,0.043109,0.015486,-0.067582,61.6
10,1778098068.0974123,1,29095,0.043459,0.015304,-0.067946,60.6
10,1778098068.1462152,1,29145,0.043476,0.015981,-0.068357,61.6
10,1778098068.2279968,1,29226,0.043821,0.0163,-0.069104,60.6
10,1778098068.2443516,1,29245,0.043908,0.016366,-0.069292,60.6
10,1778098068.3172593,1,29317,0.044381,0.016272,-0.069904,60.6
10,1778098068.4082236,1,29405,0.044853,0.016462,-0.070585,60.6
10,1778098068.4458702,1,29445,0.045055,0.016535,-0.070926,60.6
10,1778098068.4960463,1,29495,0.04529,0.016645,-0.071224,60.6
10,1778098068.5497437,1,29545,0.045505,0.016711,-0.071631,60.6
10,1778098068.595865,1,29595,0.045764,0.016821,-0.072054,60.6
10,1778098068.6760883,1,29676,0.046163,0.016863,-0.072766,60.6
10,1778098068.6987138,1,29695,0.046269,0.01686,-0.072927,60.6
10,1778098068.7664135,1,29766,0.046589,0.017106,-0.073461,60.6
10,1778098068.795003,1,29795,0.046723,0.017191,-0.073767,60.6
10,1778098068.8565316,1,29856,0.047046,0.01722,-0.074244,60.6
10,1778098068.8954751,1,29895,0.047263,0.017224,-0.074586,60.6
10,1778098068.9482775,1,29946,0.047558,0.017393,-0.074884,60.6
10,1778098068.9943438,1,29995,0.047857,0.017467,-0.07529,60.6
10,1778098069.0444224,1,30045,0.047999,0.017534,-0.075591,60.6
10,1778098069.1289294,1,30126,0.048273,0.017638,-0.076432,60.6
10,1778098069.1457183,1,30145,0.048361,0.01766,-0.076677,60.6
10,1778098069.216207,1,30216,0.048871,0.017756,-0.077343,60.6
10,1778098069.2480795,1,30245,0.049082,0.017779,-0.077684,60.6
10,1778098069.306807,1,30306,0.049315,0.018188,-0.078097,60.6
10,1778098069.345019,1,30345,0.049543,0.018425,-0.078459,60.6
10,1778098069.3967984,1,30396,0.049808,0.018378,-0.078869,60.6
10,1778098069.4455817,1,30445,0.050071,0.018409,-0.079309,60.6
10,1778098069.49504,1,30495,0.050472,0.018317,-0.079661,60.6
10,1778098069.5808306,1,30577,0.050939,0.018895,-0.080565,60.6
10,1778098069.5954766,1,30595,0.051051,0.019033,-0.08078,60.6
10,1778098069.6670523,1,30666,0.051531,0.019129,-0.081309,60.6
10,1778098069.6989665,1,30695,0.051736,0.01917,-0.08165,60.6
10,1778098069.7573974,1,30757,0.052082,0.019158,-0.082123,60.6
10,1778098069.7968655,1,30795,0.05232,0.01914,-0.082572,60.6
10,1778098069.8500428,1,30846,0.052528,0.019465,-0.082985,60.6
10,1778098069.8982832,1,30895,0.052759,0.019626,-0.0834,60.6
10,1778098069.9449368,1,30945,0.052986,0.019797,-0.083723,60.6
10,1778098070.0268424,1,31027,0.053585,0.01962,-0.084531,60.6
10,1778098070.119621,1,31117,0.054054,0.019966,-0.085272,60.6
10,1778098070.1475315,1,31145,0.054185,0.020051,-0.085514,60.6
10,1778098070.2076795,1,31207,0.054519,0.020159,-0.086027,60.6
10,1778098070.246501,1,31245,0.054677,0.020205,-0.086328,60.6
10,1778098070.2975461,1,31297,0.05503,0.020184,-0.086637,60.6
10,1778098070.39775,1,31395,0.055421,0.020584,-0.087377,60.6
10,1778098070.4769912,1,31445,0.055617,0.020759,-0.087842,60.6
10,1778098070.4963493,1,31495,0.055913,0.021477,-0.088335,60.6
10,1778098070.567765,1,31567,0.056499,0.021248,-0.088979,60.6
10,1778098070.5949917,1,31595,0.056693,0.021179,-0.089169,60.6
10,1778098070.6573234,1,31657,0.056895,0.021486,-0.089613,60.6
10,1778098070.6969032,1,31695,0.057038,0.021569,-0.089887,60.6
10,1778098070.7469995,1,31747,0.05738,0.021611,-0.090256,60.6
10,1778098070.799269,1,31795,0.057603,0.021631,-0.09065,60.6
10,1778098070.846759,1,31845,0.057824,0.0218,-0.091052,60.6
10,1778098070.948925,1,31895,0.058047,0.021883,-0.091406,60.6
10,1778098070.948961,1,31945,0.058433,0.021992,-0.091975,60.6
10,1778098071.0174663,1,32017,0.058876,0.022082,-0.092562,60.6
10,1778098071.045289,1,32045,0.059025,0.022096,-0.092816,60.6
10,1778098071.106886,1,32107,0.059344,0.022213,-0.093303,60.6
10,1778098071.1972435,1,32197,0.059668,0.022489,-0.093938,60.6
10,1778098071.2465196,1,32245,0.05983,0.022608,-0.094343,60.6
10,1778098071.2963495,1,32295,0.060108,0.022485,-0.094682,60.6
10,1778098071.3785055,1,32345,0.060319,0.022431,-0.095053,60.6
10,1778098071.4680872,1,32468,0.06132,0.022463,-0.096211,60.6
10,1778098071.49549,1,32495,0.061491,0.022536,-0.096431,60.6
10,1778098071.5597727,1,32557,0.061711,0.022734,-0.096851,60.6
10,1778098071.594383,1,32595,0.061885,0.022842,-0.097246,60.6
10,1778098071.6478028,1,32647,0.062189,0.023143,-0.097648,60.6
10,1778098071.696685,1,32695,0.062457,0.023351,-0.09814,60.6
10,1778098071.7443626,1,32745,0.062768,0.023582,-0.098508,60.6
10,1778098071.8280203,1,32795,0.063073,0.023787,-0.098987,60.6
10,1778098071.8458993,1,32845,0.063089,0.024101,-0.09954,59.6
10,1778098071.9179802,1,32918,0.063653,0.023876,-0.100092,59.6
10,1778098071.9457607,1,32945,0.06388,0.023788,-0.100412,60.6
10,1778098072.0088668,1,33008,0.064195,0.023929,-0.100881,60.6
10,1778098072.0443623,1,33045,0.064361,0.023938,-0.101093,59.6
10,1778098072.0983744,1,33098,0.064757,0.023977,-0.10163,60.6
10,1778098072.1952343,1,33195,0.065255,0.024238,-0.102319,60.6
10,1778098072.247833,1,33245,0.065497,0.02434,-0.102729,60.6
10,1778098072.29441,1,33295,0.065695,0.024515,-0.10306,59.6
10,1778098072.3686438,1,33368,0.065988,0.02478,-0.10379,59.6
10,1778098072.3995335,1,33395,0.066089,0.024851,-0.104047,60.6
10,1778098072.45787,1,33458,0.066488,0.024772,-0.104366,59.6
10,1778098072.4961743,1,33495,0.066652,0.024745,-0.104641,60.6
10,1778098072.5503244,1,33548,0.066835,0.025028,-0.10502,59.6
10,1778098072.5942073,1,33595,0.067012,0.025145,-0.105312,60.6
10,1778098072.644699,1,33645,0.067233,0.025122,-0.105658,60.6
10,1778098072.6984692,1,33695,0.067435,0.02513,-0.106055,59.6
10,1778098072.7443542,1,33745,0.067795,0.025088,-0.106432,60.6
10,1778098072.8196695,1,33818,0.068072,0.025249,-0.107057,59.6
10,1778098072.8459826,1,33845,0.068174,0.025281,-0.107251,59.6
10,1778098072.9132288,1,33908,0.068456,0.025451,-0.107771,60.6
10,1778098072.9468775,1,33945,0.068599,0.02551,-0.108037,60.6
10,1778098072.9984283,1,33998,0.068811,0.025768,-0.108472,60.6
10,1778098073.0484722,1,34045,0.068963,0.025898,-0.10886,59.6
10,1778098073.0946214,1,34095,0.069381,0.026006,-0.109255,59.6
10,1778098073.1453407,1,34145,0.069684,0.026087,-0.109571,59.6
10,1778098073.194706,1,34195,0.069801,0.026202,-0.109987,60.6
10,1778098073.268426,1,34268,0.070157,0.02636,-0.110533,59.6
10,1778098073.2978206,1,34295,0.070279,0.026401,-0.110804,59.6
10,1778098073.3667948,1,34359,0.07054,0.026581,-0.111385,60.6
10,1778098073.4474645,1,34448,0.070932,0.026516,-0.111891,60.6
10,1778098073.495181,1,34495,0.07112,0.026423,-0.11229,59.6
10,1778098073.5445526,1,34545,0.071429,0.026544,-0.112589,59.6
10,1778098073.5943964,1,34595,0.071674,0.026544,-0.113001,59.6
10,1778098073.646867,1,34645,0.071901,0.026871,-0.113411,59.6
10,1778098073.7191832,1,34718,0.072285,0.026893,-0.114048,59.6
10,1778098073.7461913,1,34745,0.072418,0.026883,-0.114316,59.6
10,1778098073.8083804,1,34808,0.072764,0.027014,-0.114729,59.6
10,1778098073.8443923,1,34845,0.072992,0.027065,-0.115163,59.6
10,1778098073.9004612,1,34898,0.073238,0.027032,-0.115619,59.6
10,1778098073.9448328,1,34945,0.073461,0.026996,-0.116039,59.6
10,1778098073.9943433,1,34995,0.073655,0.027271,-0.116372,59.6
10,1778098074.0449595,1,35045,0.073926,0.027403,-0.116864,59.6
10,1778098074.094387,1,35095,0.074159,0.027502,-0.117149,59.6
10,1778098074.170343,1,35169,0.074506,0.027535,-0.117782,59.6
10,1778098074.1985624,1,35195,0.074599,0.027536,-0.117965,59.6
10,1778098074.258688,1,35259,0.075021,0.027673,-0.118477,59.6
10,1778098074.3001742,1,35295,0.075199,0.027705,-0.118696,59.6
10,1778098074.3506405,1,35349,0.075407,0.028116,-0.119154,59.6
10,1778098074.3945525,1,35395,0.075601,0.028334,-0.119541,59.6
10,1778098074.4459348,1,35445,0.075786,0.028442,-0.119931,59.6
10,1778098074.4954023,1,35495,0.075996,0.02857,-0.12033,59.6
10,1778098074.5443914,1,35545,0.07628,0.028565,-0.120656,59.6
10,1778098074.6210353,1,35620,0.076834,0.028365,-0.121349,59.6
10,1778098074.645073,1,35645,0.076983,0.028304,-0.121493,59.6
10,1778098074.7093787,1,35709,0.077076,0.02911,-0.122021,59.6
10,1778098074.7467215,1,35745,0.077163,0.029422,-0.122331,59.6
10,1778098074.8005116,1,35799,0.077774,0.028941,-0.122677,59.6
10,1778098074.844373,1,35845,0.078131,0.028799,-0.123057,59.6
10,1778098074.9014077,1,35895,0.078276,0.028922,-0.123495,59.6
10,1778098074.9464507,1,35945,0.078508,0.028887,-0.123863,59.6
10,1778098074.994363,1,35995,0.078759,0.029083,-0.124297,59.6
10,1778098075.0762184,1,36069,0.079184,0.029233,-0.124969,59.6
10,1778098075.0943296,1,36095,0.079323,0.029268,-0.125151,59.6
10,1778098075.1593776,1,36159,0.079584,0.029568,-0.125698,59.6
10,1778098075.2011702,1,36195,0.079734,0.029687,-0.126037,59.6
10,1778098075.2500072,1,36249,0.080055,0.029422,-0.126474,59.6
10,1778098075.2973828,1,36295,0.080316,0.029266,-0.126894,59.6
10,1778098075.3464484,1,36345,0.080518,0.029518,-0.127217,59.6
10,1778098075.3954215,1,36395,0.080762,0.029578,-0.127641,59.6
10,1778098075.4458678,1,36445,0.081017,0.029778,-0.128029,59.6
10,1778098075.5453758,1,36545,0.081479,0.030099,-0.128925,59.6
10,1778098075.6106422,1,36609,0.081852,0.030152,-0.129362,59.6
10,1778098075.6443224,1,36645,0.082097,0.030172,-0.129735,59.6
10,1778098075.699078,1,36699,0.082348,0.030399,-0.130141,59.6
10,1778098075.7459006,1,36745,0.082579,0.030524,-0.130499,59.6
10,1778098075.794361,1,36795,0.082877,0.030656,-0.130803,59.6
10,1778098075.8450944,1,36845,0.083162,0.030754,-0.131294,59.6
10,1778098075.994727,1,36995,0.083692,0.031114,-0.132442,59.6
10,1778098076.0943615,1,37095,0.084236,0.031127,-0.133309,59.6
10,1778098076.1582582,1,37150,0.084883,0.031105,-0.133758,59.6
10,1778098076.1957557,1,37195,0.085329,0.031065,-0.134127,59.6
10,1778098076.2450678,1,37245,0.085302,0.032169,-0.134489,59.6
10,1778098076.431445,1,37420,0.086108,0.032521,-0.135687,59.6
10,1778098076.5357602,1,37511,0.086371,0.032758,-0.136274,59.6
10,1778098076.5466523,1,37545,0.086464,0.032846,-0.136497,59.6
10,1778098076.600873,1,37600,0.086656,0.032988,-0.136846,59.6
10,1778098076.6443226,1,37645,0.086809,0.033084,-0.137252,59.6
10,1778098076.699913,1,37695,0.087186,0.033073,-0.137627,59.6
10,1778098076.7444093,1,37745,0.087482,0.033078,-0.138081,59.6
10,1778098076.799383,1,37795,0.087601,0.033354,-0.138452,59.6
10,1778098076.8949602,1,37895,0.08832,0.033238,-0.139345,59.6
10,1778098076.9828079,1,37960,0.088515,0.033781,-0.139944,59.6
10,1778098076.9947276,1,37995,0.088649,0.033983,-0.14024,59.6
10,1778098077.0544999,1,38050,0.088923,0.033909,-0.140634,59.6
10,1778098077.0946844,1,38095,0.089109,0.033924,-0.140981,59.6
10,1778098077.1450527,1,38145,0.089669,0.033525,-0.141453,59.6
10,1778098077.1950955,1,38195,0.090034,0.033292,-0.141848,59.6
10,1778098077.2456508,1,38245,0.090199,0.03406,-0.142286,59.6
10,1778098077.32078,1,38320,0.090558,0.034216,-0.142924,58.6
10,1778098077.3447676,1,38345,0.090683,0.034258,-0.143182,59.6
10,1778098077.4127839,1,38410,0.090955,0.034719,-0.143653,59.6
10,1778098077.5005152,1,38500,0.091471,0.034599,-0.144361,59.6
10,1778098077.5494163,1,38545,0.09174,0.034461,-0.144722,59.6
10,1778098077.594431,1,38595,0.091807,0.034819,-0.14506,59.6
10,1778098077.645769,1,38645,0.091993,0.034964,-0.145508,59.6
10,1778098077.6988943,1,38695,0.092288,0.034924,-0.14579,59.6
10,1778098077.7722676,1,38771,0.092583,0.034957,-0.146496,58.6
10,1778098077.7974637,1,38795,0.092674,0.034957,-0.146712,58.6
10,1778098077.8608553,1,38860,0.093074,0.034991,-0.147081,59.6
10,1778098077.8943334,1,38895,0.093269,0.034995,-0.147436,58.6
10,1778098077.9502025,1,38950,0.093452,0.035119,-0.1478,59.6
10,1778098078.0448549,1,39045,0.094066,0.034981,-0.148435,59.6
10,1778098078.1008449,1,39095,0.094395,0.034845,-0.148877,59.6
10,1778098078.144285,1,39145,0.09453,0.035155,-0.149168,59.6
10,1778098078.2224786,1,39220,0.09504,0.035122,-0.149902,58.6
10,1778098078.24768,1,39245,0.095267,0.035089,-0.150124,58.6
10,1778098078.3103678,1,39311,0.095565,0.035652,-0.150638,58.6
10,1778098078.3453438,1,39345,0.095742,0.035888,-0.150986,59.6
10,1778098078.4046328,1,39401,0.096232,0.035766,-0.151378,59.6
10,1778098078.4443266,1,39445,0.096572,0.035752,-0.151799,59.6
10,1778098078.4989386,1,39495,0.096598,0.036217,-0.152207,59.6
10,1778098078.5447462,1,39545,0.096775,0.036452,-0.152672,59.6
10,1778098078.594444,1,39595,0.097233,0.035838,-0.152989,58.6
10,1778098078.6786678,1,39671,0.097767,0.035927,-0.153767,58.6
10,1778098078.700516,1,39695,0.097933,0.035943,-0.153999,59.6
10,1778098078.7644403,1,39761,0.098159,0.036443,-0.154482,59.6
10,1778098078.7944043,1,39795,0.098288,0.03665,-0.154784,59.6
10,1778098078.856919,1,39851,0.098832,0.036063,-0.155199,59.6
10,1778098078.8949144,1,39895,0.099211,0.035798,-0.155574,58.6
10,1778098078.9444332,1,39945,0.099192,0.036278,-0.155944,59.6
10,1778098078.9969902,1,39995,0.09938,0.036388,-0.156368,58.6
10,1778098079.046141,1,40045,0.100016,0.035711,-0.156735,59.6
10,1778098079.1228273,1,40121,0.100372,0.036083,-0.157494,58.6
10,1778098079.1442335,1,40145,0.100463,0.036155,-0.157684,58.6
10,1778098079.2112412,1,40211,0.100794,0.036314,-0.15825,58.6
10,1778098079.2491827,1,40245,0.100961,0.036381,-0.158634,58.6
10,1778098079.3021502,1,40301,0.101454,0.036234,-0.158973,58.6
10,1778098079.3457928,1,40345,0.101753,0.036165,-0.159324,58.6
10,1778098079.3952484,1,40395,0.101811,0.036704,-0.159721,58.6
10,1778098079.444196,1,40445,0.101997,0.036957,-0.160155,58.6
10,1778098079.572306,1,40572,0.102793,0.036712,-0.161054,59.6
10,1778098079.5941632,1,40595,0.102974,0.036651,-0.161238,59.6
10,1778098079.664004,1,40662,0.103282,0.03683,-0.161713,58.6
10,1778098079.7557342,1,40751,0.103691,0.036899,-0.16227,58.6
10,1778098080.0241797,1,41022,0.105089,0.037644,-0.164127,59.6
10,1778098080.4730048,1,41472,0.106668,0.03973,-0.167374,59.6
10,1778098080.5692563,1,41562,0.107205,0.039552,-0.16792,59.6
10,1778098080.5942938,1,41595,0.107426,0.039457,-0.168196,59.6
10,1778098080.7993672,1,41795,0.10818,0.040146,-0.1698,59.6
10,1778098080.8454285,1,41845,0.108564,0.040006,-0.170142,59.6
10,1778098096.013396,1,56995,0.176602,0.070472,-0.2675,60.6
10,1778098099.0374224,1,60021,0.190753,0.075867,-0.289144,60.6
10,1778098099.1253126,1,60111,0.191078,0.075778,-0.289673,60.6
10,1778098099.4728985,1,60471,0.192803,0.075865,-0.292201,60.6
10,1778098099.5697885,1,60561,0.193198,0.076069,-0.292872,60.6
10,1778098100.6452599,1,61645,0.198138,0.078046,-0.300336,60.6
10,1778098101.0677938,1,62045,0.200013,0.078435,-0.302965,60.6
10,1778098101.2209992,1,62195,0.200525,0.079074,-0.30396,61.6
10,1778098101.362991,1,62362,0.201212,0.07927,-0.305112,60.6
10,1778098102.4957297,1,63495,0.206821,0.081071,-0.312938,60.6
10,1778098102.5559905,1,63545,0.206848,0.081399,-0.313346,60.6
10,1778098102.623846,1,63623,0.207297,0.081357,-0.313992,60.6
10,1778098103.4124832,1,64395,0.209973,0.08332,-0.31906,60.6
10,1778098104.6040363,1,65603,0.215877,0.084938,-0.327311,61.6
10,1778098104.6519933,1,65645,0.216029,0.084759,-0.327666,60.6
10,1778098104.7047617,1,65695,0.216086,0.085461,-0.327927,60.6
10,1778098104.7467694,1,65745,0.216206,0.08586,-0.328398,60.6
10,1778098104.9680336,1,65964,0.217551,0.085559,-0.329844,60.6
10,1778098105.0022843,1,65995,0.21776,0.085506,-0.330098,60.6
10,1778098105.217216,1,66195,0.218536,0.086416,-0.33134,61.6
10,1778098105.5483484,1,66545,0.220025,0.087645,-0.333749,61.6
10,1778098105.7854173,1,66774,0.220994,0.088161,-0.335378,60.6
10,1778098105.8705652,1,66864,0.221374,0.088355,-0.336065,60.6
10,1778098106.0046213,1,66995,0.222174,0.08835,-0.336967,60.6
10,1778098106.3151195,1,67314,0.223488,0.088945,-0.339125,60.6
10,1778098106.3642027,1,67345,0.223606,0.088934,-0.339359,60.6
10,1778098106.4050221,1,67404,0.224032,0.089042,-0.339766,60.6
10,1778098106.4455009,1,67445,0.224275,0.089054,-0.340126,60.6
10,1778098106.5478373,1,67545,0.224943,0.089225,-0.34086,60.6
10,1778098106.855174,1,67855,0.226671,0.09016,-0.343025,60.6
10,1778098106.896474,1,67895,0.226823,0.090257,-0.343359,60.6
10,1778098106.9523442,1,67944,0.227189,0.090257,-0.34371,60.6
10,1778098107.0012002,1,67995,0.227513,0.090229,-0.344112,60.6
10,1778098107.045862,1,68045,0.227669,0.090558,-0.344431,60.6
10,1778098107.1353223,1,68125,0.228058,0.090594,-0.345152,60.6
10,1778098107.2464802,1,68245,0.228755,0.09058,-0.346042,61.6
10,1778098107.371994,1,68345,0.229236,0.090832,-0.34683,60.6
10,1778098107.4468143,1,68445,0.229693,0.090959,-0.347511,60.6
10,1778098107.514164,1,68495,0.229919,0.091112,-0.347937,60.6
10,1778098107.576693,1,68575,0.230217,0.091144,-0.348442,60.6
10,1778098107.6013882,1,68595,0.230296,0.091136,-0.348599,60.6
10,1778098107.6952124,1,68695,0.230929,0.091271,-0.349333,60.6
10,1778098107.768183,1,68755,0.231278,0.091513,-0.34989,60.6
10,1778098107.7985978,1,68795,0.231489,0.091603,-0.350241,60.6
10,1778098117.1321018,1,78121,0.275095,0.107891,-0.41051,61.6
10,1778098117.16688,1,78145,0.275257,0.107742,-0.410585,61.6
10,1778098117.8470194,1,78845,0.278108,0.108946,-0.414482,61.6
10,1778098118.402283,1,79395,0.279779,0.10981,-0.417323,61.6
10,1778098118.7450204,1,79745,0.281513,0.109098,-0.419219,61.6
10,1778098119.4648013,1,80461,0.284457,0.110127,-0.423291,61.6
10,1778098119.495191,1,80495,0.284597,0.110245,-0.423518,61.6
10,1778098120.2144098,1,81195,0.287865,0.109813,-0.427411,61.6
10,1778098120.2945795,1,81272,0.288029,0.109939,-0.427862,61.6
10,1778098120.601704,1,81595,0.289621,0.108808,-0.429426,61.6
10,1778098120.921628,1,81902,0.290518,0.110243,-0.431209,61.6
10,1778098120.9580684,1,81945,0.290564,0.110666,-0.431468,61.6
10,1778098121.0949962,1,82095,0.291233,0.110382,-0.43222,61.6
10,1778098121.237819,1,82195,0.291722,0.110445,-0.432925,61.6
10,1778098121.2957952,1,82295,0.291753,0.111273,-0.433232,61.6
10,1778098121.36012,1,82352,0.291961,0.110646,-0.433459,61.6
10,1778098121.4896624,1,82445,0.292424,0.110598,-0.434097,61.6
10,1778098121.5608263,1,82545,0.29281,0.11047,-0.434432,61.6
10,1778098121.7195492,1,82713,0.293089,0.110979,-0.43506,61.6
10,1778098121.880037,1,82845,0.293399,0.111006,-0.435723,61.6
10,1778098122.0721836,1,83072,0.294101,0.111517,-0.436815,61.6
10,1778098122.0997667,1,83095,0.29412,0.111578,-0.436994,61.6
10,1778098122.1899824,1,83163,0.294632,0.111474,-0.437471,60.6
10,1778098122.2523913,1,83252,0.295074,0.111305,-0.437904,61.6
10,1778098122.353828,1,83345,0.295284,0.11146,-0.438369,61.6
10,1778098122.4449978,1,83445,0.295996,0.111122,-0.439052,61.6
10,1778098122.8452,1,83845,0.297696,0.112148,-0.441656,61.6
10,1778098123.2299151,1,84195,0.299353,0.112277,-0.443497,61.6
10,1778098123.3456755,1,84345,0.299714,0.112476,-0.444131,61.6
10,1778098123.6975672,1,84695,0.300581,0.114606,-0.445854,61.6
10,1778098123.8905363,1,84874,0.301646,0.114471,-0.446955,61.6
10,1778098124.244847,1,85245,0.302825,0.114825,-0.44843,61.6
10,1778098124.429323,1,85413,0.303638,0.115394,-0.449705,60.6
10,1778098124.9548526,1,85953,0.305734,0.115832,-0.452833,61.6
10,1778098125.325272,1,86314,0.30701,0.116386,-0.454855,61.6
10,1778098125.446078,1,86445,0.307337,0.117159,-0.455462,61.6
10,1778098125.8662157,1,86854,0.308983,0.116255,-0.457393,61.6
10,1778098125.9977264,1,86995,0.309739,0.115106,-0.457908,61.6
10,1778098126.602846,1,87576,0.311817,0.11534,-0.461139,61.6
10,1778098126.6948311,1,87695,0.312565,0.114836,-0.4617,61.6
10,1778098126.7777996,1,87755,0.312571,0.115549,-0.462145,60.6
10,1778098126.9107752,1,87895,0.313029,0.11591,-0.462877,61.6
10,1778098126.9720604,1,87945,0.313292,0.115525,-0.463201,61.6
10,1778098127.0264218,1,88025,0.313385,0.115941,-0.463662,61.6
10,1778098127.2142904,1,88205,0.314007,0.116246,-0.464586,61.6
10,1778098128.1641436,1,89145,0.317683,0.115867,-0.469749,61.6
10,1778098128.219833,1,89195,0.317595,0.116736,-0.469968,61.6
10,1778098128.2577133,1,89245,0.317624,0.117081,-0.470095,61.6
10,1778098128.394998,1,89376,0.318241,0.116766,-0.470924,60.6
10,1778098128.6070168,1,89595,0.319048,0.116854,-0.472285,61.6
10,1778098128.9313574,1,89915,0.320522,0.116476,-0.474087,61.6
10,1778098128.958307,1,89945,0.320681,0.116416,-0.474272,61.6
10,1778098129.41257,1,90395,0.32217,0.117469,-0.476477,62.6
10,1778098129.5967896,1,90595,0.322691,0.117599,-0.477559,61.6
10,1778098129.6459484,1,90645,0.32284,0.117974,-0.477848,61.6
10,1778098130.8462791,1,91845,0.328227,0.117878,-0.484826,61.6
10,1778098131.5332155,1,92495,0.33039,0.11969,-0.488778,61.6
10,1778098131.7447562,1,92745,0.331612,0.120542,-0.490276,61.6
10,1778098133.6945853,1,94695,0.340213,0.124115,-0.502574,61.6
10,1778098139.0396385,1,100001,0.358581,0.136794,-0.525906,63.6
10,1778098139.0456557,1,100045,0.358544,0.136976,-0.526105,63.6
10,1778098139.349044,1,100295,0.359665,0.136649,-0.527525,62.6
10,1778098139.3992615,1,100395,0.360134,0.136984,-0.528014,62.6
11,1778098172.4848194,1,21089,-1.682406e-06,2.343978e-06,-8.4e-05,53.6
11,1778098172.6179004,1,21207,-0.000405,-0.000874,0.000765,53.6
11,1778098172.6313467,1,21239,-0.000501,-0.001055,0.001063,54.6
11,1778098172.6903002,1,21296,-0.000749,-0.00096,0.001303,54.6
11,1778098172.7297387,1,21339,-0.00097,-0.000912,0.001529,54.6
11,1778098172.7836769,1,21389,-0.000954,-0.0014,0.001817,54.6
11,1778098172.8313887,1,21439,-0.001046,-0.001727,0.002001,54.6
11,1778098172.8827357,1,21489,-0.001443,-0.00116,0.002279,54.6
11,1778098172.9592135,1,21566,-0.001602,-0.001412,0.002607,54.6
11,1778098172.983514,1,21589,-0.001645,-0.001463,0.002742,54.6
11,1778098173.0570827,1,21657,-0.001731,-0.001938,0.003137,54.6
11,1778098173.079972,1,21689,-0.001789,-0.002153,0.003197,54.6
11,1778098173.1467364,1,21746,-0.002061,-0.001956,0.00354,54.6
11,1778098173.1829197,1,21789,-0.002214,-0.001909,0.003702,54.6
11,1778098173.2306423,1,21839,-0.002523,-0.001765,0.004034,54.6
11,1778098173.2867544,1,21889,-0.002787,-0.001631,0.004309,54.6
11,1778098173.329969,1,21939,-0.002767,-0.002251,0.004725,54.6
11,1778098173.4082365,1,22016,-0.003032,-0.002508,0.005004,54.6
11,1778098173.4307756,1,22039,-0.003097,-0.002563,0.005053,54.6
11,1778098173.4989467,1,22106,-0.003257,-0.002349,0.005415,54.6
11,1778098173.5307755,1,22139,-0.003319,-0.002294,0.005503,54.6
11,1778098173.5935338,1,22196,-0.003639,-0.002243,0.006015,55.6
11,1778098173.6329389,1,22239,-0.003815,-0.00217,0.006348,55.6
11,1778098173.6889398,1,22289,-0.003843,-0.003106,0.006728,55.6
11,1778098173.7317624,1,22339,-0.003972,-0.003572,0.007084,55.6
11,1778098173.779966,1,22389,-0.00432,-0.003825,0.007413,55.6
11,1778098173.8597941,1,22466,-0.004606,-0.003977,0.007709,54.6
11,1778098173.8878632,1,22489,-0.004681,-0.004016,0.007783,54.6
11,1778098173.9568543,1,22556,-0.004899,-0.003934,0.008211,55.6
11,1778098173.981766,1,22589,-0.004998,-0.003906,0.008363,55.6
11,1778098174.0405364,1,22646,-0.005322,-0.003995,0.008807,55.6
11,1778098174.086285,1,22689,-0.005526,-0.004014,0.008958,55.6
11,1778098174.1346645,1,22739,-0.00571,-0.004103,0.009295,55.6
11,1778098174.1867144,1,22789,-0.005926,-0.004153,0.009509,55.6
11,1778098174.229824,1,22839,-0.006084,-0.004523,0.009855,55.6
11,1778098174.3166583,1,22917,-0.00635,-0.004733,0.010198,54.6
11,1778098174.3330038,1,22939,-0.00642,-0.004782,0.010316,55.6
11,1778098174.403733,1,23006,-0.0066,-0.00465,0.010666,55.6
11,1778098174.4363968,1,23039,-0.006686,-0.004595,0.010745,55.6
11,1778098174.4884584,1,23096,-0.006802,-0.004727,0.011108,55.6
11,1778098174.5306265,1,23139,-0.006896,-0.004773,0.011275,55.6
11,1778098174.5818143,1,23189,-0.007034,-0.004868,0.011538,55.6
11,1778098174.6331663,1,23239,-0.007175,-0.004927,0.011808,55.6
11,1778098174.6877346,1,23289,-0.007366,-0.005048,0.012154,55.6
11,1778098174.7579045,1,23366,-0.007684,-0.004935,0.012503,55.6
11,1778098174.7878973,1,23389,-0.007764,-0.004896,0.012624,55.6
11,1778098174.8533664,1,23456,-0.00798,-0.004886,0.012993,55.6
11,1778098174.8796937,1,23489,-0.00808,-0.004867,0.013264,55.6
11,1778098174.9417918,1,23547,-0.008082,-0.005482,0.013628,55.6
11,1778098174.9839952,1,23589,-0.008118,-0.00577,0.013851,55.6
11,1778098175.0328095,1,23639,-0.008541,-0.0053,0.014156,55.6
11,1778098175.090826,1,23689,-0.008887,-0.005076,0.01437,55.6
11,1778098175.1407866,1,23739,-0.008712,-0.005691,0.014686,55.6
11,1778098175.2168102,1,23817,-0.009118,-0.005699,0.015181,55.6
11,1778098183.9525926,1,32551,-0.050881,-0.028497,0.083651,59.6
11,1778098184.0337996,1,32641,-0.051289,-0.028873,0.084315,59.6
11,1778098184.0866897,1,32689,-0.051401,-0.029109,0.084544,59.6
11,1778098184.1337075,1,32739,-0.051645,-0.029178,0.084899,59.6
11,1778098184.214112,1,32789,-0.051918,-0.029337,0.085196,59.6
11,1778098184.2316384,1,32839,-0.052166,-0.029371,0.085492,59.6
11,1778098184.308697,1,32911,-0.052363,-0.029546,0.085865,58.6
11,1778098184.3345206,1,32939,-0.052407,-0.029593,0.086068,58.6
11,1778098184.3955257,1,33002,-0.052697,-0.02953,0.086476,58.6
11,1778098184.4353864,1,33039,-0.052785,-0.02952,0.086697,58.6
11,1778098184.484278,1,33091,-0.052894,-0.030124,0.087158,59.6
11,1778098184.5315685,1,33139,-0.053052,-0.030434,0.087438,58.6
11,1778098184.5837226,1,33189,-0.053447,-0.029931,0.087778,58.6
11,1778098184.7696106,1,33362,-0.054276,-0.030274,0.088999,59.6
11,1778098184.7899923,1,33389,-0.054382,-0.030291,0.089167,59.6
11,1778098184.876829,1,33452,-0.054781,-0.030247,0.089508,58.6
11,1778098184.8929095,1,33489,-0.055014,-0.030234,0.089826,59.6
11,1778098185.0317888,1,33639,-0.055564,-0.030573,0.090918,59.6
11,1778098185.082379,1,33689,-0.055754,-0.030641,0.091179,58.6
11,1778098185.1338015,1,33739,-0.055961,-0.030908,0.091474,58.6
11,1778098185.2213395,1,33812,-0.056286,-0.031015,0.091927,58.6
11,1778098185.231406,1,33839,-0.056418,-0.031062,0.092138,59.6
11,1778098185.2968445,1,33902,-0.056447,-0.031213,0.092401,58.6
11,1778098185.3336334,1,33939,-0.056517,-0.031301,0.092534,58.6
11,1778098185.387724,1,33992,-0.056705,-0.031381,0.092865,58.6
11,1778098185.4348876,1,34039,-0.056785,-0.03146,0.093098,58.6
11,1778098185.4814606,1,34089,-0.057099,-0.031427,0.093537,58.6
11,1778098185.545611,1,34139,-0.057312,-0.031443,0.093757,58.6
11,1778098185.604708,1,34189,-0.05748,-0.031613,0.094137,58.6
11,1778098185.6653059,1,34262,-0.057801,-0.031894,0.094704,58.6
11,1778098185.6914568,1,34289,-0.057908,-0.03199,0.09485,59.6
11,1778098185.7447538,1,34352,-0.058128,-0.032295,0.095291,58.6
11,1778098185.7862263,1,34389,-0.058219,-0.032458,0.09552,58.6
11,1778098185.8344932,1,34442,-0.058459,-0.032595,0.095872,58.6
11,1778098185.8835773,1,34489,-0.058667,-0.032742,0.096121,58.6
11,1778098185.9313912,1,34539,-0.058933,-0.032471,0.096392,58.6
11,1778098185.981551,1,34589,-0.059197,-0.032388,0.096583,58.6
11,1778098186.0313966,1,34639,-0.059151,-0.03271,0.096952,58.6
11,1778098186.106527,1,34712,-0.059372,-0.03279,0.097232,58.6
11,1778098186.131328,1,34739,-0.059447,-0.032828,0.097322,58.6
11,1778098186.201446,1,34802,-0.059522,-0.032927,0.097739,58.6
11,1778098186.23127,1,34839,-0.059615,-0.032995,0.097983,58.6
11,1778098186.2918677,1,34893,-0.059844,-0.032953,0.098279,58.6
11,1778098186.331417,1,34939,-0.060026,-0.03296,0.098544,58.6
11,1778098186.3950014,1,34989,-0.060071,-0.033241,0.098825,58.6
11,1778098186.4320598,1,35039,-0.060165,-0.033444,0.099206,58.6
11,1778098186.4813256,1,35089,-0.060505,-0.03303,0.099556,58.6
11,1778098186.558742,1,35162,-0.06072,-0.033257,0.099919,58.6
11,1778098186.581468,1,35189,-0.06079,-0.033318,0.100109,58.6
11,1778098186.6466928,1,35253,-0.060912,-0.033642,0.100439,58.6
11,1778098186.6835625,1,35289,-0.060976,-0.033781,0.100644,58.6
11,1778098186.7368271,1,35343,-0.061374,-0.033624,0.101019,58.6
11,1778098186.7907236,1,35389,-0.061585,-0.033593,0.101269,58.6
11,1778098186.8327065,1,35439,-0.061699,-0.03369,0.101614,58.6
11,1778098186.8845332,1,35489,-0.061877,-0.033727,0.101957,58.6
11,1778098186.931387,1,35539,-0.062217,-0.033571,0.102295,58.6
11,1778098187.0067813,1,35613,-0.062408,-0.033865,0.102679,58.6
11,1778098187.0321803,1,35639,-0.062466,-0.033936,0.102816,58.6
11,1778098187.1009579,1,35703,-0.062752,-0.033919,0.103169,58.6
11,1778098187.1313305,1,35739,-0.062875,-0.033933,0.103396,58.6
11,1778098187.1936238,1,35793,-0.063063,-0.034215,0.103812,58.6
11,1778098187.231315,1,35839,-0.063212,-0.034362,0.104063,58.6
11,1778098187.2908287,1,35889,-0.063295,-0.034418,0.104378,58.6
11,1778098187.3313456,1,35939,-0.063435,-0.034526,0.104682,58.6
11,1778098187.4167044,1,35989,-0.063567,-0.034989,0.104951,58.6
11,1778098187.4558368,1,36063,-0.064001,-0.034716,0.105465,58.6
11,1778098187.5792427,1,36153,-0.06439,-0.034811,0.10605,58.6
11,1778098187.6355567,1,36243,-0.064777,-0.035026,0.106832,58.6
11,1778098189.71934,1,38314,-0.073792,-0.040094,0.121273,59.6
11,1778098189.740393,1,38339,-0.073894,-0.040056,0.121435,59.6
11,1778098190.0529313,1,38639,-0.075357,-0.040196,0.123811,59.6
11,1778098194.931118,1,43539,-0.099912,-0.050724,0.163509,60.6
11,1778098198.8027234,1,47408,-0.119235,-0.059872,0.193961,60.6
11,1778098198.8334918,1,47439,-0.119397,-0.060196,0.19421,60.6
11,1778098270.1146986,1,20589,3.623871e-07,-1.283705e-06,-0.000218,52.6
11,1778098270.1673284,1,20639,7.344995e-07,5.678915e-06,-7.6e-05,53.6
11,1778098270.230748,1,20708,-0.00063,0.001465,0.000155,53.6
11,1778098270.2637932,1,20739,-0.000738,0.001721,0.000203,53.6
11,1778098270.3121052,1,20792,-0.000771,0.001271,0.000496,53.6
11,1778098270.3740299,1,20839,-0.000838,0.001121,0.000655,53.6
11,1778098270.4078498,1,20889,-0.001067,0.001564,0.00088,53.6
11,1778098270.484806,1,20963,-0.001175,0.001586,0.001052,53.6
11,1778098270.5087152,1,20989,-0.00118,0.001586,0.001153,53.6
11,1778098271.9236193,1,22139,-0.004066,0.001145,0.006477,55.6
12,1778100789.6187947,2,14685,,,,
12,1778100789.7487545,2,14695,,,,
12,1778100789.7487864,2,14705,,,,
12,1778100789.7487984,2,14715,,,,
12,1778100789.748808,2,14725,,,,
12,1778100789.7488167,2,14735,,,,
12,1778100789.748835,2,14745,,,,
12,1778100789.7488441,2,14755,,,,
12,1778100789.7488534,2,14765,,,,
12,1778100789.7488656,2,14775,,,,
12,1778100789.7488754,2,14785,,,,
12,1778100789.748898,2,14795,,,,
12,1778100789.7489102,2,14805,,,,
12,1778100789.748921,2,14815,,,,
12,1778100789.7558024,2,14825,,,,
12,1778100789.7777247,2,14835,,,,
12,1778100789.7777684,2,14845,,,,
12,1778100789.786752,2,14855,,,,
12,1778100789.7958527,2,14865,,,,
12,1778100789.8111432,2,14875,,,,
12,1778100789.8161488,2,14885,,,,
12,1778100789.825832,2,14895,,,,
12,1778100789.8404202,2,14905,,,,
12,1778100789.8464465,2,14915,,,,
12,1778100789.855899,2,14925,,,,
12,1778100789.8657784,2,14935,,,,
12,1778100789.8757627,2,14945,,,,
12,1778100789.886196,2,14955,,,,
12,1778100789.8966925,2,14965,,,,
12,1778100789.909903,2,14975,,,,
12,1778100789.9197795,2,14985,,,,
12,1778100789.9275043,2,14995,,,,
12,1778100789.9363673,2,15005,,,,
12,1778100789.9472709,2,15015,,,,
12,1778100789.9559844,2,15025,,,,
12,1778100789.9672046,2,15035,,,,
12,1778100789.9758666,2,15045,,,,
12,1778100789.9859047,2,15055,,,,
12,1778100789.9964306,2,15065,,,,
12,1778100790.0070677,2,15075,,,,
12,1778100790.0177526,2,15085,,,,
12,1778100790.028645,2,15095,,,,
12,1778100790.0378776,2,15105,,,,
12,1778100790.0489998,2,15115,,,,
12,1778100790.0608206,2,15125,,,,
12,1778100790.0698946,2,15135,,,,
12,1778100790.076768,2,15145,,,,
12,1778100790.0867565,2,15155,,,,
12,1778100790.0977669,2,15165,,,,
12,1778100790.1117172,2,15175,,,,
12,1778100790.1182952,2,15185,,,,
12,1778100790.1259084,2,15195,,,,
12,1778100790.136395,2,15205,,,,
12,1778100790.1553981,2,15215,,,,
12,1778100790.1556666,2,15225,,,,
12,1778100790.1672673,2,15235,,,,
12,1778100790.1845055,2,15245,,,,
12,1778100790.189486,2,15255,,,,
12,1778100790.1983483,2,15265,,,,
12,1778100790.2135754,2,15275,,,,
12,1778100790.2226524,2,15285,,,,
12,1778100790.22892,2,15295,,,,
12,1778100790.236965,2,15305,,,,
12,1778100790.2509177,2,15315,,,,
12,1778100790.2561185,2,15325,,,,
12,1778100790.2667706,2,15335,,,,
12,1778100790.2757964,2,15345,,,,
12,1778100790.2898169,2,15355,,,,
12,1778100790.2959378,2,15365,,,,
12,1778100790.3063939,2,15375,,,,
12,1778100790.3188167,2,15385,,,,
12,1778100790.337725,2,15395,,,,
12,1778100790.3377762,2,15405,,,,
12,1778100790.3496766,2,15415,,,,
12,1778100790.3564427,2,15425,,,,
12,1778100790.3744638,2,15435,,,,
12,1778100790.3783135,2,15445,,,,
12,1778100790.3861988,2,15455,,,,
12,1778100790.3977468,2,15465,,,,
12,1778100790.410072,2,15475,,,,
12,1778100790.415756,2,15485,,,,
12,1778100790.4259102,2,15495,,,,
12,1778100790.4360201,2,15505,,,,
12,1778100790.4458148,2,15515,,,,
12,1778100790.4623263,2,15525,,,,
12,1778100790.4658365,2,15535,,,,
12,1778100790.488772,2,15545,,,,
12,1778100790.488796,2,15555,,,,
12,1778100790.4975688,2,15565,,,,
12,1778100790.5072196,2,15575,,,,
12,1778100790.5176575,2,15585,,,,
12,1778100790.5286498,2,15595,,,,
12,1778100790.5359008,2,15605,,,,
12,1778100790.5481668,2,15615,,,,
12,1778100790.5561733,2,15625,,,,
12,1778100790.5658782,2,15635,,,,
12,1778100790.5758138,2,15645,,,,
12,1778100790.5858302,2,15655,,,,
12,1778100790.5958595,2,15665,,,,
12,1778100790.6118767,2,15675,,,,
12,1778100790.6167727,2,15685,,,,
12,1778100790.6307552,2,15695,,,,
12,1778100790.637806,2,15705,,,,
12,1778100790.6459057,2,15715,,,,
12,1778100790.6586702,2,15725,,,,
12,1778100790.6707277,2,15735,,,,
12,1778100790.678215,2,15745,,,,
12,1778100790.6858602,2,15755,,,,
12,1778100790.6980486,2,15765,,,,
12,1778100790.7070918,2,15775,,,,
12,1778100790.7181227,2,15785,,,,
12,1778100790.7292116,2,15795,,,,
12,1778100790.740982,2,15805,,,,
12,1778100790.7461367,2,15815,,,,
12,1778100790.7579272,2,15825,,,,
12,1778100790.7660685,2,15835,,,,
12,1778100790.7773776,2,15845,,,,
12,1778100790.7861452,2,15855,,,,
12,1778100790.7958124,2,15865,,,,
12,1778100790.8077672,2,15875,,,,
12,1778100790.8204043,2,15885,,,,
12,1778100790.8258584,2,15895,,,,
12,1778100790.8409,2,15905,,,,
12,1778100790.8456197,2,15915,,,,
12,1778100790.8617015,2,15925,,,,
12,1778100790.8680758,2,15935,,,,
12,1778100790.882794,2,15945,,,,
12,1778100790.8854458,2,15955,,,,
12,1778100790.8956857,2,15965,,,,
12,1778100790.9059062,2,15975,,,,
12,1778100790.915824,2,15985,,,,
12,1778100790.9300542,2,15995,,,,
12,1778100790.9371665,2,16005,,,,
12,1778100790.946331,2,16015,,,,
12,1778100790.9555366,2,16025,,,,
12,1778100790.9674127,2,16035,,,,
12,1778100790.9770668,2,16045,,,,
12,1778100790.9857213,2,16055,,,,
12,1778100790.9953945,2,16065,,,,
12,1778100791.0083802,2,16075,,,,
12,1778100791.0159035,2,16085,,,,
12,1778100791.025768,2,16095,,,,
12,1778100791.0412307,2,16105,,,,
12,1778100791.0484607,2,16115,,,,
12,1778100791.0558925,2,16125,,,,
12,1778100791.0669215,2,16135,,,,
12,1778100791.0768874,2,16145,,,,
12,1778100791.0885801,2,16155,,,,
12,1778100791.097651,2,16165,,,,
12,1778100791.1058993,2,16175,,,,
12,1778100791.11594,2,16185,,,,
12,1778100791.129236,2,16195,,,,
12,1778100791.142052,2,16205,,,,
12,1778100791.1468794,2,16215,,,,
12,1778100791.156084,2,16225,,,,
12,1778100791.1726155,2,16235,,,,
12,1778100791.1827466,2,16245,,,,
12,1778100791.187847,2,16255,,,,
12,1778100791.1968212,2,16265,,,,
12,1778100791.208566,2,16275,,,,
12,1778100791.2177675,2,16285,,,,
12,1778100791.228802,2,16295,,,,
12,1778100791.2358794,2,16305,,,,
12,1778100791.251128,2,16315,,,,
12,1778100791.2558131,2,16325,,,,
12,1778100791.265759,2,16335,,,,
12,1778100791.2787156,2,16345,,,,
12,1778100791.2861543,2,16355,,,,
12,1778100791.2956479,2,16365,,,,
12,1778100791.31225,2,16375,,,,
12,1778100791.3177361,2,16385,,,,
12,1778100791.3278203,2,16395,,,,
12,1778100791.336653,2,16405,,,,
12,1778100791.346839,2,16415,,,,
12,1778100791.3566723,2,16425,,,,
12,1778100791.3709207,2,16435,,,,
12,1778100791.3880417,2,16445,,,,
12,1778100791.3881176,2,16455,,,,
12,1778100791.4072146,2,16465,,,,
12,1778100791.4076455,2,16475,,,,
12,1778100791.4233665,2,16485,,,,
12,1778100791.42597,2,16495,,,,
12,1778100791.4358275,2,16505,,,,
12,1778100791.4567654,2,16515,,,,
12,1778100791.4597647,2,16525,,,,
12,1778100791.4657347,2,16535,,,,
12,1778100791.4768515,2,16545,,,,
12,1778100791.4862366,2,16555,,,,
12,1778100791.5008922,2,16565,,,,
12,1778100791.50639,2,16575,,,,
12,1778100791.5168488,2,16585,,,,
12,1778100791.5294538,2,16595,,,,
12,1778100791.53877,2,16605,,,,
12,1778100791.5477183,2,16615,,,,
12,1778100791.5563297,2,16625,,,,
12,1778100791.5661561,2,16635,,,,
12,1778100791.5761511,2,16645,,,,
12,1778100791.5881991,2,16655,,,,
12,1778100791.597802,2,16665,,,,
12,1778100791.6063147,2,16675,,,,
12,1778100791.6158335,2,16685,,,,
12,1778100791.6267898,2,16695,,,,
12,1778100791.6374102,2,16705,,,,
12,1778100791.6468537,2,16715,,,,
12,1778100791.6583822,2,16725,,,,
12,1778100791.6658762,2,16735,,,,
12,1778100791.6758006,2,16745,,,,
12,1778100791.6897254,2,16755,,,,
12,1778100791.6981702,2,16765,,,,
12,1778100791.7071376,2,16775,,,,
12,1778100791.7179725,2,16785,,,,
12,1778100791.7258158,2,16795,,,,
12,1778100791.7376695,2,16805,,,,
12,1778100791.7464805,2,16815,,,,
12,1778100791.7577984,2,16825,,,,
12,1778100791.765749,2,16835,,,,
12,1778100791.7777774,2,16845,,,,
12,1778100791.7938514,2,16855,,,,
12,1778100791.7960548,2,16865,,,,
12,1778100791.805796,2,16875,,,,
12,1778100791.8158803,2,16885,,,,
12,1778100791.8257325,2,16895,,,,
12,1778100791.8361905,2,16905,,,,
12,1778100791.8456392,2,16915,,,,
12,1778100791.8640728,2,16925,,,,
12,1778100791.8729055,2,16935,,,,
12,1778100791.8758554,2,16945,,,,
12,1778100791.8890185,2,16955,,,,
12,1778100791.9005544,2,16965,,,,
12,1778100791.9058464,2,16975,,,,
12,1778100791.9161913,2,16985,,,,
12,1778100791.927201,2,16995,,,,
12,1778100791.9360743,2,17005,,,,
12,1778100791.9459405,2,17015,,,,
12,1778100791.9573739,2,17025,,,,
12,1778100791.967151,2,17035,,,,
12,1778100791.9759212,2,17045,,,,
12,1778100791.9862971,2,17055,,,,
12,1778100791.9970253,2,17065,,,,
12,1778100792.0058749,2,17075,,,,
12,1778100792.0169458,2,17085,,,,
12,1778100792.0297904,2,17095,,,,
12,1778100792.0368245,2,17105,,,,
12,1778100792.046208,2,17115,,,,
12,1778100792.0695496,2,17125,,,,
12,1778100792.0695817,2,17135,,,,
12,1778100792.0763772,2,17145,,,,
12,1778100792.0859807,2,17155,,,,
12,1778100792.1029654,2,17165,,,,
12,1778100792.1097467,2,17175,,,,
12,1778100792.1167192,2,17185,,,,
12,1778100792.1289322,2,17195,,,,
12,1778100792.1358461,2,17205,,,,
12,1778100792.1462553,2,17215,,,,
12,1778100792.156878,2,17225,,,,
12,1778100792.16684,2,17235,,,,
12,1778100792.177737,2,17245,,,,
12,1778100792.186339,2,17255,,,,
12,1778100792.1967385,2,17265,,,,
12,1778100792.207828,2,17275,,,,
12,1778100792.2162046,2,17285,,,,
12,1778100792.2272735,2,17295,,,,
12,1778100792.2366624,2,17305,,,,
12,1778100792.245822,2,17315,,,,
12,1778100792.2559574,2,17325,,,,
12,1778100792.268459,2,17335,,,,
12,1778100792.2777495,2,17345,,,,
12,1778100792.2977834,2,17355,,,,
12,1778100792.307609,2,17365,,,,
12,1778100792.3101468,2,17375,,,,
12,1778100792.3157856,2,17385,,,,
12,1778100792.32592,2,17395,,,,
12,1778100792.3368042,2,17405,,,,
12,1778100792.346773,2,17415,,,,
12,1778100792.357509,2,17425,,,,
12,1778100792.3707995,2,17435,,,,
12,1778100792.37596,2,17445,,,,
12,1778100792.3862424,2,17455,,,,
12,1778100792.3964431,2,17465,,,,
12,1778100792.4077895,2,17475,,,,
12,1778100792.4158719,2,17485,,,,
12,1778100792.4261155,2,17495,,,,
12,1778100792.4414446,2,17505,,,,
12,1778100792.446611,2,17515,,,,
12,1778100792.4587405,2,17525,,,,
12,1778100792.4677851,2,17535,,,,
12,1778100792.4808636,2,17545,,,,
12,1778100792.486247,2,17555,,,,
12,1778100792.4988043,2,17565,,,,
12,1778100792.5102735,2,17575,,,,
12,1778100792.517063,2,17585,,,,
12,1778100792.5261354,2,17595,,,,
12,1778100792.536373,2,17605,,,,
12,1778100792.5459516,2,17615,,,,
12,1778100792.5571694,2,17625,,,,
12,1778100792.5671167,2,17635,,,,
12,1778100792.5824714,2,17645,,,,
12,1778100792.5874896,2,17655,,,,
12,1778100792.5998397,2,17665,,,,
12,1778100792.6093853,2,17675,,,,
12,1778100792.6187236,2,17685,,,,
12,1778100792.6258717,2,17695,,,,
12,1778100792.6391604,2,17705,,,,
12,1778100792.6460843,2,17715,,,,
12,1778100792.6561308,2,17725,,,,
12,1778100792.665744,2,17735,,,,
12,1778100792.6827226,2,17745,,,,
12,1778100792.6859436,2,17755,,,,
12,1778100792.6980336,2,17765,,,,
12,1778100792.7120996,2,17775,,,,
12,1778100792.719848,2,17785,,,,
12,1778100792.7274697,2,17795,,,,
12,1778100792.7378545,2,17805,,,,
12,1778100792.7468565,2,17815,,,,
12,1778100792.758891,2,17825,,,,
12,1778100792.765734,2,17835,,,,
12,1778100792.7769508,2,17845,,,,
12,1778100792.7868001,2,17855,,,,
12,1778100792.796549,2,17865,,,,
12,1778100792.8062942,2,17875,,,,
12,1778100792.8177795,2,17885,,,,
12,1778100792.8261487,2,17895,,,,
12,1778100792.8530297,2,17905,,,,
12,1778100792.8550627,2,17915,,,,
12,1778100792.8618686,2,17925,,,,
12,1778100792.8687732,2,17935,,,,
12,1778100792.8878567,2,17945,,,,
12,1778100792.8895192,2,17955,,,,
12,1778100792.895586,2,17965,,,,
12,1778100792.9097242,2,17975,,,,
12,1778100792.9230323,2,17985,,,,
12,1778100792.9256945,2,17995,,,,
12,1778100792.9358025,2,18005,,,,
12,1778100792.9461489,2,18015,,,,
12,1778100792.9581327,2,18025,,,,
12,1778100792.9667737,2,18035,,,,
12,1778100792.9769154,2,18045,,,,
12,1778100792.9856935,2,18055,,,,
12,1778100792.9958227,2,18065,,,,
12,1778100793.008777,2,18075,,,,
12,1778100793.0227308,2,18085,,,,
12,1778100793.027706,2,18095,,,,
12,1778100793.0408912,2,18105,,,,
12,1778100793.047581,2,18115,,,,
12,1778100793.0568976,2,18125,,,,
12,1778100793.0660853,2,18135,,,,
12,1778100793.0766752,2,18145,,,,
12,1778100793.0876412,2,18155,,,,
12,1778100793.0958357,2,18165,,,,
12,1778100793.1058304,2,18175,,,,
12,1778100793.1218076,2,18185,,,,
12,1778100793.1269794,2,18195,,,,
12,1778100793.1445897,2,18205,,,,
12,1778100793.145903,2,18215,,,,
12,1778100793.1597996,2,18225,,,,
12,1778100793.1679893,2,18235,,,,
12,1778100793.1757116,2,18245,,,,
12,1778100793.1959076,2,18255,,,,
12,1778100793.201845,2,18265,,,,
12,1778100793.2145584,2,18275,,,,
12,1778100793.223976,2,18285,,,,
12,1778100793.228248,2,18295,,,,
12,1778100793.2357924,2,18305,,,,
12,1778100793.2520323,2,18315,,,,
12,1778100793.2599707,2,18325,,,,
12,1778100793.2669141,2,18335,,,,
12,1778100793.276116,2,18345,,,,
12,1778100793.2867246,2,18355,,,,
12,1778100793.2978673,2,18365,,,,
12,1778100793.3085926,2,18375,,,,
12,1778100793.3182387,2,18385,,,,
12,1778100793.346897,2,18395,,,,
12,1778100793.3469253,2,18405,,,,
12,1778100793.3499725,2,18415,,,,
12,1778100793.3562214,2,18425,,,,
12,1778100793.3691394,2,18435,,,,
12,1778100793.392325,2,18445,,,,
12,1778100793.408844,2,18455,,,,
12,1778100793.4091098,2,18465,,,,
12,1778100793.4091337,2,18475,,,,
12,1778100793.4160807,2,18485,,,,
12,1778100793.4288018,2,18495,,,,
12,1778100793.4377782,2,18505,,,,
12,1778100793.447833,2,18515,,,,
12,1778100793.4788322,2,18525,,,,
12,1778100793.4828594,2,18535,,,,
12,1778100793.4828978,2,18545,,,,
12,1778100793.486865,2,18555,,,,
12,1778100793.4980896,2,18565,,,,
12,1778100793.508452,2,18575,,,,
12,1778100793.5196133,2,18585,,,,
12,1778100793.5318007,2,18595,,,,
12,1778100793.5356941,2,18605,,,,
12,1778100793.5472147,2,18615,,,,
12,1778100793.5570302,2,18625,,,,
12,1778100793.568781,2,18635,,,,
12,1778100793.5780327,2,18645,,,,
12,1778100793.5869288,2,18655,,,,
12,1778100793.6049788,2,18665,,,,
12,1778100793.6072173,2,18675,,,,
12,1778100793.623819,2,18685,,,,
12,1778100793.6299162,2,18695,,,,
12,1778100793.6372964,2,18705,,,,
12,1778100793.6466613,2,18715,,,,
12,1778100793.6611977,2,18725,,,,
12,1778100793.6658537,2,18735,,,,
12,1778100793.6766105,2,18745,,,,
12,1778100793.689213,2,18755,,,,
12,1778100793.6986217,2,18765,,,,
12,1778100793.7107887,2,18775,,,,
12,1778100793.7208261,2,18785,,,,
12,1778100793.7270896,2,18795,,,,
12,1778100793.7358203,2,18805,,,,
12,1778100793.7459228,2,18815,,,,
12,1778100793.7606292,2,18825,,,,
12,1778100793.7675965,2,18835,,,,
12,1778100793.7772017,2,18845,,,,
12,1778100793.7892282,2,18855,,,,
12,1778100793.796127,2,18865,,,,
12,1778100793.8087418,2,18875,,,,
12,1778100793.8158257,2,18885,,,,
12,1778100793.8257,2,18895,,,,
12,1778100793.8379545,2,18905,,,,
12,1778100793.8473701,2,18915,,,,
12,1778100793.85728,2,18925,,,,
12,1778100793.8664422,2,18935,,,,
12,1778100793.8761413,2,18945,,,,
12,1778100793.8908024,2,18955,,,,
12,1778100793.8960218,2,18965,,,,
12,1778100793.9141974,2,18975,,,,
12,1778100793.9162064,2,18985,,,,
12,1778100793.9281442,2,18995,,,,
12,1778100793.9408374,2,19005,,,,
12,1778100793.9457164,2,19015,,,,
12,1778100793.9557834,2,19025,,,,
12,1778100793.9658988,2,19035,,,,
12,1778100793.9757688,2,19045,,,,
12,1778100793.989841,2,19055,,,,
12,1778100793.9958377,2,19065,,,,
12,1778100794.007842,2,19075,,,,
12,1778100794.016637,2,19085,,,,
12,1778100794.0278893,2,19095,,,,
12,1778100794.0387712,2,19105,,,,
12,1778100794.0506794,2,19115,,,,
12,1778100794.0557404,2,19125,,,,
12,1778100794.0658498,2,19135,,,,
12,1778100794.0772474,2,19145,,,,
12,1778100794.086294,2,19155,,,,
12,1778100794.0958161,2,19165,,,,
12,1778100794.1079288,2,19175,,,,
12,1778100794.1156428,2,19185,,,,
12,1778100794.129338,2,19195,,,,
12,1778100794.1417475,2,19205,,,,
12,1778100794.1492698,2,19215,,,,
12,1778100794.1559534,2,19225,,,,
12,1778100794.1680558,2,19235,,,,
12,1778100794.1805258,2,19245,,,,
12,1778100794.1868367,2,19255,,,,
12,1778100794.1980674,2,19265,,,,
12,1778100794.2058215,2,19275,,,,
12,1778100794.2183306,2,19285,,,,
12,1778100794.2256923,2,19295,,,,
12,1778100794.2358236,2,19305,,,,
12,1778100794.245816,2,19315,,,,
12,1778100794.2561896,2,19325,,,,
12,1778100794.272847,2,19335,,,,
12,1778100794.2768166,2,19345,,,,
12,1778100794.289402,2,19355,,,,
12,1778100794.2958655,2,19365,,,,
12,1778100794.3108628,2,19375,,,,
12,1778100794.3177524,2,19385,,,,
12,1778100794.3265543,2,19395,,,,
12,1778100794.3367057,2,19405,,,,
12,1778100794.3540175,2,19415,,,,
12,1778100794.3560395,2,19425,,,,
12,1778100794.3658142,2,19435,,,,
12,1778100794.3758962,2,19445,,,,
12,1778100794.3865566,2,19455,,,,
12,1778100794.3967204,2,19465,,,,
12,1778100794.4098258,2,19475,,,,
12,1778100794.4243376,2,19485,,,,
12,1778100794.428853,2,19495,,,,
12,1778100794.4359,2,19505,,,,
12,1778100794.4458406,2,19515,,,,
12,1778100794.4598281,2,19525,,,,
12,1778100794.4669197,2,19535,,,,
12,1778100794.4762175,2,19545,,,,
12,1778100794.4858205,2,19555,,,,
12,1778100794.497024,2,19565,,,,
12,1778100794.5059764,2,19575,,,,
12,1778100794.517484,2,19585,,,,
12,1778100794.5300999,2,19595,,,,
12,1778100794.5357018,2,19605,,,,
12,1778100794.545878,2,19615,,,,
12,1778100794.5583677,2,19625,,,,
12,1778100794.568764,2,19635,,,,
12,1778100794.5793922,2,19645,,,,
12,1778100794.585533,2,19655,,,,
12,1778100794.598803,2,19665,,,,
12,1778100794.606117,2,19675,,,,
12,1778100794.6157486,2,19685,,,,
12,1778100794.6276963,2,19695,,,,
12,1778100794.635865,2,19705,,,,
12,1778100794.6458197,2,19715,,,,
12,1778100794.6588025,2,19725,,,,
12,1778100794.6658585,2,19735,,,,
12,1778100794.6757894,2,19745,,,,
12,1778100794.6861708,2,19755,,,,
12,1778100794.6963632,2,19765,,,,
12,1778100794.708635,2,19775,,,,
12,1778100794.7175682,2,19785,,,,
12,1778100794.72583,2,19795,,,,
12,1778100794.736654,2,19805,,,,
12,1778100794.7496455,2,19815,,,,
12,1778100794.762967,2,19825,,,,
12,1778100794.765756,2,19835,,,,
12,1778100794.775828,2,19845,,,,
12,1778100794.7858105,2,19855,,,,
12,1778100794.7958267,2,19865,,,,
12,1778100794.8060215,2,19875,,,,
12,1778100794.8159523,2,19885,,,,
12,1778100794.8333616,2,19895,,,,
12,1778100794.8360262,2,19905,,,,
12,1778100794.8457344,2,19915,,,,
12,1778100794.8615515,2,19925,,,,
12,1778100794.8659298,2,19935,,,,
12,1778100794.8778265,2,19945,,,,
12,1778100794.886763,2,19955,,,,
12,1778100794.8969395,2,19965,,,,
12,1778100794.911913,2,19975,,,,
12,1778100794.9170914,2,19985,,,,
12,1778100794.9401016,2,19995,,,,
12,1778100794.942061,2,20005,,,,
12,1778100794.9457016,2,20015,,,,
12,1778100794.9643378,2,20025,,,,
12,1778100794.974813,2,20035,,,,
12,1778100794.977811,2,20045,,,,
12,1778100794.9886148,2,20055,,,,
12,1778100794.9958694,2,20065,,,,
12,1778100795.0059383,2,20075,,,,
12,1778100795.0174906,2,20085,,,,
12,1778100795.027388,2,20095,,,,
12,1778100795.0378268,2,20105,,,,
12,1778100795.0459225,2,20115,,,,
12,1778100795.0557382,2,20125,,,,
12,1778100795.0716276,2,20135,,,,
12,1778100795.0756464,2,20145,,,,
12,1778100795.088222,2,20155,,,,
12,1778100795.0958297,2,20165,,,,
12,1778100795.1058052,2,20175,,,,
12,1778100795.1183157,2,20185,,,,
12,1778100795.1279376,2,20195,,,,
12,1778100795.1379228,2,20205,,,,
12,1778100795.1486142,2,20215,,,,
12,1778100795.1575768,2,20225,,,,
12,1778100795.1669002,2,20235,,,,
12,1778100795.1760147,2,20245,,,,
12,1778100795.188251,2,20255,,,,
12,1778100795.1956809,2,20265,,,,
12,1778100795.2058585,2,20275,,,,
12,1778100795.216078,2,20285,,,,
12,1778100795.2262187,2,20295,,,,
12,1778100795.2419894,2,20305,,,,
12,1778100795.2499938,2,20315,,,,
12,1778100795.259161,2,20325,,,,
12,1778100795.2762296,2,20335,,,,
12,1778100795.276257,2,20345,,,,
12,1778100795.286806,2,20355,,,,
12,1778100795.3007836,2,20365,,,,
12,1778100795.30705,2,20375,,,,
12,1778100795.3171175,2,20385,,,,
12,1778100795.3260128,2,20395,,,,
12,1778100795.3401923,2,20405,,,,
12,1778100795.3459253,2,20415,,,,
12,1778100795.3567107,2,20425,,,,
12,1778100795.3669267,2,20435,,,,
12,1778100795.3794873,2,20445,,,,
12,1778100795.3905523,2,20455,,,,
12,1778100795.398876,2,20465,,,,
12,1778100795.407654,2,20475,,,,
12,1778100795.4166474,2,20485,,,,
12,1778100795.4287488,2,20495,,,,
12,1778100795.4445407,2,20505,,,,
12,1778100795.4471936,2,20515,,,,
12,1778100795.460848,2,20525,,,,
12,1778100795.4680684,2,20535,,,,
12,1778100795.4792745,2,20545,,,,
12,1778100795.485799,2,20555,,,,
12,1778100795.4955513,2,20565,,,,
12,1778100795.5059512,2,20575,,,,
12,1778100795.517793,2,20585,,,,
12,1778100795.530734,2,20595,,,,
12,1778100795.5387676,2,20605,,,,
12,1778100795.5516114,2,20615,,,,
12,1778100795.5571902,2,20625,,,,
12,1778100795.5758727,2,20635,,,,
12,1778100795.5866416,2,20645,,,,
12,1778100795.5891554,2,20655,,,,
12,1778100795.5961833,2,20665,,,,
12,1778100795.606938,2,20675,,,,
12,1778100795.6157463,2,20685,,,,
12,1778100795.6259952,2,20695,,,,
12,1778100795.6372073,2,20705,,,,
12,1778100795.6476212,2,20715,,,,
12,1778100795.655879,2,20725,,,,
12,1778100795.670914,2,20735,,,,
12,1778100795.6849804,2,20745,,,,
12,1778100795.6858578,2,20755,,,,
12,1778100795.6970243,2,20765,,,,
12,1778100795.7085917,2,20775,,,,
12,1778100795.7157543,2,20785,,,,
12,1778100795.729724,2,20795,,,,
12,1778100795.737233,2,20805,,,,
12,1778100795.7461696,2,20815,,,,
12,1778100795.756066,2,20825,,,,
12,1778100795.7657955,2,20835,,,,
12,1778100795.7768111,2,20845,,,,
12,1778100795.786962,2,20855,,,,
12,1778100795.7957537,2,20865,,,,
12,1778100795.8098965,2,20875,,,,
12,1778100795.8175805,2,20885,,,,
12,1778100795.8267655,2,20895,,,,
12,1778100795.835916,2,20905,,,,
12,1778100795.8537772,2,20915,,,,
12,1778100795.8619244,2,20925,,,,
12,1778100795.8676815,2,20935,,,,
12,1778100795.8790133,2,20945,,,,
12,1778100795.8887465,2,20955,,,,
12,1778100795.8967435,2,20965,,,,
12,1778100795.9057996,2,20975,,,,
12,1778100795.915774,2,20985,,,,
12,1778100795.9272776,2,20995,,,,
12,1778100795.9363453,2,21005,,,,
12,1778100795.9516284,2,21015,,,,
12,1778100795.955658,2,21025,,,,
12,1778100795.9673674,2,21035,,,,
12,1778100795.9761076,2,21045,,,,
12,1778100795.9896343,2,21055,,,,
12,1778100796.0098264,2,21065,,,,
12,1778100796.0098798,2,21075,,,,
12,1778100796.031294,2,21085,,,,
12,1778100796.045313,2,21095,,,,
12,1778100796.0482059,2,21105,,,,
12,1778100796.0486186,2,21115,,,,
12,1778100796.0625744,2,21125,,,,
12,1778100796.065726,2,21135,,,,
12,1778100796.0793438,2,21145,,,,
12,1778100796.0928798,2,21155,,,,
12,1778100796.0981908,2,21165,,,,
12,1778100796.1084833,2,21175,,,,
12,1778100796.1168265,2,21185,,,,
12,1778100796.125906,2,21195,,,,
12,1778100796.1375499,2,21205,,,,
12,1778100796.1476064,2,21215,,,,
12,1778100796.1642182,2,21225,,,,
12,1778100796.1663427,2,21235,,,,
12,1778100796.17685,2,21245,,,,
12,1778100796.1966493,2,21255,,,,
12,1778100796.1966867,2,21265,,,,
12,1778100796.2061095,2,21275,,,,
12,1778100796.2159028,2,21285,,,,
12,1778100796.225798,2,21295,,,,
12,1778100796.2368686,2,21305,,,,
12,1778100796.2458706,2,21315,,,,
12,1778100796.258726,2,21325,,,,
12,1778100796.2660158,2,21335,,,,
12,1778100796.2848246,2,21345,,,,
12,1778100796.2908447,2,21355,,,,
12,1778100796.299894,2,21365,,,,
12,1778100796.305716,2,21375,,,,
12,1778100796.3157313,2,21385,,,,
12,1778100796.3256361,2,21395,,,,
12,1778100796.337161,2,21405,,,,
12,1778100796.3459466,2,21415,,,,
12,1778100796.356225,2,21425,,,,
12,1778100796.3700778,2,21435,,,,
12,1778100796.3771293,2,21445,,,,
12,1778100796.3879368,2,21455,,,,
12,1778100796.3982475,2,21465,,,,
12,1778100796.4057038,2,21475,,,,
12,1778100796.4178944,2,21485,,,,
12,1778100796.4273953,2,21495,,,,
12,1778100796.4378796,2,21505,,,,
12,1778100796.446023,2,21515,,,,
12,1778100796.45616,2,21525,,,,
12,1778100796.4667852,2,21535,,,,
12,1778100796.479347,2,21545,,,,
12,1778100796.5022676,2,21555,,,,
12,1778100796.5123422,2,21565,,,,
12,1778100796.519619,2,21575,,,,
12,1778100796.5344574,2,21585,,,,
12,1778100796.5344856,2,21595,,,,
12,1778100796.5466688,2,21605,,,,
12,1778100796.5477517,2,21615,,,,
12,1778100796.557739,2,21625,,,,
12,1778100796.5725114,2,21635,,,,
12,1778100796.5761282,2,21645,,,,
12,1778100796.5857918,2,21655,,,,
12,1778100796.5991921,2,21665,,,,
12,1778100796.6060798,2,21675,,,,
12,1778100796.617988,2,21685,,,,
12,1778100796.6256678,2,21695,,,,
12,1778100796.635764,2,21705,,,,
12,1778100796.6463149,2,21715,,,,
12,1778100796.6611085,2,21725,,,,
12,1778100796.66828,2,21735,,,,
12,1778100796.6779375,2,21745,,,,
12,1778100796.6858652,2,21755,,,,
12,1778100796.697855,2,21765,,,,
12,1778100796.7088482,2,21775,,,,
12,1778100796.7177594,2,21785,,,,
12,1778100796.7258315,2,21795,,,,
12,1778100796.7372992,2,21805,,,,
12,1778100796.7469206,2,21815,,,,
12,1778100796.7562377,2,21825,,,,
12,1778100796.7663512,2,21835,,,,
12,1778100796.7782788,2,21845,,,,
12,1778100796.7892003,2,21855,,,,
12,1778100796.8008733,2,21865,,,,
12,1778100796.8107789,2,21875,,,,
12,1778100796.816333,2,21885,,,,
12,1778100796.8265376,2,21895,,,,
12,1778100796.8357592,2,21905,,,,
12,1778100796.8499026,2,21915,,,,
12,1778100796.8578207,2,21925,,,,
12,1778100796.8666177,2,21935,,,,
12,1778100796.8770041,2,21945,,,,
12,1778100796.8857808,2,21955,,,,
12,1778100796.8957534,2,21965,,,,
12,1778100796.9097607,2,21975,,,,
12,1778100796.9158778,2,21985,,,,
12,1778100796.9257884,2,21995,,,,
12,1778100796.9361625,2,22005,,,,
12,1778100796.9499106,2,22015,,,,
12,1778100796.9597695,2,22025,,,,
12,1778100796.966071,2,22035,,,,
12,1778100796.9787133,2,22045,,,,
12,1778100796.9872258,2,22055,,,,
12,1778100796.9997573,2,22065,,,,
12,1778100797.0058312,2,22075,,,,
12,1778100797.0172584,2,22085,,,,
12,1778100797.0267818,2,22095,,,,
12,1778100797.0369494,2,22105,,,,
12,1778100797.0459096,2,22115,,,,
12,1778100797.0560975,2,22125,,,,
12,1778100797.07091,2,22135,,,,
12,1778100797.0892503,2,22145,,,,
12,1778100797.0937235,2,22155,,,,
12,1778100797.0976408,2,22165,,,,
12,1778100797.107757,2,22175,,,,
12,1778100797.1224153,2,22185,,,,
12,1778100797.127199,2,22195,,,,
12,1778100797.136692,2,22205,,,,
12,1778100797.1458335,2,22215,,,,
12,1778100797.1562061,2,22225,,,,
12,1778100797.165993,2,22235,,,,
12,1778100797.1807775,2,22245,,,,
12,1778100797.1864622,2,22255,,,,
12,1778100797.2058413,2,22265,,,,
12,1778100797.2058682,2,22275,,,,
12,1778100797.2177627,2,22285,,,,
12,1778100797.2261446,2,22295,,,,
12,1778100797.2358513,2,22305,,,,
12,1778100797.2477286,2,22315,,,,
12,1778100797.2619202,2,22325,,,,
12,1778100797.2667103,2,22335,,,,
12,1778100797.2783046,2,22345,,,,
12,1778100797.2922156,2,22355,,,,
12,1778100797.2957175,2,22365,,,,
12,1778100797.3080025,2,22375,,,,
12,1778100797.3157356,2,22385,,,,
12,1778100797.325954,2,22395,,,,
12,1778100797.336834,2,22405,,,,
12,1778100797.3455555,2,22415,,,,
12,1778100797.3556652,2,22425,,,,
12,1778100797.3675635,2,22435,,,,
12,1778100797.3788347,2,22445,,,,
12,1778100797.3909266,2,22455,,,,
12,1778100797.3980474,2,22465,,,,
12,1778100797.41026,2,22475,,,,
12,1778100797.4168754,2,22485,,,,
12,1778100797.4290042,2,22495,,,,
12,1778100797.4358594,2,22505,,,,
12,1778100797.4457843,2,22515,,,,
12,1778100797.4557374,2,22525,,,,
12,1778100797.4659863,2,22535,,,,
12,1778100797.4785838,2,22545,,,,
12,1778100797.4872727,2,22555,,,,
12,1778100797.4961581,2,22565,,,,
12,1778100797.509155,2,22575,,,,
12,1778100797.5187402,2,22585,,,,
12,1778100797.5259542,2,22595,,,,
12,1778100797.5358696,2,22605,,,,
12,1778100797.5457416,2,22615,,,,
12,1778100797.558596,2,22625,,,,
12,1778100797.5696118,2,22635,,,,
12,1778100797.5761604,2,22645,,,,
12,1778100797.5868022,2,22655,,,,
12,1778100797.5991304,2,22665,,,,
12,1778100797.605865,2,22675,,,,
12,1778100797.6181855,2,22685,,,,
12,1778100797.6311347,2,22695,,,,
12,1778100797.6356094,2,22705,,,,
12,1778100797.6457052,2,22715,,,,
12,1778100797.657648,2,22725,,,,
12,1778100797.6663063,2,22735,,,,
12,1778100797.678678,2,22745,,,,
12,1778100797.6858356,2,22755,,,,
12,1778100797.699818,2,22765,,,,
12,1778100797.7072327,2,22775,,,,
12,1778100797.7163184,2,22785,,,,
12,1778100797.7262676,2,22795,,,,
12,1778100797.736759,2,22805,,,,
12,1778100797.745733,2,22815,,,,
12,1778100797.755655,2,22825,,,,
12,1778100797.765819,2,22835,,,,
12,1778100797.7760248,2,22845,,,,
12,1778100797.7858012,2,22855,,,,
12,1778100797.8037672,2,22865,,,,
12,1778100797.805869,2,22875,,,,
12,1778100797.81586,2,22885,,,,
12,1778100797.8277636,2,22895,,,,
12,1778100797.8378906,2,22905,,,,
12,1778100797.8457823,2,22915,,,,
12,1778100797.8558292,2,22925,,,,
12,1778100797.865825,2,22935,,,,
12,1778100797.8758519,2,22945,,,,
12,1778100797.8862393,2,22955,,,,
12,1778100797.8967688,2,22965,,,,
12,1778100797.9058244,2,22975,,,,
12,1778100797.915669,2,22985,,,,
12,1778100797.9260776,2,22995,,,,
12,1778100797.937314,2,23005,,,,
12,1778100797.946353,2,23015,,,,
12,1778100797.95873,2,23025,,,,
12,1778100797.96769,2,23035,,,,
12,1778100797.9768457,2,23045,,,,
12,1778100797.9898858,2,23055,,,,
12,1778100797.996856,2,23065,,,,
12,1778100798.008097,2,23075,,,,
12,1778100798.0163627,2,23085,,,,
12,1778100798.0279489,2,23095,,,,
12,1778100798.0361068,2,23105,,,,
12,1778100798.0457866,2,23115,,,,
12,1778100798.0559034,2,23125,,,,
12,1778100798.0657434,2,23135,,,,
12,1778100798.0785067,2,23145,,,,
12,1778100798.0867453,2,23155,,,,
12,1778100798.0983846,2,23165,,,,
12,1778100798.1057692,2,23175,,,,
12,1778100798.1177819,2,23185,,,,
12,1778100798.128831,2,23195,,,,
12,1778100798.1376553,2,23205,,,,
12,1778100798.1459079,2,23215,,,,
12,1778100798.1571405,2,23225,,,,
12,1778100798.1669028,2,23235,,,,
12,1778100798.1759646,2,23245,,,,
12,1778100798.1859934,2,23255,,,,
12,1778100798.1972303,2,23265,,,,
12,1778100798.2076976,2,23275,,,,
12,1778100798.2194934,2,23285,,,,
12,1778100798.2287621,2,23295,,,,
12,1778100798.2376754,2,23305,,,,
12,1778100798.2503202,2,23315,,,,
12,1778100798.257979,2,23325,,,,
12,1778100798.2667856,2,23335,,,,
12,1778100798.2767782,2,23345,,,,
12,1778100798.2882488,2,23355,,,,
12,1778100798.2958267,2,23365,,,,
12,1778100798.3100379,2,23375,,,,
12,1778100798.3156388,2,23385,,,,
12,1778100798.3281043,2,23395,,,,
12,1778100798.336009,2,23405,,,,
12,1778100798.3458211,2,23415,,,,
12,1778100798.3608925,2,23425,,,,
12,1778100798.3675754,2,23435,,,,
12,1778100798.3770852,2,23445,,,,
12,1778100798.3893635,2,23455,,,,
12,1778100798.3979332,2,23465,,,,
12,1778100798.4128642,2,23475,,,,
12,1778100798.4186375,2,23485,,,,
12,1778100798.4277632,2,23495,,,,
12,1778100798.4367077,2,23505,,,,
12,1778100798.4521039,2,23515,,,,
12,1778100798.4556289,2,23525,,,,
12,1778100798.466339,2,23535,,,,
12,1778100798.4772136,2,23545,,,,
12,1778100798.4873211,2,23555,,,,
12,1778100798.5012836,2,23565,,,,
12,1778100798.5078435,2,23575,,,,
12,1778100798.5196753,2,23585,,,,
12,1778100798.526291,2,23595,,,,
12,1778100798.5357897,2,23605,,,,
12,1778100798.5464041,2,23615,,,,
12,1778100798.5584738,2,23625,,,,
12,1778100798.5667849,2,23635,,,,
12,1778100798.5770183,2,23645,,,,
12,1778100798.6006868,2,23655,,,,
12,1778100798.604019,2,23665,,,,
12,1778100798.6061215,2,23675,,,,
12,1778100798.615608,2,23685,,,,
12,1778100798.629814,2,23695,,,,
12,1778100798.6356268,2,23705,,,,
12,1778100798.6499002,2,23715,,,,
12,1778100798.6567726,2,23725,,,,
12,1778100798.667903,2,23735,,,,
12,1778100798.6757193,2,23745,,,,
12,1778100798.6888375,2,23755,,,,
12,1778100798.6966126,2,23765,,,,
12,1778100798.7093742,2,23775,,,,
12,1778100798.7197793,2,23785,,,,
12,1778100798.7255633,2,23795,,,,
12,1778100798.7356935,2,23805,,,,
12,1778100798.7491477,2,23815,,,,
12,1778100798.756158,2,23825,,,,
12,1778100798.7657573,2,23835,,,,
12,1778100798.7758646,2,23845,,,,
12,1778100798.7886581,2,23855,,,,
12,1778100798.79773,2,23865,,,,
12,1778100798.8074555,2,23875,,,,
12,1778100798.816657,2,23885,,,,
12,1778100798.8297238,2,23895,,,,
12,1778100798.840611,2,23905,,,,
12,1778100798.8467827,2,23915,,,,
12,1778100798.86019,2,23925,,,,
12,1778100798.86662,2,23935,,,,
12,1778100798.8769631,2,23945,,,,
12,1778100798.8858693,2,23955,,,,
12,1778100798.8973515,2,23965,,,,
12,1778100798.9061155,2,23975,,,,
12,1778100798.9207375,2,23985,,,,
12,1778100798.9334435,2,23995,,,,
12,1778100798.9369245,2,24005,,,,
12,1778100798.948728,2,24015,,,,
12,1778100798.960293,2,24025,,,,
12,1778100798.965658,2,24035,,,,
12,1778100798.9779139,2,24045,,,,
12,1778100798.9872034,2,24055,,,,
12,1778100798.9957354,2,24065,,,,
12,1778100799.0058477,2,24075,,,,
12,1778100799.0162125,2,24085,,,,
12,1778100799.0266967,2,24095,,,,
12,1778100799.0362065,2,24105,,,,
12,1778100799.0457702,2,24115,,,,
12,1778100799.0562546,2,24125,,,,
12,1778100799.0661356,2,24135,,,,
12,1778100799.075905,2,24145,,,,
12,1778100799.0875947,2,24155,,,,
12,1778100799.0967188,2,24165,,,,
12,1778100799.1089392,2,24175,,,,
12,1778100799.1174812,2,24185,,,,
12,1778100799.1298444,2,24195,,,,
12,1778100799.1380236,2,24205,,,,
12,1778100799.1460037,2,24215,,,,
12,1778100799.1556933,2,24225,,,,
12,1778100799.166021,2,24235,,,,
12,1778100799.1757414,2,24245,,,,
12,1778100799.185838,2,24255,,,,
12,1778100799.1982775,2,24265,,,,
12,1778100799.2093773,2,24275,,,,
12,1778100799.21673,2,24285,,,,
12,1778100799.22828,2,24295,,,,
12,1778100799.238654,2,24305,,,,
12,1778100799.2457294,2,24315,,,,
12,1778100799.2595413,2,24325,,,,
12,1778100799.2703428,2,24335,,,,
12,1778100799.2789059,2,24345,,,,
12,1778100799.2856152,2,24355,,,,
12,1778100799.2957377,2,24365,,,,
12,1778100799.306723,2,24375,,,,
12,1778100799.3159373,2,24385,,,,
12,1778100799.3257961,2,24395,,,,
12,1778100799.3382475,2,24405,,,,
12,1778100799.356043,2,24415,,,,
12,1778100799.356061,2,24425,,,,
12,1778100799.3691838,2,24435,,,,
12,1778100799.3782108,2,24445,,,,
12,1778100799.3861656,2,24455,,,,
12,1778100799.3956661,2,24465,,,,
12,1778100799.4066732,2,24475,,,,
12,1778100799.4188368,2,24485,,,,
12,1778100799.4261763,2,24495,,,,
12,1778100799.4363205,2,24505,,,,
12,1778100799.4457312,2,24515,,,,
12,1778100799.4571733,2,24525,,,,
12,1778100799.4731128,2,24535,,,,
12,1778100799.47564,2,24545,,,,
12,1778100799.4857833,2,24555,,,,
12,1778100799.4968166,2,24565,,,,
12,1778100799.5087059,2,24575,,,,
12,1778100799.520898,2,24585,,,,
12,1778100799.5266438,2,24595,,,,
12,1778100799.5378416,2,24605,,,,
12,1778100799.545714,2,24615,,,,
12,1778100799.5577211,2,24625,,,,
12,1778100799.5658112,2,24635,,,,
12,1778100799.5761886,2,24645,,,,
12,1778100799.5881264,2,24655,,,,
12,1778100799.5957332,2,24665,,,,
12,1778100799.6057699,2,24675,,,,
12,1778100799.616019,2,24685,,,,
12,1778100799.6289308,2,24695,,,,
12,1778100799.6423268,2,24705,,,,
12,1778100799.6477585,2,24715,,,,
12,1778100799.656761,2,24725,,,,
12,1778100799.667908,2,24735,,,,
12,1778100799.6795952,2,24745,,,,
12,1778100799.6857672,2,24755,,,,
12,1778100799.696987,2,24765,,,,
12,1778100799.7088597,2,24775,,,,
12,1778100799.7162123,2,24785,,,,
12,1778100799.7259672,2,24795,,,,
12,1778100799.7371466,2,24805,,,,
12,1778100799.7485723,2,24815,,,,
12,1778100799.7561016,2,24825,,,,
12,1778100799.7656438,2,24835,,,,
12,1778100799.777939,2,24845,,,,
12,1778100799.7882726,2,24855,,,,
12,1778100799.8076081,2,24865,,,,
12,1778100799.8076334,2,24875,,,,
12,1778100799.8178108,2,24885,,,,
12,1778100799.828232,2,24895,,,,
12,1778100799.8358042,2,24905,,,,
12,1778100799.8462064,2,24915,,,,
12,1778100799.855894,2,24925,,,,
12,1778100799.867118,2,24935,,,,
12,1778100799.8765037,2,24945,,,,
12,1778100799.8858516,2,24955,,,,
12,1778100799.8974493,2,24965,,,,
12,1778100799.9096751,2,24975,,,,
12,1778100799.920679,2,24985,,,,
12,1778100799.9258611,2,24995,,,,
12,1778100799.9358034,2,25005,,,,
12,1778100799.946615,2,25015,,,,
12,1778100799.9598622,2,25025,,,,
12,1778100799.9665332,2,25035,,,,
12,1778100799.9760818,2,25045,,,,
12,1778100799.9861014,2,25055,,,,
12,1778100799.9956496,2,25065,,,,
12,1778100800.006071,2,25075,,,,
12,1778100800.016728,2,25085,,,,
12,1778100800.0321429,2,25095,,,,
12,1778100800.0355349,2,25105,,,,
12,1778100800.0509117,2,25115,,,,
12,1778100800.0619407,2,25125,,,,
12,1778100800.0684915,2,25135,,,,
12,1778100800.0759685,2,25145,,,,
12,1778100800.0857902,2,25155,,,,
12,1778100800.0980911,2,25165,,,,
12,1778100800.1073527,2,25175,,,,
12,1778100800.1157386,2,25185,,,,
12,1778100800.1269057,2,25195,,,,
12,1778100800.1365151,2,25205,,,,
12,1778100800.1578207,2,25215,,,,
12,1778100800.1582932,2,25225,,,,
12,1778100800.1679444,2,25235,,,,
12,1778100800.1758275,2,25245,,,,
12,1778100800.1942372,2,25255,,,,
12,1778100800.1958568,2,25265,,,,
12,1778100800.2112923,2,25275,,,,
12,1778100800.2155557,2,25285,,,,
12,1778100800.22897,2,25295,,,,
12,1778100800.2360022,2,25305,,,,
12,1778100800.245602,2,25315,,,,
12,1778100800.2571986,2,25325,,,,
12,1778100800.2679024,2,25335,,,,
12,1778100800.2757256,2,25345,,,,
12,1778100800.29025,2,25355,,,,
12,1778100800.29549,2,25365,,,,
12,1778100800.309089,2,25375,,,,
12,1778100800.3155794,2,25385,,,,
12,1778100800.3255084,2,25395,,,,
12,1778100800.3359535,2,25405,,,,
12,1778100800.346026,2,25415,,,,
12,1778100800.3587656,2,25425,,,,
12,1778100800.3738468,2,25435,,,,
12,1778100800.3759532,2,25445,,,,
12,1778100800.3888917,2,25455,,,,
12,1778100800.398787,2,25465,,,,
12,1778100800.4163554,2,25475,,,,
12,1778100800.4165552,2,25485,,,,
12,1778100800.4257624,2,25495,,,,
12,1778100800.4359634,2,25505,,,,
12,1778100800.445878,2,25515,,,,
12,1778100800.4567826,2,25525,,,,
12,1778100800.4661536,2,25535,,,,
12,1778100800.4759421,2,25545,,,,
12,1778100800.4863389,2,25555,,,,
12,1778100800.4982526,2,25565,,,,
12,1778100800.5057375,2,25575,,,,
12,1778100800.5206995,2,25585,,,,
12,1778100800.5319154,2,25595,,,,
12,1778100800.5378156,2,25605,,,,
12,1778100800.5466259,2,25615,,,,
12,1778100800.559019,2,25625,,,,
12,1778100800.567981,2,25635,,,,
12,1778100800.5766265,2,25645,,,,
12,1778100800.5895536,2,25655,,,,
12,1778100800.596827,2,25665,,,,
12,1778100800.605731,2,25675,,,,
12,1778100800.6216362,2,25685,,,,
12,1778100800.626916,2,25695,,,,
12,1778100800.6397812,2,25705,,,,
12,1778100800.6500793,2,25715,,,,
12,1778100800.6555505,2,25725,,,,
12,1778100800.6698768,2,25735,,,,
12,1778100800.6757736,2,25745,,,,
12,1778100800.6856968,2,25755,,,,
12,1778100800.7071729,2,25765,,,,
12,1778100800.712052,2,25775,,,,
12,1778100800.715939,2,25785,,,,
12,1778100800.7256386,2,25795,,,,
12,1778100800.7357183,2,25805,,,,
12,1778100800.7460363,2,25815,,,,
12,1778100800.755755,2,25825,,,,
12,1778100800.772846,2,25835,,,,
12,1778100800.7773168,2,25845,,,,
12,1778100800.7865458,2,25855,,,,
12,1778100800.801727,2,25865,,,,
12,1778100800.8072033,2,25875,,,,
12,1778100800.8211226,2,25885,,,,
12,1778100800.8292289,2,25895,,,,
12,1778100800.836174,2,25905,,,,
12,1778100800.8472521,2,25915,,,,
12,1778100800.855646,2,25925,,,,
12,1778100800.870002,2,25935,,,,
12,1778100800.876502,2,25945,,,,
12,1778100800.886819,2,25955,,,,
12,1778100800.9028282,2,25965,,,,
12,1778100800.909824,2,25975,,,,
12,1778100800.917908,2,25985,,,,
12,1778100800.926835,2,25995,,,,
12,1778100800.93566,2,26005,,,,
12,1778100800.9476855,2,26015,,,,
12,1778100800.956998,2,26025,,,,
12,1778100800.9656727,2,26035,,,,
12,1778100800.9782445,2,26045,,,,
12,1778100800.9856174,2,26055,,,,
12,1778100800.9980586,2,26065,,,,
12,1778100801.008865,2,26075,,,,
12,1778100801.0157242,2,26085,,,,
12,1778100801.026334,2,26095,,,,
12,1778100801.0358727,2,26105,,,,
12,1778100801.0513744,2,26115,,,,
12,1778100801.0568686,2,26125,,,,
12,1778100801.0658247,2,26135,,,,
12,1778100801.086605,2,26145,,,,
12,1778100801.0873759,2,26155,,,,
12,1778100801.0984316,2,26165,,,,
12,1778100801.1098204,2,26175,,,,
12,1778100801.115603,2,26185,,,,
12,1778100801.1259384,2,26195,,,,
12,1778100801.135691,2,26205,,,,
12,1778100801.146224,2,26215,,,,
12,1778100801.1601257,2,26225,,,,
12,1778100801.1671956,2,26235,,,,
12,1778100801.1840239,2,26245,,,,
12,1778100801.1856997,2,26255,,,,
12,1778100801.195749,2,26265,,,,
12,1778100801.2147787,2,26275,,,,
12,1778100801.2169216,2,26285,,,,
12,1778100801.2291718,2,26295,,,,
12,1778100801.2369208,2,26305,,,,
12,1778100801.2465403,2,26315,,,,
12,1778100801.25824,2,26325,,,,
12,1778100801.265735,2,26335,,,,
12,1778100801.2797015,2,26345,,,,
12,1778100801.2859266,2,26355,,,,
12,1778100801.2961483,2,26365,,,,
12,1778100801.3087652,2,26375,,,,
12,1778100801.3161557,2,26385,,,,
12,1778100801.327361,2,26395,,,,
12,1778100801.3359745,2,26405,,,,
12,1778100801.3459175,2,26415,,,,
12,1778100801.3561966,2,26425,,,,
12,1778100801.3684509,2,26435,,,,
12,1778100801.3786035,2,26445,,,,
12,1778100801.38752,2,26455,,,,
12,1778100801.4002905,2,26465,,,,
12,1778100801.4087884,2,26475,,,,
12,1778100801.418139,2,26485,,,,
12,1778100801.4329526,2,26495,,,,
12,1778100801.4357095,2,26505,,,,
12,1778100801.445732,2,26515,,,,
12,1778100801.4570847,2,26525,,,,
12,1778100801.468763,2,26535,,,,
12,1778100801.4775734,2,26545,,,,
12,1778100801.4907527,2,26555,,,,
12,1778100801.4957857,2,26565,,,,
12,1778100801.5067904,2,26575,,,,
12,1778100801.5188322,2,26585,,,,
12,1778100801.525772,2,26595,,,,
12,1778100801.5367417,2,26605,,,,
12,1778100801.5460496,2,26615,,,,
12,1778100801.5591884,2,26625,,,,
12,1778100801.565932,2,26635,,,,
12,1778100801.576141,2,26645,,,,
12,1778100801.5870607,2,26655,,,,
12,1778100801.5955837,2,26665,,,,
12,1778100801.606855,2,26675,,,,
12,1778100801.6170032,2,26685,,,,
12,1778100801.626889,2,26695,,,,
12,1778100801.6356866,2,26705,,,,
12,1778100801.647907,2,26715,,,,
12,1778100801.655901,2,26725,,,,
12,1778100801.6691236,2,26735,,,,
12,1778100801.6756656,2,26745,,,,
12,1778100801.693623,2,26755,,,,
12,1778100801.7006438,2,26765,,,,
12,1778100801.7055948,2,26775,,,,
12,1778100801.7171018,2,26785,,,,
12,1778100801.7261088,2,26795,,,,
12,1778100801.7360291,2,26805,,,,
12,1778100801.7458491,2,26815,,,,
12,1778100801.7566953,2,26825,,,,
12,1778100801.7669008,2,26835,,,,
12,1778100801.7756424,2,26845,,,,
12,1778100801.7917602,2,26855,,,,
12,1778100801.7966208,2,26865,,,,
12,1778100801.8058016,2,26875,,,,
12,1778100801.816983,2,26885,,,,
12,1778100801.8316288,2,26895,,,,
12,1778100801.8355227,2,26905,,,,
12,1778100801.8466134,2,26915,,,,
12,1778100801.8559644,2,26925,,,,
12,1778100801.8664727,2,26935,,,,
12,1778100801.8762214,2,26945,,,,
12,1778100801.8908107,2,26955,,,,
12,1778100801.9009445,2,26965,,,,
12,1778100801.9142377,2,26975,,,,
12,1778100801.9165359,2,26985,,,,
12,1778100801.9294536,2,26995,,,,
12,1778100801.9368324,2,27005,,,,
12,1778100801.9459114,2,27015,,,,
12,1778100801.9561746,2,27025,,,,
12,1778100801.965813,2,27035,,,,
12,1778100801.9762444,2,27045,,,,
12,1778100801.9857383,2,27055,,,,
12,1778100801.9962916,2,27065,,,,
12,1778100802.0055804,2,27075,,,,
12,1778100802.0268347,2,27085,,,,
12,1778100802.032471,2,27095,,,,
12,1778100802.0356615,2,27105,,,,
12,1778100802.0467803,2,27115,,,,
12,1778100802.0559819,2,27125,,,,
12,1778100802.065983,2,27135,,,,
12,1778100802.0760164,2,27145,,,,
12,1778100802.0867136,2,27155,,,,
12,1778100802.0986023,2,27165,,,,
12,1778100802.1060414,2,27175,,,,
12,1778100802.1172235,2,27185,,,,
12,1778100802.1256337,2,27195,,,,
12,1778100802.135732,2,27205,,,,
12,1778100802.1456149,2,27215,,,,
12,1778100802.155566,2,27225,,,,
12,1778100802.1696398,2,27235,,,,
12,1778100802.1799262,2,27245,,,,
12,1778100802.1883965,2,27255,,,,
12,1778100802.197105,2,27265,,,,
12,1778100802.20582,2,27275,,,,
12,1778100802.2157655,2,27285,,,,
12,1778100802.2263215,2,27295,,,,
12,1778100802.2359936,2,27305,,,,
12,1778100802.2461815,2,27315,,,,
12,1778100802.2557216,2,27325,,,,
12,1778100802.267829,2,27335,,,,
12,1778100802.276156,2,27345,,,,
12,1778100802.2858622,2,27355,,,,
12,1778100802.2957196,2,27365,,,,
12,1778100802.3094373,2,27375,,,,
12,1778100802.3180528,2,27385,,,,
12,1778100802.3259451,2,27395,,,,
12,1778100802.3410485,2,27405,,,,
12,1778100802.346204,2,27415,,,,
12,1778100802.3586714,2,27425,,,,
12,1778100802.3656313,2,27435,,,,
12,1778100802.375458,2,27445,,,,
12,1778100802.3866286,2,27455,,,,
12,1778100802.3955104,2,27465,,,,
12,1778100802.4059112,2,27475,,,,
12,1778100802.4170501,2,27485,,,,
12,1778100802.425945,2,27495,,,,
12,1778100802.4447043,2,27505,,,,
12,1778100802.4456034,2,27515,,,,
12,1778100802.4562917,2,27525,,,,
12,1778100802.4661763,2,27535,,,,
12,1778100802.4763174,2,27545,,,,
12,1778100802.4862185,2,27555,,,,
12,1778100802.4991622,2,27565,,,,
12,1778100802.5086448,2,27575,,,,
12,1778100802.5156033,2,27585,,,,
12,1778100802.5269365,2,27595,,,,
12,1778100802.536233,2,27605,,,,
12,1778100802.5457244,2,27615,,,,
12,1778100802.5562577,2,27625,,,,
12,1778100802.566943,2,27635,,,,
12,1778100802.5756729,2,27645,,,,
12,1778100802.5919974,2,27655,,,,
12,1778100802.601936,2,27665,,,,
12,1778100802.6071737,2,27675,,,,
12,1778100802.6170523,2,27685,,,,
12,1778100802.6273224,2,27695,,,,
12,1778100802.6389704,2,27705,,,,
12,1778100802.647889,2,27715,,,,
12,1778100802.6568482,2,27725,,,,
12,1778100802.6660576,2,27735,,,,
12,1778100802.6761637,2,27745,,,,
12,1778100802.6861258,2,27755,,,,
12,1778100802.6961634,2,27765,,,,
12,1778100802.7057076,2,27775,,,,
12,1778100802.7191272,2,27785,,,,
12,1778100802.7306013,2,27795,,,,
12,1778100802.7357926,2,27805,,,,
12,1778100802.7473862,2,27815,,,,
12,1778100802.7563095,2,27825,,,,
12,1778100802.7669847,2,27835,,,,
12,1778100802.7828581,2,27845,,,,
12,1778100802.7858737,2,27855,,,,
12,1778100802.795909,2,27865,,,,
12,1778100802.8059292,2,27875,,,,
12,1778100802.8156688,2,27885,,,,
12,1778100802.826744,2,27895,,,,
12,1778100802.8356187,2,27905,,,,
12,1778100802.8518984,2,27915,,,,
12,1778100802.8559601,2,27925,,,,
12,1778100802.870541,2,27935,,,,
12,1778100802.879787,2,27945,,,,
12,1778100802.8857846,2,27955,,,,
12,1778100802.8959563,2,27965,,,,
12,1778100802.9077768,2,27975,,,,
12,1778100802.9191906,2,27985,,,,
12,1778100802.926015,2,27995,,,,
12,1778100802.9358025,2,28005,,,,
12,1778100802.945737,2,28015,,,,
12,1778100802.957518,2,28025,,,,
12,1778100802.9655943,2,28035,,,,
12,1778100802.977144,2,28045,,,,
12,1778100802.9867418,2,28055,,,,
12,1778100802.9959297,2,28065,,,,
12,1778100803.009082,2,28075,,,,
12,1778100803.0217984,2,28085,,,,
12,1778100803.026652,2,28095,,,,
12,1778100803.0357304,2,28105,,,,
12,1778100803.0461543,2,28115,,,,
12,1778100803.0584023,2,28125,,,,
12,1778100803.0669994,2,28135,,,,
12,1778100803.0784335,2,28145,,,,
12,1778100803.0855615,2,28155,,,,
12,1778100803.0957446,2,28165,,,,
12,1778100803.109135,2,28175,,,,
12,1778100803.1188176,2,28185,,,,
12,1778100803.1282933,2,28195,,,,
12,1778100803.1356823,2,28205,,,,
12,1778100803.1510437,2,28215,,,,
12,1778100803.1588733,2,28225,,,,
12,1778100803.1680264,2,28235,,,,
12,1778100803.177572,2,28245,,,,
12,1778100803.1877015,2,28255,,,,
12,1778100803.1984944,2,28265,,,,
12,1778100803.207937,2,28275,,,,
12,1778100803.2179792,2,28285,,,,
12,1778100803.2306314,2,28295,,,,
12,1778100803.235616,2,28305,,,,
12,1778100803.245637,2,28315,,,,
12,1778100803.2581956,2,28325,,,,
12,1778100803.2659369,2,28335,,,,
12,1778100803.2760568,2,28345,,,,
12,1778100803.2882848,2,28355,,,,
12,1778100803.3008862,2,28365,,,,
12,1778100803.306719,2,28375,,,,
12,1778100803.3158057,2,28385,,,,
12,1778100803.3289096,2,28395,,,,
12,1778100803.3378737,2,28405,,,,
12,1778100803.349776,2,28415,,,,
12,1778100803.3566637,2,28425,,,,
12,1778100803.3668911,2,28435,,,,
12,1778100803.377001,2,28445,,,,
12,1778100803.38567,2,28455,,,,
12,1778100803.3956032,2,28465,,,,
12,1778100803.4092534,2,28475,,,,
12,1778100803.4156337,2,28485,,,,
12,1778100803.4309366,2,28495,,,,
12,1778100803.4365437,2,28505,,,,
12,1778100803.448835,2,28515,,,,
12,1778100803.4667075,2,28525,,,,
12,1778100803.4667633,2,28535,,,,
12,1778100803.4759414,2,28545,,,,
12,1778100803.4869998,2,28555,,,,
12,1778100803.4966364,2,28565,,,,
12,1778100803.510922,2,28575,,,,
12,1778100803.5175707,2,28585,,,,
12,1778100803.5255954,2,28595,,,,
12,1778100803.536969,2,28605,,,,
12,1778100803.5457187,2,28615,,,,
12,1778100803.5566714,2,28625,,,,
12,1778100803.5708594,2,28635,,,,
12,1778100803.5807257,2,28645,,,,
12,1778100803.5860713,2,28655,,,,
12,1778100803.599855,2,28665,,,,
12,1778100803.6075287,2,28675,,,,
12,1778100803.616615,2,28685,,,,
12,1778100803.6256888,2,28695,,,,
12,1778100803.6392736,2,28705,,,,
12,1778100803.6482236,2,28715,,,,
12,1778100803.6556568,2,28725,,,,
12,1778100803.6769586,2,28735,,,,
12,1778100803.6769853,2,28745,,,,
12,1778100803.6865065,2,28755,,,,
12,1778100803.6956587,2,28765,,,,
12,1778100803.7099547,2,28775,,,,
12,1778100803.716853,2,28785,,,,
12,1778100803.730784,2,28795,,,,
12,1778100803.7375937,2,28805,,,,
12,1778100803.74659,2,28815,,,,
12,1778100803.7571352,2,28825,,,,
12,1778100803.7691655,2,28835,,,,
12,1778100803.7787762,2,28845,,,,
12,1778100803.7861028,2,28855,,,,
12,1778100803.79801,2,28865,,,,
12,1778100803.8135595,2,28875,,,,
12,1778100803.8238938,2,28885,,,,
12,1778100803.8319664,2,28895,,,,
12,1778100803.8443835,2,28905,,,,
12,1778100803.8466356,2,28915,,,,
12,1778100803.8602157,2,28925,,,,
12,1778100803.8729343,2,28935,,,,
12,1778100803.8771975,2,28945,,,,
12,1778100803.8857236,2,28955,,,,
12,1778100803.8995626,2,28965,,,,
12,1778100803.9075062,2,28975,,,,
12,1778100803.9192815,2,28985,,,,
12,1778100803.9258964,2,28995,,,,
12,1778100803.9377675,2,29005,,,,
12,1778100803.9506493,2,29015,,,,
12,1778100803.9625745,2,29025,,,,
12,1778100803.9711146,2,29035,,,,
12,1778100803.9778082,2,29045,,,,
12,1778100803.9878674,2,29055,,,,
12,1778100803.998725,2,29065,,,,
12,1778100804.0080225,2,29075,,,,
12,1778100804.0191839,2,29085,,,,
12,1778100804.0259469,2,29095,,,,
12,1778100804.03675,2,29105,,,,
12,1778100804.0527563,2,29115,,,,
12,1778100804.0567734,2,29125,,,,
12,1778100804.0657327,2,29135,,,,
12,1778100804.0781863,2,29145,,,,
12,1778100804.0859177,2,29155,,,,
12,1778100804.095722,2,29165,,,,
12,1778100804.1056619,2,29175,,,,
12,1778100804.1156929,2,29185,,,,
12,1778100804.1259441,2,29195,,,,
12,1778100804.1385238,2,29205,,,,
12,1778100804.1456883,2,29215,,,,
12,1778100804.1567473,2,29225,,,,
12,1778100804.167961,2,29235,,,,
12,1778100804.1762514,2,29245,,,,
12,1778100804.1859272,2,29255,,,,
12,1778100804.1958518,2,29265,,,,
12,1778100804.2055438,2,29275,,,,
12,1778100804.215635,2,29285,,,,
12,1778100804.225989,2,29295,,,,
12,1778100804.2356565,2,29305,,,,
12,1778100804.2456822,2,29315,,,,
12,1778100804.255779,2,29325,,,,
12,1778100804.2656178,2,29335,,,,
12,1778100804.277479,2,29345,,,,
12,1778100804.2868469,2,29355,,,,
12,1778100804.295829,2,29365,,,,
12,1778100804.3056664,2,29375,,,,
12,1778100804.317862,2,29385,,,,
12,1778100804.3263764,2,29395,,,,
12,1778100804.3381,2,29405,,,,
12,1778100804.3477888,2,29415,,,,
12,1778100804.3578207,2,29425,,,,
12,1778100804.3656292,2,29435,,,,
12,1778100804.3771884,2,29445,,,,
12,1778100804.3881955,2,29455,,,,
12,1778100804.3958206,2,29465,,,,
12,1778100804.4056554,2,29475,,,,
12,1778100804.4188035,2,29485,,,,
12,1778100804.426695,2,29495,,,,
12,1778100804.4368947,2,29505,,,,
12,1778100804.4455934,2,29515,,,,
12,1778100804.4753833,2,29525,,,,
12,1778100804.4754322,2,29535,,,,
12,1778100804.4807708,2,29545,,,,
12,1778100804.4898744,2,29555,,,,
12,1778100804.4973989,2,29565,,,,
12,1778100804.5064547,2,29575,,,,
12,1778100804.515623,2,29585,,,,
12,1778100804.5261369,2,29595,,,,
12,1778100804.536314,2,29605,,,,
12,1778100804.5462322,2,29615,,,,
12,1778100804.557908,2,29625,,,,
12,1778100804.566176,2,29635,,,,
12,1778100804.5759187,2,29645,,,,
12,1778100804.5941467,2,29655,,,,
12,1778100804.5967798,2,29665,,,,
12,1778100804.6066992,2,29675,,,,
12,1778100804.615625,2,29685,,,,
12,1778100804.6268747,2,29695,,,,
12,1778100804.6363258,2,29705,,,,
12,1778100804.6462111,2,29715,,,,
12,1778100804.658733,2,29725,,,,
12,1778100804.6716008,2,29735,,,,
12,1778100804.6762671,2,29745,,,,
12,1778100804.6963594,2,29755,,,,
12,1778100804.6970148,2,29765,,,,
12,1778100804.705788,2,29775,,,,
12,1778100804.7197366,2,29785,,,,
12,1778100804.7255368,2,29795,,,,
12,1778100804.739769,2,29805,,,,
12,1778100804.7474139,2,29815,,,,
12,1778100804.761132,2,29825,,,,
12,1778100804.7662413,2,29835,,,,
12,1778100804.7778156,2,29845,,,,
12,1778100804.7868025,2,29855,,,,
12,1778100804.795646,2,29865,,,,
12,1778100804.805964,2,29875,,,,
12,1778100804.8160427,2,29885,,,,
12,1778100804.8257527,2,29895,,,,
12,1778100804.8375163,2,29905,,,,
12,1778100804.8476355,2,29915,,,,
12,1778100804.864032,2,29925,,,,
12,1778100804.8692093,2,29935,,,,
12,1778100804.8778217,2,29945,,,,
12,1778100804.887601,2,29955,,,,
12,1778100804.9013538,2,29965,,,,
12,1778100804.9055717,2,29975,,,,
12,1778100804.9156575,2,29985,,,,
12,1778100804.9270296,2,29995,,,,
12,1778100804.938941,2,30005,,,,
12,1778100804.9471333,2,30015,,,,
12,1778100804.9561412,2,30025,,,,
12,1778100804.9659312,2,30035,,,,
12,1778100804.9769392,2,30045,,,,
12,1778100804.986741,2,30055,,,,
12,1778100804.9997838,2,30065,,,,
12,1778100805.0068266,2,30075,,,,
12,1778100805.0156248,2,30085,,,,
12,1778100805.0269074,2,30095,,,,
12,1778100805.036126,2,30105,,,,
12,1778100805.045813,2,30115,,,,
12,1778100805.0588062,2,30125,,,,
12,1778100805.0684347,2,30135,,,,
12,1778100805.0755217,2,30145,,,,
12,1778100805.085677,2,30155,,,,
12,1778100805.0981336,2,30165,,,,
12,1778100805.105733,2,30175,,,,
12,1778100805.1162684,2,30185,,,,
12,1778100805.1256454,2,30195,,,,
12,1778100805.1365488,2,30205,,,,
12,1778100805.1459885,2,30215,,,,
12,1778100805.1559067,2,30225,,,,
12,1778100805.1687343,2,30235,,,,
12,1778100805.1766798,2,30245,,,,
12,1778100805.1856368,2,30255,,,,
12,1778100805.1963234,2,30265,,,,
12,1778100805.2066813,2,30275,,,,
12,1778100805.215727,2,30285,,,,
12,1778100805.2256453,2,30295,,,,
12,1778100805.2356553,2,30305,,,,
12,1778100805.2458339,2,30315,,,,
12,1778100805.256527,2,30325,,,,
12,1778100805.267696,2,30335,,,,
12,1778100805.2782931,2,30345,,,,
12,1778100805.285596,2,30355,,,,
12,1778100805.2961235,2,30365,,,,
12,1778100805.313397,2,30375,,,,
12,1778100805.3159688,2,30385,,,,
12,1778100805.3259437,2,30395,,,,
12,1778100805.335688,2,30405,,,,
12,1778100805.3456328,2,30415,,,,
12,1778100805.3558276,2,30425,,,,
12,1778100805.3655214,2,30435,,,,
12,1778100805.3758256,2,30445,,,,
12,1778100805.3856797,2,30455,,,,
12,1778100805.3968487,2,30465,,,,
12,1778100805.41085,2,30475,,,,
12,1778100805.415618,2,30485,,,,
12,1778100805.4257581,2,30495,,,,
12,1778100805.4368453,2,30505,,,,
12,1778100805.4468532,2,30515,,,,
12,1778100805.4558897,2,30525,,,,
12,1778100805.4657,2,30535,,,,
12,1778100805.483033,2,30545,,,,
12,1778100805.485597,2,30555,,,,
12,1778100805.4956064,2,30565,,,,
12,1778100805.5061986,2,30575,,,,
12,1778100805.5163143,2,30585,,,,
12,1778100805.5256367,2,30595,,,,
12,1778100805.536764,2,30605,,,,
12,1778100805.5463998,2,30615,,,,
12,1778100805.5581765,2,30625,,,,
12,1778100805.5661857,2,30635,,,,
12,1778100805.5859942,2,30645,,,,
12,1778100805.5880935,2,30655,,,,
12,1778100805.5978463,2,30665,,,,
12,1778100805.613851,2,30675,,,,
12,1778100805.6165533,2,30685,,,,
12,1778100805.6270182,2,30695,,,,
12,1778100805.6357858,2,30705,,,,
12,1778100805.6456766,2,30715,,,,
12,1778100805.6557155,2,30725,,,,
12,1778100805.6700766,2,30735,,,,
12,1778100805.6767452,2,30745,,,,
12,1778100805.69449,2,30755,,,,
12,1778100805.6956291,2,30765,,,,
12,1778100805.7056618,2,30775,,,,
12,1778100805.7236578,2,30785,,,,
12,1778100805.74027,2,30795,,,,
12,1778100805.7421942,2,30805,,,,
12,1778100805.7456458,2,30815,,,,
12,1778100805.7597861,2,30825,,,,
12,1778100805.7657666,2,30835,,,,
12,1778100805.7756178,2,30845,,,,
12,1778100805.7861145,2,30855,,,,
12,1778100805.8001957,2,30865,,,,
12,1778100805.8078194,2,30875,,,,
12,1778100805.8197546,2,30885,,,,
12,1778100805.8275192,2,30895,,,,
12,1778100805.8383887,2,30905,,,,
12,1778100805.845468,2,30915,,,,
12,1778100805.8578675,2,30925,,,,
12,1778100805.867072,2,30935,,,,
12,1778100805.8756497,2,30945,,,,
12,1778100805.8876896,2,30955,,,,
12,1778100805.8957884,2,30965,,,,
12,1778100805.9115589,2,30975,,,,
12,1778100805.9266143,2,30985,,,,
12,1778100805.9289615,2,30995,,,,
12,1778100805.9435964,2,31005,,,,
12,1778100805.9507704,2,31015,,,,
12,1778100805.9587412,2,31025,,,,
12,1778100805.9666865,2,31035,,,,
12,1778100805.9760816,2,31045,,,,
12,1778100805.9859018,2,31055,,,,
12,1778100805.998321,2,31065,,,,
12,1778100806.005911,2,31075,,,,
12,1778100806.0166628,2,31085,,,,
12,1778100806.0299332,2,31095,,,,
12,1778100806.0365915,2,31105,,,,
12,1778100806.0459037,2,31115,,,,
12,1778100806.0556204,2,31125,,,,
12,1778100806.0691538,2,31135,,,,
12,1778100806.0758672,2,31145,,,,
12,1778100806.0855746,2,31155,,,,
12,1778100806.1008618,2,31165,,,,
12,1778100806.1081996,2,31175,,,,
12,1778100806.1202028,2,31185,,,,
12,1778100806.1290555,2,31195,,,,
12,1778100806.1370275,2,31205,,,,
12,1778100806.1467056,2,31215,,,,
12,1778100806.1557686,2,31225,,,,
12,1778100806.1702218,2,31235,,,,
12,1778100806.17581,2,31245,,,,
12,1778100806.1856523,2,31255,,,,
12,1778100806.195697,2,31265,,,,
12,1778100806.205953,2,31275,,,,
12,1778100806.2157874,2,31285,,,,
12,1778100806.2320995,2,31295,,,,
12,1778100806.2437875,2,31305,,,,
12,1778100806.2499804,2,31315,,,,
12,1778100806.2578104,2,31325,,,,
12,1778100806.2655807,2,31335,,,,
12,1778100806.2797294,2,31345,,,,
12,1778100806.2868395,2,31355,,,,
12,1778100806.2977195,2,31365,,,,
12,1778100806.3056238,2,31375,,,,
12,1778100806.315484,2,31385,,,,
12,1778100806.3304157,2,31395,,,,
12,1778100806.3370442,2,31405,,,,
12,1778100806.3456166,2,31415,,,,
12,1778100806.3632839,2,31425,,,,
12,1778100806.3655002,2,31435,,,,
12,1778100806.3906806,2,31445,,,,
12,1778100806.3906972,2,31455,,,,
12,1778100806.4072537,2,31465,,,,
12,1778100806.4076698,2,31475,,,,
12,1778100806.4177954,2,31485,,,,
12,1778100806.426161,2,31495,,,,
12,1778100806.4372962,2,31505,,,,
12,1778100806.4460301,2,31515,,,,
12,1778100806.4559357,2,31525,,,,
12,1778100806.4698098,2,31535,,,,
12,1778100806.4763813,2,31545,,,,
12,1778100806.4858432,2,31555,,,,
12,1778100806.4955556,2,31565,,,,
12,1778100806.5076694,2,31575,,,,
12,1778100806.5167184,2,31585,,,,
12,1778100806.526799,2,31595,,,,
12,1778100806.5385356,2,31605,,,,
12,1778100806.5460205,2,31615,,,,
12,1778100806.5558982,2,31625,,,,
12,1778100806.5668762,2,31635,,,,
12,1778100806.5774596,2,31645,,,,
12,1778100806.5860276,2,31655,,,,
12,1778100806.598302,2,31665,,,,
12,1778100806.61128,2,31675,,,,
12,1778100806.6156535,2,31685,,,,
12,1778100806.6261797,2,31695,,,,
12,1778100806.6359758,2,31705,,,,
12,1778100806.6455884,2,31715,,,,
12,1778100806.6595094,2,31725,,,,
12,1778100806.6706138,2,31735,,,,
12,1778100806.6768975,2,31745,,,,
12,1778100806.6862736,2,31755,,,,
12,1778100806.6971047,2,31765,,,,
12,1778100806.70782,2,31775,,,,
12,1778100806.7157881,2,31785,,,,
12,1778100806.7267294,2,31795,,,,
12,1778100806.7360945,2,31805,,,,
12,1778100806.7456548,2,31815,,,,
12,1778100806.757909,2,31825,,,,
12,1778100806.7685852,2,31835,,,,
12,1778100806.7760587,2,31845,,,,
12,1778100806.786018,2,31855,,,,
12,1778100806.797497,2,31865,,,,
12,1778100806.8068724,2,31875,,,,
12,1778100806.8163676,2,31885,,,,
12,1778100806.825584,2,31895,,,,
12,1778100806.836879,2,31905,,,,
12,1778100806.8492215,2,31915,,,,
12,1778100806.858092,2,31925,,,,
12,1778100806.8654034,2,31935,,,,
12,1778100806.8759127,2,31945,,,,
12,1778100806.888137,2,31955,,,,
12,1778100806.8960679,2,31965,,,,
12,1778100806.907255,2,31975,,,,
12,1778100806.917073,2,31985,,,,
12,1778100806.9281926,2,31995,,,,
12,1778100806.9387994,2,32005,,,,
12,1778100806.9480097,2,32015,,,,
12,1778100806.9566574,2,32025,,,,
12,1778100806.9655943,2,32035,,,,
12,1778100806.9769738,2,32045,,,,
12,1778100806.988763,2,32055,,,,
12,1778100806.995934,2,32065,,,,
12,1778100807.0056565,2,32075,,,,
12,1778100807.0179713,2,32085,,,,
12,1778100807.0256379,2,32095,,,,
12,1778100807.0356054,2,32105,,,,
12,1778100807.0490367,2,32115,,,,
12,1778100807.0555298,2,32125,,,,
12,1778100807.0656335,2,32135,,,,
12,1778100807.0778496,2,32145,,,,
12,1778100807.0906644,2,32155,,,,
12,1778100807.0972633,2,32165,,,,
12,1778100807.1062124,2,32175,,,,
12,1778100807.1165245,2,32185,,,,
12,1778100807.1283343,2,32195,,,,
12,1778100807.140514,2,32205,,,,
12,1778100807.1541276,2,32215,,,,
12,1778100807.1560638,2,32225,,,,
12,1778100807.1656322,2,32235,,,,
12,1778100807.1759362,2,32245,,,,
12,1778100807.1859374,2,32255,,,,
12,1778100807.1966872,2,32265,,,,
12,1778100807.2056272,2,32275,,,,
12,1778100807.2269452,2,32285,,,,
12,1778100807.2269752,2,32295,,,,
12,1778100807.2367392,2,32305,,,,
12,1778100807.2456079,2,32315,,,,
12,1778100807.2561917,2,32325,,,,
12,1778100807.2675931,2,32335,,,,
12,1778100807.2776299,2,32345,,,,
12,1778100807.2855816,2,32355,,,,
12,1778100807.295778,2,32365,,,,
12,1778100807.3055332,2,32375,,,,
12,1778100807.321152,2,32385,,,,
12,1778100807.3270679,2,32395,,,,
12,1778100807.3357034,2,32405,,,,
12,1778100807.3499136,2,32415,,,,
12,1778100807.3597176,2,32425,,,,
12,1778100807.3685393,2,32435,,,,
12,1778100807.3807867,2,32445,,,,
12,1778100807.3870087,2,32455,,,,
12,1778100807.396137,2,32465,,,,
12,1778100807.411599,2,32475,,,,
12,1778100807.4175973,2,32485,,,,
12,1778100807.4276834,2,32495,,,,
12,1778100807.4356217,2,32505,,,,
12,1778100807.4456053,2,32515,,,,
12,1778100807.4611282,2,32525,,,,
12,1778100807.4655643,2,32535,,,,
12,1778100807.4756017,2,32545,,,,
12,1778100807.4853766,2,32555,,,,
12,1778100807.4960804,2,32565,,,,
12,1778100807.5075796,2,32575,,,,
12,1778100807.5157595,2,32585,,,,
12,1778100807.53002,2,32595,,,,
12,1778100807.5353792,2,32605,,,,
12,1778100807.5482874,2,32615,,,,
12,1778100807.5617595,2,32625,,,,
12,1778100807.5666423,2,32635,,,,
12,1778100807.5780096,2,32645,,,,
12,1778100807.5857017,2,32655,,,,
12,1778100807.5959332,2,32665,,,,
12,1778100807.6059182,2,32675,,,,
12,1778100807.616052,2,32685,,,,
12,1778100807.63472,2,32695,,,,
12,1778100807.6369855,2,32705,,,,
12,1778100807.6489248,2,32715,,,,
12,1778100807.658747,2,32725,,,,
12,1778100807.6699295,2,32735,,,,
12,1778100807.6780093,2,32745,,,,
12,1778100807.685652,2,32755,,,,
12,1778100807.6973667,2,32765,,,,
12,1778100807.705862,2,32775,,,,
12,1778100807.716267,2,32785,,,,
12,1778100807.7277668,2,32795,,,,
12,1778100807.7367435,2,32805,,,,
12,1778100807.7455766,2,32815,,,,
12,1778100807.7555978,2,32825,,,,
12,1778100807.7666097,2,32835,,,,
12,1778100807.7770426,2,32845,,,,
12,1778100807.8033972,2,32855,,,,
12,1778100807.8034284,2,32865,,,,
12,1778100807.8077345,2,32875,,,,
12,1778100807.8161,2,32885,,,,
12,1778100807.8258328,2,32895,,,,
12,1778100807.8397741,2,32905,,,,
12,1778100807.8483648,2,32915,,,,
12,1778100807.8556163,2,32925,,,,
12,1778100807.8700118,2,32935,,,,
12,1778100807.8780296,2,32945,,,,
12,1778100807.8860228,2,32955,,,,
12,1778100807.8957138,2,32965,,,,
12,1778100807.9084237,2,32975,,,,
12,1778100807.9159498,2,32985,,,,
12,1778100807.9261725,2,32995,,,,
12,1778100807.9407923,2,33005,,,,
12,1778100807.9469664,2,33015,,,,
12,1778100807.9557803,2,33025,,,,
12,1778100807.972026,2,33035,,,,
12,1778100807.9777684,2,33045,,,,
12,1778100807.9869404,2,33055,,,,
12,1778100807.9958425,2,33065,,,,
12,1778100808.0061297,2,33075,,,,
12,1778100808.0158787,2,33085,,,,
12,1778100808.0257342,2,33095,,,,
12,1778100808.0378788,2,33105,,,,
12,1778100808.0455716,2,33115,,,,
12,1778100808.055624,2,33125,,,,
12,1778100808.075739,2,33135,,,,
12,1778100808.0757644,2,33145,,,,
12,1778100808.0875528,2,33155,,,,
12,1778100808.0955677,2,33165,,,,
12,1778100808.1066923,2,33175,,,,
12,1778100808.1175992,2,33185,,,,
12,1778100808.1281874,2,33195,,,,
12,1778100808.1365979,2,33205,,,,
12,1778100808.1487272,2,33215,,,,
12,1778100808.155809,2,33225,,,,
12,1778100808.1697595,2,33235,,,,
12,1778100808.1782124,2,33245,,,,
12,1778100808.189184,2,33255,,,,
12,1778100808.1964884,2,33265,,,,
12,1778100808.2097456,2,33275,,,,
12,1778100808.2156916,2,33285,,,,
12,1778100808.2278159,2,33295,,,,
12,1778100808.248657,2,33305,,,,
12,1778100808.2492127,2,33315,,,,
12,1778100808.2567096,2,33325,,,,
12,1778100808.269075,2,33335,,,,
12,1778100808.2796168,2,33345,,,,
12,1778100808.2871056,2,33355,,,,
12,1778100808.3059912,2,33365,,,,
12,1778100808.3077307,2,33375,,,,
12,1778100808.3205452,2,33385,,,,
12,1778100808.3258245,2,33395,,,,
12,1778100808.3357286,2,33405,,,,
12,1778100808.3472557,2,33415,,,,
12,1778100808.3558629,2,33425,,,,
12,1778100808.3654635,2,33435,,,,
12,1778100808.3806183,2,33445,,,,
12,1778100808.3868282,2,33455,,,,
12,1778100808.3961103,2,33465,,,,
12,1778100808.4104242,2,33475,,,,
12,1778100808.419929,2,33485,,,,
12,1778100808.426468,2,33495,,,,
12,1778100808.4445245,2,33505,,,,
12,1778100808.4540377,2,33515,,,,
12,1778100808.4560533,2,33525,,,,
12,1778100808.465715,2,33535,,,,
12,1778100808.4909396,2,33545,,,,
12,1778100808.4909682,2,33555,,,,
12,1778100808.497708,2,33565,,,,
12,1778100808.5068097,2,33575,,,,
12,1778100808.5155735,2,33585,,,,
12,1778100808.526921,2,33595,,,,
12,1778100808.536921,2,33605,,,,
12,1778100808.55403,2,33615,,,,
12,1778100808.556842,2,33625,,,,
12,1778100808.5654676,2,33635,,,,
12,1778100808.5765579,2,33645,,,,
12,1778100808.587972,2,33655,,,,
12,1778100808.5954676,2,33665,,,,
12,1778100808.608478,2,33675,,,,
12,1778100808.6155138,2,33685,,,,
12,1778100808.6279309,2,33695,,,,
12,1778100808.6448588,2,33705,,,,
12,1778100808.6550467,2,33715,,,,
12,1778100808.6563904,2,33725,,,,
12,1778100808.6657834,2,33735,,,,
12,1778100808.6889198,2,33745,,,,
12,1778100808.6898196,2,33755,,,,
12,1778100808.6954288,2,33765,,,,
12,1778100808.7057753,2,33775,,,,
12,1778100808.71565,2,33785,,,,
12,1778100808.7275922,2,33795,,,,
12,1778100808.7359746,2,33805,,,,
12,1778100808.751005,2,33815,,,,
12,1778100808.7608516,2,33825,,,,
12,1778100808.7698724,2,33835,,,,
12,1778100808.7766705,2,33845,,,,
12,1778100808.7896492,2,33855,,,,
12,1778100808.795282,2,33865,,,,
12,1778100808.8068094,2,33875,,,,
12,1778100808.8218622,2,33885,,,,
12,1778100808.8265183,2,33895,,,,
12,1778100808.8402028,2,33905,,,,
12,1778100808.8455405,2,33915,,,,
12,1778100808.8572977,2,33925,,,,
12,1778100808.8692021,2,33935,,,,
12,1778100808.875514,2,33945,,,,
12,1778100808.8873758,2,33955,,,,
12,1778100808.8953514,2,33965,,,,
12,1778100808.906927,2,33975,,,,
12,1778100808.9159207,2,33985,,,,
12,1778100808.9254549,2,33995,,,,
12,1778100808.935569,2,34005,,,,
12,1778100808.9455469,2,34015,,,,
12,1778100808.960312,2,34025,,,,
12,1778100808.9652517,2,34035,,,,
12,1778100808.975381,2,34045,,,,
12,1778100808.985931,2,34055,,,,
12,1778100808.9961503,2,34065,,,,
12,1778100809.005484,2,34075,,,,
12,1778100809.016128,2,34085,,,,
12,1778100809.0274,2,34095,,,,
12,1778100809.0363925,2,34105,,,,
12,1778100809.0462606,2,34115,,,,
12,1778100809.0555482,2,34125,,,,
12,1778100809.0695815,2,34135,,,,
12,1778100809.075245,2,34145,,,,
12,1778100809.1028407,2,34155,,,,
12,1778100809.1046097,2,34165,,,,
12,1778100809.1068792,2,34175,,,,
12,1778100809.1155155,2,34185,,,,
12,1778100809.1256788,2,34195,,,,
12,1778100809.1373715,2,34205,,,,
12,1778100809.1460707,2,34215,,,,
12,1778100809.1557188,2,34225,,,,
12,1778100809.1689148,2,34235,,,,
12,1778100809.1753683,2,34245,,,,
12,1778100809.1888313,2,34255,,,,
12,1778100809.2024856,2,34265,,,,
12,1778100809.2059882,2,34275,,,,
12,1778100809.215364,2,34285,,,,
12,1778100809.2297964,2,34295,,,,
12,1778100809.2355042,2,34305,,,,
12,1778100809.2499743,2,34315,,,,
12,1778100809.2562675,2,34325,,,,
12,1778100809.2715857,2,34335,,,,
12,1778100809.2756927,2,34345,,,,
12,1778100809.2869415,2,34355,,,,
12,1778100809.2965488,2,34365,,,,
12,1778100809.305801,2,34375,,,,
12,1778100809.316086,2,34385,,,,
12,1778100809.3255951,2,34395,,,,
12,1778100809.3366013,2,34405,,,,
12,1778100809.34715,2,34415,,,,
12,1778100809.355457,2,34425,,,,
12,1778100809.374725,2,34435,,,,
12,1778100809.3767073,2,34445,,,,
12,1778100809.386639,2,34455,,,,
12,1778100809.40479,2,34465,,,,
12,1778100809.4076004,2,34475,,,,
12,1778100809.4166317,2,34485,,,,
12,1778100809.4255786,2,34495,,,,
12,1778100809.4354732,2,34505,,,,
12,1778100809.4459357,2,34515,,,,
12,1778100809.4583797,2,34525,,,,
12,1778100809.4725783,2,34535,,,,
12,1778100809.4776177,2,34545,,,,
12,1778100809.4868083,2,34555,,,,
12,1778100809.4998138,2,34565,,,,
12,1778100809.5067325,2,34575,,,,
12,1778100809.515936,2,34585,,,,
12,1778100809.5261328,2,34595,,,,
12,1778100809.5353825,2,34605,,,,
12,1778100809.5464,2,34615,,,,
12,1778100809.5558376,2,34625,,,,
12,1778100809.5666587,2,34635,,,,
12,1778100809.5782695,2,34645,,,,
12,1778100809.5854816,2,34655,,,,
12,1778100809.5953898,2,34665,,,,
12,1778100809.6117597,2,34675,,,,
12,1778100809.6178083,2,34685,,,,
12,1778100809.6257887,2,34695,,,,
12,1778100809.6373825,2,34705,,,,
12,1778100809.646744,2,34715,,,,
12,1778100809.655788,2,34725,,,,
12,1778100809.665746,2,34735,,,,
12,1778100809.6787863,2,34745,,,,
12,1778100809.6855166,2,34755,,,,
12,1778100809.6953857,2,34765,,,,
12,1778100809.7069533,2,34775,,,,
12,1778100809.715445,2,34785,,,,
12,1778100809.7255604,2,34795,,,,
12,1778100809.7379875,2,34805,,,,
12,1778100809.7468278,2,34815,,,,
12,1778100809.7568352,2,34825,,,,
12,1778100809.7655334,2,34835,,,,
12,1778100809.7796342,2,34845,,,,
12,1778100809.7859368,2,34855,,,,
12,1778100809.8096168,2,34865,,,,
12,1778100809.8159518,2,34875,,,,
12,1778100809.8178716,2,34885,,,,
12,1778100809.827581,2,34895,,,,
12,1778100809.83554,2,34905,,,,
12,1778100809.845896,2,34915,,,,
12,1778100809.8558035,2,34925,,,,
12,1778100809.8655937,2,34935,,,,
12,1778100809.882356,2,34945,,,,
12,1778100809.8928294,2,34955,,,,
12,1778100809.8968966,2,34965,,,,
12,1778100809.9077678,2,34975,,,,
12,1778100809.91537,2,34985,,,,
12,1778100809.9276733,2,34995,,,,
12,1778100809.9358153,2,35005,,,,
12,1778100809.9452791,2,35015,,,,
12,1778100809.9562438,2,35025,,,,
12,1778100809.9662771,2,35035,,,,
12,1778100809.976651,2,35045,,,,
12,1778100809.9880571,2,35055,,,,
12,1778100809.9967175,2,35065,,,,
12,1778100810.0054462,2,35075,,,,
12,1778100810.025075,2,35085,,,,
12,1778100810.0266392,2,35095,,,,
12,1778100810.0384765,2,35105,,,,
12,1778100810.047923,2,35115,,,,
12,1778100810.0553992,2,35125,,,,
12,1778100810.0658891,2,35135,,,,
12,1778100810.075563,2,35145,,,,
12,1778100810.091059,2,35155,,,,
12,1778100810.0954828,2,35165,,,,
12,1778100810.106089,2,35175,,,,
12,1778100810.123084,2,35185,,,,
12,1778100810.1266892,2,35195,,,,
12,1778100810.1353528,2,35205,,,,
12,1778100810.145538,2,35215,,,,
12,1778100810.166856,2,35225,,,,
12,1778100810.1668997,2,35235,,,,
12,1778100810.1788418,2,35245,,,,
12,1778100810.188887,2,35255,,,,
12,1778100810.1954093,2,35265,,,,
12,1778100810.2103815,2,35275,,,,
12,1778100810.216382,2,35285,,,,
12,1778100810.2258542,2,35295,,,,
12,1778100810.235606,2,35305,,,,
12,1778100810.246541,2,35315,,,,
12,1778100810.2602077,2,35325,,,,
12,1778100810.2690425,2,35335,,,,
12,1778100810.2754245,2,35345,,,,
12,1778100810.2906613,2,35355,,,,
12,1778100810.3029637,2,35365,,,,
12,1778100810.311856,2,35375,,,,
12,1778100810.3174086,2,35385,,,,
12,1778100810.3292928,2,35395,,,,
12,1778100810.3405151,2,35405,,,,
12,1778100810.3516834,2,35415,,,,
12,1778100810.3587635,2,35425,,,,
12,1778100810.365636,2,35435,,,,
12,1778100810.3782291,2,35445,,,,
12,1778100810.385514,2,35455,,,,
12,1778100810.3993173,2,35465,,,,
12,1778100810.4062042,2,35475,,,,
12,1778100810.4154408,2,35485,,,,
12,1778100810.425516,2,35495,,,,
12,1778100810.4432523,2,35505,,,,
12,1778100810.4467041,2,35515,,,,
12,1778100810.4578586,2,35525,,,,
12,1778100810.4668498,2,35535,,,,
12,1778100810.47577,2,35545,,,,
12,1778100810.4877532,2,35555,,,,
12,1778100810.497173,2,35565,,,,
12,1778100810.5058496,2,35575,,,,
12,1778100810.515708,2,35585,,,,
12,1778100810.5257704,2,35595,,,,
12,1778100810.5358956,2,35605,,,,
12,1778100810.54537,2,35615,,,,
12,1778100810.555418,2,35625,,,,
12,1778100810.5653605,2,35635,,,,
12,1778100810.583839,2,35645,,,,
12,1778100810.5864365,2,35655,,,,
12,1778100810.5986981,2,35665,,,,
12,1778100810.6067975,2,35675,,,,
12,1778100810.615313,2,35685,,,,
12,1778100810.627744,2,35695,,,,
12,1778100810.636717,2,35705,,,,
12,1778100810.6454954,2,35715,,,,
12,1778100810.656654,2,35725,,,,
12,1778100810.6660354,2,35735,,,,
12,1778100810.6757185,2,35745,,,,
12,1778100810.6872149,2,35755,,,,
12,1778100810.7043326,2,35765,,,,
12,1778100810.7120476,2,35775,,,,
12,1778100810.7235389,2,35785,,,,
12,1778100810.7268784,2,35795,,,,
12,1778100810.7398276,2,35805,,,,
12,1778100810.746555,2,35815,,,,
12,1778100810.7581162,2,35825,,,,
12,1778100810.7656307,2,35835,,,,
12,1778100810.7764132,2,35845,,,,
12,1778100810.7856476,2,35855,,,,
12,1778100810.7989306,2,35865,,,,
12,1778100810.80773,2,35875,,,,
12,1778100810.8158336,2,35885,,,,
12,1778100810.8260994,2,35895,,,,
12,1778100810.8452423,2,35905,,,,
12,1778100810.8455033,2,35915,,,,
12,1778100810.8623803,2,35925,,,,
12,1778100810.8657312,2,35935,,,,
12,1778100810.8756795,2,35945,,,,
12,1778100810.8871646,2,35955,,,,
12,1778100810.902864,2,35965,,,,
12,1778100810.9135883,2,35975,,,,
12,1778100810.9177008,2,35985,,,,
12,1778100810.9259794,2,35995,,,,
12,1778100810.9388382,2,36005,,,,
12,1778100810.9464915,2,36015,,,,
12,1778100810.9602406,2,36025,,,,
12,1778100810.9655228,2,36035,,,,
12,1778100810.975448,2,36045,,,,
12,1778100810.9858525,2,36055,,,,
12,1778100810.995636,2,36065,,,,
12,1778100811.0098433,2,36075,,,,
12,1778100811.0174432,2,36085,,,,
12,1778100811.0255702,2,36095,,,,
12,1778100811.0459175,2,36105,,,,
12,1778100811.0487442,2,36115,,,,
12,1778100811.0580902,2,36125,,,,
12,1778100811.0680985,2,36135,,,,
12,1778100811.0754786,2,36145,,,,
12,1778100811.0881708,2,36155,,,,
12,1778100811.0955727,2,36165,,,,
12,1778100811.11058,2,36175,,,,
12,1778100811.1221657,2,36185,,,,
12,1778100811.1259334,2,36195,,,,
12,1778100811.1429844,2,36205,,,,
12,1778100811.1481326,2,36215,,,,
12,1778100811.1565788,2,36225,,,,
12,1778100811.17059,2,36235,,,,
12,1778100811.1754801,2,36245,,,,
12,1778100811.1912477,2,36255,,,,
12,1778100811.1958706,2,36265,,,,
12,1778100811.2080832,2,36275,,,,
12,1778100811.217102,2,36285,,,,
12,1778100811.227765,2,36295,,,,
12,1778100811.238938,2,36305,,,,
12,1778100811.248875,2,36315,,,,
12,1778100811.2554524,2,36325,,,,
12,1778100811.2654557,2,36335,,,,
12,1778100811.2755878,2,36345,,,,
12,1778100811.2877991,2,36355,,,,
12,1778100811.2974303,2,36365,,,,
12,1778100811.3066986,2,36375,,,,
12,1778100811.319991,2,36385,,,,
12,1778100811.3301108,2,36395,,,,
12,1778100811.3408582,2,36405,,,,
12,1778100811.3479679,2,36415,,,,
12,1778100811.3553715,2,36425,,,,
12,1778100811.3655677,2,36435,,,,
12,1778100811.380017,2,36445,,,,
12,1778100811.3853915,2,36455,,,,
12,1778100811.3957717,2,36465,,,,
12,1778100811.4073596,2,36475,,,,
12,1778100811.4254928,2,36485,,,,
12,1778100811.4281254,2,36495,,,,
12,1778100811.4427762,2,36505,,,,
12,1778100811.4492323,2,36515,,,,
12,1778100811.4586873,2,36525,,,,
12,1778100811.4726946,2,36535,,,,
12,1778100811.4778621,2,36545,,,,
12,1778100811.487929,2,36555,,,,
12,1778100811.4959028,2,36565,,,,
12,1778100811.5057254,2,36575,,,,
12,1778100811.519983,2,36585,,,,
12,1778100811.5257328,2,36595,,,,
12,1778100811.5354443,2,36605,,,,
12,1778100811.546161,2,36615,,,,
12,1778100811.5569267,2,36625,,,,
12,1778100811.5714796,2,36635,,,,
12,1778100811.5817807,2,36645,,,,
12,1778100811.5875647,2,36655,,,,
12,1778100811.5962942,2,36665,,,,
12,1778100811.6070814,2,36675,,,,
12,1778100811.618932,2,36685,,,,
12,1778100811.62825,2,36695,,,,
12,1778100811.635516,2,36705,,,,
12,1778100811.647139,2,36715,,,,
12,1778100811.6591544,2,36725,,,,
12,1778100811.6654623,2,36735,,,,
12,1778100811.6754417,2,36745,,,,
12,1778100811.686706,2,36755,,,,
12,1778100811.6972337,2,36765,,,,
12,1778100811.721958,2,36775,,,,
12,1778100811.7297988,2,36785,,,,
12,1778100811.7298255,2,36795,,,,
12,1778100811.7355099,2,36805,,,,
12,1778100811.7510958,2,36815,,,,
12,1778100811.7616167,2,36825,,,,
12,1778100811.76809,2,36835,,,,
12,1778100811.775642,2,36845,,,,
12,1778100811.786259,2,36855,,,,
12,1778100811.7962391,2,36865,,,,
12,1778100811.8060143,2,36875,,,,
12,1778100811.819751,2,36885,,,,
12,1778100811.835131,2,36895,,,,
12,1778100811.837045,2,36905,,,,
12,1778100811.8536706,2,36915,,,,
12,1778100811.869539,2,36925,,,,
12,1778100811.869553,2,36935,,,,
12,1778100811.8769405,2,36945,,,,
12,1778100811.886533,2,36955,,,,
12,1778100811.8961203,2,36965,,,,
12,1778100811.9077733,2,36975,,,,
12,1778100811.9156723,2,36985,,,,
12,1778100811.9260535,2,36995,,,,
12,1778100811.9356766,2,37005,,,,
12,1778100811.945546,2,37015,,,,
12,1778100811.9562314,2,37025,,,,
12,1778100811.9657614,2,37035,,,,
12,1778100811.977985,2,37045,,,,
12,1778100811.9878585,2,37055,,,,
12,1778100811.9964375,2,37065,,,,
12,1778100812.0063486,2,37075,,,,
12,1778100812.0155966,2,37085,,,,
12,1778100812.032129,2,37095,,,,
12,1778100812.043135,2,37105,,,,
12,1778100812.045762,2,37115,,,,
12,1778100812.0566566,2,37125,,,,
12,1778100812.0671256,2,37135,,,,
12,1778100812.0782473,2,37145,,,,
12,1778100812.0854564,2,37155,,,,
12,1778100812.0955482,2,37165,,,,
12,1778100812.106642,2,37175,,,,
12,1778100812.1158392,2,37185,,,,
12,1778100812.1297877,2,37195,,,,
12,1778100812.139737,2,37205,,,,
12,1778100812.145786,2,37215,,,,
12,1778100812.1567929,2,37225,,,,
12,1778100812.1688273,2,37235,,,,
12,1778100812.1785371,2,37245,,,,
12,1778100812.185633,2,37255,,,,
12,1778100812.1974444,2,37265,,,,
12,1778100812.209269,2,37275,,,,
12,1778100812.215725,2,37285,,,,
12,1778100812.2289495,2,37295,,,,
12,1778100812.2371197,2,37305,,,,
12,1778100812.2476618,2,37315,,,,
12,1778100812.2564735,2,37325,,,,
12,1778100812.2708466,2,37335,,,,
12,1778100812.2778769,2,37345,,,,
12,1778100812.2887614,2,37355,,,,
12,1778100812.295615,2,37365,,,,
12,1778100812.3067632,2,37375,,,,
12,1778100812.316301,2,37385,,,,
12,1778100812.3270097,2,37395,,,,
12,1778100812.3356426,2,37405,,,,
12,1778100812.3455236,2,37415,,,,
12,1778100812.358962,2,37425,,,,
12,1778100812.3654652,2,37435,,,,
12,1778100812.3769848,2,37445,,,,
12,1778100812.3855844,2,37455,,,,
12,1778100812.39559,2,37465,,,,
12,1778100812.409612,2,37475,,,,
12,1778100812.416926,2,37485,,,,
12,1778100812.426859,2,37495,,,,
12,1778100812.4381542,2,37505,,,,
12,1778100812.4499202,2,37515,,,,
12,1778100812.4589863,2,37525,,,,
12,1778100812.4707332,2,37535,,,,
12,1778100812.4771602,2,37545,,,,
12,1778100812.4855385,2,37555,,,,
12,1778100812.4954824,2,37565,,,,
12,1778100812.5056608,2,37575,,,,
12,1778100812.5160842,2,37585,,,,
12,1778100812.5279493,2,37595,,,,
12,1778100812.5360942,2,37605,,,,
12,1778100812.5458481,2,37615,,,,
12,1778100812.5568004,2,37625,,,,
12,1778100812.5657465,2,37635,,,,
12,1778100812.576736,2,37645,,,,
12,1778100812.5989604,2,37655,,,,
12,1778100812.6057293,2,37665,,,,
12,1778100812.607809,2,37675,,,,
12,1778100812.615861,2,37685,,,,
12,1778100812.6258018,2,37695,,,,
12,1778100812.6467261,2,37705,,,,
12,1778100812.6538005,2,37715,,,,
12,1778100812.6560624,2,37725,,,,
12,1778100812.66602,2,37735,,,,
12,1778100812.6762385,2,37745,,,,
12,1778100812.692763,2,37755,,,,
12,1778100812.6954908,2,37765,,,,
12,1778100812.7077434,2,37775,,,,
12,1778100812.7158198,2,37785,,,,
12,1778100812.7258487,2,37795,,,,
12,1778100812.7384026,2,37805,,,,
12,1778100812.7502832,2,37815,,,,
12,1778100812.756072,2,37825,,,,
12,1778100812.7657526,2,37835,,,,
12,1778100812.7852778,2,37845,,,,
12,1778100812.785671,2,37855,,,,
12,1778100812.7954507,2,37865,,,,
12,1778100812.8114548,2,37875,,,,
12,1778100812.8156502,2,37885,,,,
12,1778100812.8330457,2,37895,,,,
12,1778100812.8360038,2,37905,,,,
12,1778100812.8575346,2,37915,,,,
12,1778100812.8575947,2,37925,,,,
12,1778100812.8654604,2,37935,,,,
12,1778100812.8768492,2,37945,,,,
12,1778100812.8881366,2,37955,,,,
12,1778100812.8954697,2,37965,,,,
12,1778100812.905448,2,37975,,,,
12,1778100812.9164054,2,37985,,,,
12,1778100812.9259381,2,37995,,,,
12,1778100812.9359248,2,38005,,,,
12,1778100812.9495258,2,38015,,,,
12,1778100812.9571388,2,38025,,,,
12,1778100812.9655755,2,38035,,,,
12,1778100812.9767733,2,38045,,,,
12,1778100812.9859197,2,38055,,,,
12,1778100812.997733,2,38065,,,,
12,1778100813.0053153,2,38075,,,,
12,1778100813.0168262,2,38085,,,,
12,1778100813.0259178,2,38095,,,,
12,1778100813.035778,2,38105,,,,
12,1778100813.052094,2,38115,,,,
12,1778100813.0641048,2,38125,,,,
12,1778100813.0779338,2,38135,,,,
12,1778100813.0779572,2,38145,,,,
12,1778100813.0897636,2,38155,,,,
12,1778100813.0971873,2,38165,,,,
12,1778100813.1107337,2,38175,,,,
12,1778100813.1219804,2,38185,,,,
12,1778100813.1257963,2,38195,,,,
12,1778100813.1367657,2,38205,,,,
12,1778100813.1486402,2,38215,,,,
12,1778100813.163091,2,38225,,,,
12,1778100813.1654642,2,38235,,,,
12,1778100813.1755006,2,38245,,,,
12,1778100813.1877363,2,38255,,,,
12,1778100813.195596,2,38265,,,,
12,1778100813.206093,2,38275,,,,
12,1778100813.2155397,2,38285,,,,
12,1778100813.2255402,2,38295,,,,
12,1778100813.2357938,2,38305,,,,
12,1778100813.245393,2,38315,,,,
12,1778100813.2571805,2,38325,,,,
12,1778100813.269928,2,38335,,,,
12,1778100813.2760835,2,38345,,,,
12,1778100813.2879126,2,38355,,,,
12,1778100813.2986999,2,38365,,,,
12,1778100813.3059905,2,38375,,,,
12,1778100813.3161292,2,38385,,,,
12,1778100813.3309708,2,38395,,,,
12,1778100813.3388205,2,38405,,,,
12,1778100813.3527248,2,38415,,,,
12,1778100813.3584204,2,38425,,,,
12,1778100813.3674827,2,38435,,,,
12,1778100813.3753033,2,38445,,,,
12,1778100813.393748,2,38455,,,,
12,1778100813.399872,2,38465,,,,
12,1778100813.4154937,2,38475,,,,
12,1778100813.4160643,2,38485,,,,
12,1778100813.4263275,2,38495,,,,
12,1778100813.435578,2,38505,,,,
12,1778100813.4469256,2,38515,,,,
12,1778100813.4554915,2,38525,,,,
12,1778100813.4656584,2,38535,,,,
12,1778100813.475669,2,38545,,,,
12,1778100813.4867516,2,38555,,,,
12,1778100813.49868,2,38565,,,,
12,1778100813.5055382,2,38575,,,,
12,1778100813.5180895,2,38585,,,,
12,1778100813.530615,2,38595,,,,
12,1778100813.540753,2,38605,,,,
12,1778100813.545795,2,38615,,,,
12,1778100813.5557902,2,38625,,,,
12,1778100813.5688448,2,38635,,,,
12,1778100813.5756166,2,38645,,,,
12,1778100813.5858667,2,38655,,,,
12,1778100813.604457,2,38665,,,,
12,1778100813.606836,2,38675,,,,
12,1778100813.615964,2,38685,,,,
12,1778100813.6255136,2,38695,,,,
12,1778100813.6381745,2,38705,,,,
12,1778100813.645805,2,38715,,,,
12,1778100813.6574523,2,38725,,,,
12,1778100813.672535,2,38735,,,,
12,1778100813.6770723,2,38745,,,,
12,1778100813.6867552,2,38755,,,,
12,1778100813.6961114,2,38765,,,,
12,1778100813.70877,2,38775,,,,
12,1778100813.720836,2,38785,,,,
12,1778100813.733155,2,38795,,,,
12,1778100813.7357886,2,38805,,,,
12,1778100813.746186,2,38815,,,,
12,1778100813.7555985,2,38825,,,,
12,1778100813.765527,2,38835,,,,
12,1778100813.7769182,2,38845,,,,
12,1778100813.785558,2,38855,,,,
12,1778100813.7954252,2,38865,,,,
12,1778100813.807911,2,38875,,,,
12,1778100813.8167279,2,38885,,,,
12,1778100813.8277395,2,38895,,,,
12,1778100813.835836,2,38905,,,,
12,1778100813.848917,2,38915,,,,
12,1778100813.855801,2,38925,,,,
12,1778100813.8666575,2,38935,,,,
12,1778100813.875264,2,38945,,,,
12,1778100813.889715,2,38955,,,,
12,1778100813.8954437,2,38965,,,,
12,1778100813.9201841,2,38975,,,,
12,1778100813.9202156,2,38985,,,,
12,1778100813.9255836,2,38995,,,,
12,1778100813.935412,2,39005,,,,
12,1778100813.945947,2,39015,,,,
12,1778100813.9589036,2,39025,,,,
12,1778100813.9668772,2,39035,,,,
12,1778100813.977085,2,39045,,,,
12,1778100813.9868193,2,39055,,,,
12,1778100813.9968061,2,39065,,,,
12,1778100814.0071256,2,39075,,,,
12,1778100814.0172515,2,39085,,,,
12,1778100814.025537,2,39095,,,,
12,1778100814.0380797,2,39105,,,,
12,1778100814.0454981,2,39115,,,,
12,1778100814.055824,2,39125,,,,
12,1778100814.0660214,2,39135,,,,
12,1778100814.0757504,2,39145,,,,
12,1778100814.085642,2,39155,,,,
12,1778100814.0964777,2,39165,,,,
12,1778100814.106788,2,39175,,,,
12,1778100814.1155164,2,39185,,,,
12,1778100814.1263018,2,39195,,,,
12,1778100814.1367257,2,39205,,,,
12,1778100814.148146,2,39215,,,,
12,1778100814.1563618,2,39225,,,,
12,1778100814.1654859,2,39235,,,,
12,1778100814.1781204,2,39245,,,,
12,1778100814.186522,2,39255,,,,
12,1778100814.195541,2,39265,,,,
12,1778100814.2055645,2,39275,,,,
12,1778100814.2255826,2,39285,,,,
12,1778100814.2258902,2,39295,,,,
12,1778100814.2418954,2,39305,,,,
12,1778100814.2464838,2,39315,,,,
12,1778100814.2569592,2,39325,,,,
12,1778100814.2657743,2,39335,,,,
12,1778100814.2759063,2,39345,,,,
12,1778100814.2894638,2,39355,,,,
12,1778100814.2956626,2,39365,,,,
12,1778100814.3111756,2,39375,,,,
12,1778100814.3196461,2,39385,,,,
12,1778100814.3255632,2,39395,,,,
12,1778100814.33529,2,39405,,,,
12,1778100814.3460631,2,39415,,,,
12,1778100814.366975,2,39425,,,,
12,1778100814.3670034,2,39435,,,,
12,1778100814.377837,2,39445,,,,
12,1778100814.3865957,2,39455,,,,
12,1778100814.395652,2,39465,,,,
12,1778100814.4068549,2,39475,,,,
12,1778100814.4205015,2,39485,,,,
12,1778100814.4310915,2,39495,,,,
12,1778100814.435215,2,39505,,,,
12,1778100814.4457927,2,39515,,,,
12,1778100814.4553976,2,39525,,,,
12,1778100814.4661384,2,39535,,,,
12,1778100814.4758315,2,39545,,,,
12,1778100814.4856672,2,39555,,,,
12,1778100814.4954832,2,39565,,,,
12,1778100814.5087972,2,39575,,,,
12,1778100814.5157416,2,39585,,,,
12,1778100814.5316923,2,39595,,,,
12,1778100814.5352955,2,39605,,,,
12,1778100814.5522869,2,39615,,,,
12,1778100814.5563207,2,39625,,,,
12,1778100814.5663135,2,39635,,,,
12,1778100814.5755713,2,39645,,,,
12,1778100814.5881505,2,39655,,,,
12,1778100814.5967507,2,39665,,,,
12,1778100814.6061664,2,39675,,,,
12,1778100814.6154919,2,39685,,,,
12,1778100814.628971,2,39695,,,,
12,1778100814.6360936,2,39705,,,,
12,1778100814.6481822,2,39715,,,,
12,1778100814.6577158,2,39725,,,,
12,1778100814.669711,2,39735,,,,
12,1778100814.675634,2,39745,,,,
12,1778100814.6857116,2,39755,,,,
12,1778100814.7004342,2,39765,,,,
12,1778100814.7064767,2,39775,,,,
12,1778100814.7154894,2,39785,,,,
12,1778100814.7268014,2,39795,,,,
12,1778100814.740495,2,39805,,,,
12,1778100814.7454336,2,39815,,,,
12,1778100814.7553713,2,39825,,,,
12,1778100814.7700775,2,39835,,,,
12,1778100814.7756696,2,39845,,,,
12,1778100814.790748,2,39855,,,,
12,1778100814.797919,2,39865,,,,
12,1778100814.807739,2,39875,,,,
12,1778100814.8165023,2,39885,,,,
12,1778100814.8287206,2,39895,,,,
12,1778100814.8356514,2,39905,,,,
12,1778100814.8486304,2,39915,,,,
12,1778100814.8553655,2,39925,,,,
12,1778100814.865502,2,39935,,,,
12,1778100814.875305,2,39945,,,,
12,1778100814.887461,2,39955,,,,
12,1778100814.8990297,2,39965,,,,
12,1778100814.9054382,2,39975,,,,
12,1778100814.9155133,2,39985,,,,
12,1778100814.929384,2,39995,,,,
12,1778100814.9397173,2,40005,,,,
12,1778100814.9506097,2,40015,,,,
12,1778100814.9555397,2,40025,,,,
12,1778100814.9683545,2,40035,,,,
12,1778100814.9776676,2,40045,,,,
12,1778100814.9898074,2,40055,,,,
12,1778100814.9971085,2,40065,,,,
12,1778100815.0060089,2,40075,,,,
12,1778100815.015488,2,40085,,,,
12,1778100815.0255642,2,40095,,,,
12,1778100815.0387087,2,40105,,,,
12,1778100815.045411,2,40115,,,,
12,1778100815.0579183,2,40125,,,,
12,1778100815.0656898,2,40135,,,,
12,1778100815.078767,2,40145,,,,
12,1778100815.0880046,2,40155,,,,
12,1778100815.0957696,2,40165,,,,
12,1778100815.1115613,2,40175,,,,
12,1778100815.115906,2,40185,,,,
12,1778100815.1278927,2,40195,,,,
12,1778100815.1440887,2,40205,,,,
12,1778100815.146089,2,40215,,,,
12,1778100815.1555033,2,40225,,,,
12,1778100815.1655972,2,40235,,,,
12,1778100815.1755595,2,40245,,,,
12,1778100815.1857235,2,40255,,,,
12,1778100815.1957045,2,40265,,,,
12,1778100815.2111657,2,40275,,,,
12,1778100815.2158244,2,40285,,,,
12,1778100815.2317731,2,40295,,,,
12,1778100815.2390356,2,40305,,,,
12,1778100815.2454553,2,40315,,,,
12,1778100815.2638087,2,40325,,,,
12,1778100815.26786,2,40335,,,,
12,1778100815.283893,2,40345,,,,
12,1778100815.2869751,2,40355,,,,
12,1778100815.2960527,2,40365,,,,
12,1778100815.3081424,2,40375,,,,
12,1778100815.3166168,2,40385,,,,
12,1778100815.3254633,2,40395,,,,
12,1778100815.3371289,2,40405,,,,
12,1778100815.3459163,2,40415,,,,
12,1778100815.3578227,2,40425,,,,
12,1778100815.3668258,2,40435,,,,
12,1778100815.3752513,2,40445,,,,
12,1778100815.3857129,2,40455,,,,
12,1778100815.3953526,2,40465,,,,
12,1778100815.4116209,2,40475,,,,
12,1778100815.4164453,2,40485,,,,
12,1778100815.4267488,2,40495,,,,
12,1778100815.4355872,2,40505,,,,
12,1778100815.450667,2,40515,,,,
12,1778100815.4584467,2,40525,,,,
12,1778100815.4671402,2,40535,,,,
12,1778100815.4754937,2,40545,,,,
12,1778100815.4880726,2,40555,,,,
12,1778100815.495834,2,40565,,,,
12,1778100815.5079017,2,40575,,,,
12,1778100815.5193796,2,40585,,,,
12,1778100815.5265782,2,40595,,,,
12,1778100815.5397882,2,40605,,,,
12,1778100815.5486145,2,40615,,,,
12,1778100815.5578864,2,40625,,,,
12,1778100815.5654202,2,40635,,,,
12,1778100815.5761302,2,40645,,,,
12,1778100815.5880675,2,40655,,,,
12,1778100815.5957325,2,40665,,,,
12,1778100815.6055176,2,40675,,,,
12,1778100815.6205652,2,40685,,,,
12,1778100815.625998,2,40695,,,,
12,1778100815.645143,2,40705,,,,
12,1778100815.6517792,2,40715,,,,
12,1778100815.657058,2,40725,,,,
12,1778100815.6660092,2,40735,,,,
12,1778100815.6753902,2,40745,,,,
12,1778100815.6858494,2,40755,,,,
12,1778100815.6975942,2,40765,,,,
12,1778100815.7067392,2,40775,,,,
12,1778100815.7186654,2,40785,,,,
12,1778100815.7253854,2,40795,,,,
12,1778100815.7355523,2,40805,,,,
12,1778100815.7476768,2,40815,,,,
12,1778100815.7577364,2,40825,,,,
12,1778100815.7655454,2,40835,,,,
12,1778100815.7760236,2,40845,,,,
12,1778100815.7864337,2,40855,,,,
12,1778100815.796876,2,40865,,,,
12,1778100815.8078084,2,40875,,,,
12,1778100815.8170054,2,40885,,,,
12,1778100815.826346,2,40895,,,,
12,1778100815.8384037,2,40905,,,,
12,1778100815.8621314,2,40915,,,,
12,1778100815.8664014,2,40925,,,,
12,1778100815.8664265,2,40935,,,,
12,1778100815.8753304,2,40945,,,,
12,1778100815.8856144,2,40955,,,,
12,1778100815.8954625,2,40965,,,,
12,1778100815.906181,2,40975,,,,
12,1778100815.9155242,2,40985,,,,
12,1778100815.9298143,2,40995,,,,
12,1778100815.9397774,2,41005,,,,
12,1778100815.94674,2,41015,,,,
12,1778100815.9607878,2,41025,,,,
12,1778100815.9677668,2,41035,,,,
12,1778100815.9767444,2,41045,,,,
12,1778100815.9859927,2,41055,,,,
12,1778100815.9981961,2,41065,,,,
12,1778100816.006024,2,41075,,,,
12,1778100816.0154495,2,41085,,,,
12,1778100816.029096,2,41095,,,,
12,1778100816.0354474,2,41105,,,,
12,1778100816.0455499,2,41115,,,,
12,1778100816.0623124,2,41125,,,,
12,1778100816.066875,2,41135,,,,
12,1778100816.0767722,2,41145,,,,
12,1778100816.0857,2,41155,,,,
12,1778100816.0954123,2,41165,,,,
12,1778100816.1068063,2,41175,,,,
12,1778100816.1199188,2,41185,,,,
12,1778100816.127572,2,41195,,,,
12,1778100816.135523,2,41205,,,,
12,1778100816.1454504,2,41215,,,,
12,1778100816.1576862,2,41225,,,,
12,1778100816.1701488,2,41235,,,,
12,1778100816.1751075,2,41245,,,,
12,1778100816.1856043,2,41255,,,,
12,1778100816.1954663,2,41265,,,,
12,1778100816.205846,2,41275,,,,
12,1778100816.2157624,2,41285,,,,
12,1778100816.2306902,2,41295,,,,
12,1778100816.2364216,2,41305,,,,
12,1778100816.2486725,2,41315,,,,
12,1778100816.2567883,2,41325,,,,
12,1778100816.2669153,2,41335,,,,
12,1778100816.2756221,2,41345,,,,
12,1778100816.2856166,2,41355,,,,
12,1778100816.2953744,2,41365,,,,
12,1778100816.3056672,2,41375,,,,
12,1778100816.3157194,2,41385,,,,
12,1778100816.3322,2,41395,,,,
12,1778100816.344445,2,41405,,,,
12,1778100816.3481114,2,41415,,,,
12,1778100816.360128,2,41425,,,,
12,1778100816.3667996,2,41435,,,,
12,1778100816.3754852,2,41445,,,,
12,1778100816.3860087,2,41455,,,,
12,1778100816.398947,2,41465,,,,
12,1778100816.4104075,2,41475,,,,
12,1778100816.415655,2,41485,,,,
12,1778100816.4254613,2,41495,,,,
12,1778100816.4354136,2,41505,,,,
12,1778100816.4457042,2,41515,,,,
12,1778100816.4580708,2,41525,,,,
12,1778100816.468808,2,41535,,,,
12,1778100816.475233,2,41545,,,,
12,1778100816.4878979,2,41555,,,,
12,1778100816.4968097,2,41565,,,,
12,1778100816.5066524,2,41575,,,,
12,1778100816.5157528,2,41585,,,,
12,1778100816.5255675,2,41595,,,,
12,1778100816.541026,2,41605,,,,
12,1778100816.5455668,2,41615,,,,
12,1778100816.5554488,2,41625,,,,
12,1778100816.5727422,2,41635,,,,
12,1778100816.5755587,2,41645,,,,
12,1778100816.585339,2,41655,,,,
12,1778100816.5955405,2,41665,,,,
12,1778100816.6057694,2,41675,,,,
12,1778100816.6157618,2,41685,,,,
12,1778100816.6318681,2,41695,,,,
12,1778100816.6361861,2,41705,,,,
12,1778100816.65029,2,41715,,,,
12,1778100816.6568215,2,41725,,,,
12,1778100816.6689286,2,41735,,,,
12,1778100816.6779068,2,41745,,,,
12,1778100816.6856387,2,41755,,,,
12,1778100816.6961067,2,41765,,,,
12,1778100816.7053535,2,41775,,,,
12,1778100816.7165463,2,41785,,,,
12,1778100816.7254553,2,41795,,,,
12,1778100816.7379081,2,41805,,,,
12,1778100816.7471626,2,41815,,,,
12,1778100816.7565784,2,41825,,,,
12,1778100816.7857797,2,41835,,,,
12,1778100816.7858064,2,41845,,,,
12,1778100816.7940814,2,41855,,,,
12,1778100816.7978356,2,41865,,,,
12,1778100816.806949,2,41875,,,,
12,1778100816.818153,2,41885,,,,
12,1778100816.826863,2,41895,,,,
12,1778100816.8356771,2,41905,,,,
12,1778100816.8483865,2,41915,,,,
12,1778100816.8556354,2,41925,,,,
12,1778100816.8658206,2,41935,,,,
12,1778100816.8771732,2,41945,,,,
12,1778100816.8876133,2,41955,,,,
12,1778100816.895013,2,41965,,,,
12,1778100816.9103465,2,41975,,,,
12,1778100816.9228141,2,41985,,,,
12,1778100816.9266489,2,41995,,,,
12,1778100816.9369924,2,42005,,,,
12,1778100816.9464602,2,42015,,,,
12,1778100816.9576514,2,42025,,,,
12,1778100816.9663804,2,42035,,,,
12,1778100816.975895,2,42045,,,,
12,1778100816.9855735,2,42055,,,,
12,1778100816.9954681,2,42065,,,,
12,1778100817.0054157,2,42075,,,,
12,1778100817.0152144,2,42085,,,,
12,1778100817.0257292,2,42095,,,,
12,1778100817.0364985,2,42105,,,,
12,1778100817.0541313,2,42115,,,,
12,1778100817.0554612,2,42125,,,,
12,1778100817.0658581,2,42135,,,,
12,1778100817.0779467,2,42145,,,,
12,1778100817.0854824,2,42155,,,,
12,1778100817.0985787,2,42165,,,,
12,1778100817.1057572,2,42175,,,,
12,1778100817.1164408,2,42185,,,,
12,1778100817.1258595,2,42195,,,,
12,1778100817.1354806,2,42205,,,,
12,1778100817.147661,2,42215,,,,
12,1778100817.1561801,2,42225,,,,
12,1778100817.1659079,2,42235,,,,
12,1778100817.178077,2,42245,,,,
12,1778100817.1953816,2,42255,,,,
12,1778100817.195411,2,42265,,,,
12,1778100817.2059195,2,42275,,,,
12,1778100817.217786,2,42285,,,,
12,1778100817.22662,2,42295,,,,
12,1778100817.2366307,2,42305,,,,
12,1778100817.251684,2,42315,,,,
12,1778100817.2601037,2,42325,,,,
12,1778100817.2654903,2,42335,,,,
12,1778100817.2761264,2,42345,,,,
12,1778100817.2869797,2,42355,,,,
12,1778100817.2953126,2,42365,,,,
12,1778100817.3058126,2,42375,,,,
12,1778100817.3151374,2,42385,,,,
12,1778100817.3255613,2,42395,,,,
12,1778100817.3378646,2,42405,,,,
12,1778100817.346096,2,42415,,,,
12,1778100817.3579853,2,42425,,,,
12,1778100817.365379,2,42435,,,,
12,1778100817.3769724,2,42445,,,,
12,1778100817.3931465,2,42455,,,,
12,1778100817.3958037,2,42465,,,,
12,1778100817.405617,2,42475,,,,
12,1778100817.4158413,2,42485,,,,
12,1778100817.4255354,2,42495,,,,
12,1778100817.4361935,2,42505,,,,
12,1778100817.4547715,2,42515,,,,
12,1778100817.4641492,2,42525,,,,
12,1778100817.470528,2,42535,,,,
12,1778100817.4788291,2,42545,,,,
12,1778100817.4952497,2,42555,,,,
12,1778100817.4958215,2,42565,,,,
12,1778100817.506585,2,42575,,,,
12,1778100817.5157223,2,42585,,,,
12,1778100817.5255513,2,42595,,,,
12,1778100817.535674,2,42605,,,,
12,1778100817.545627,2,42615,,,,
12,1778100817.5616965,2,42625,,,,
12,1778100817.5667562,2,42635,,,,
12,1778100817.575531,2,42645,,,,
12,1778100817.5858245,2,42655,,,,
12,1778100817.5955718,2,42665,,,,
12,1778100817.6054003,2,42675,,,,
12,1778100817.6155317,2,42685,,,,
12,1778100817.6266038,2,42695,,,,
12,1778100817.6362407,2,42705,,,,
12,1778100817.6501827,2,42715,,,,
12,1778100817.6599274,2,42725,,,,
12,1778100817.665441,2,42735,,,,
12,1778100817.676891,2,42745,,,,
12,1778100817.6867802,2,42755,,,,
12,1778100817.7007735,2,42765,,,,
12,1778100817.7069683,2,42775,,,,
12,1778100817.7176788,2,42785,,,,
12,1778100817.7265396,2,42795,,,,
12,1778100817.7353876,2,42805,,,,
12,1778100817.745763,2,42815,,,,
12,1778100817.7601867,2,42825,,,,
12,1778100817.7678556,2,42835,,,,
12,1778100817.7755086,2,42845,,,,
12,1778100817.7861035,2,42855,,,,
12,1778100817.796084,2,42865,,,,
12,1778100817.8068457,2,42875,,,,
12,1778100817.815459,2,42885,,,,
12,1778100817.8255134,2,42895,,,,
12,1778100817.8355381,2,42905,,,,
12,1778100817.8512464,2,42915,,,,
12,1778100817.8551035,2,42925,,,,
12,1778100817.8690648,2,42935,,,,
12,1778100817.875398,2,42945,,,,
12,1778100817.8859556,2,42955,,,,
12,1778100817.895852,2,42965,,,,
12,1778100817.908035,2,42975,,,,
12,1778100817.9159327,2,42985,,,,
12,1778100817.9277885,2,42995,,,,
12,1778100817.9354758,2,43005,,,,
12,1778100817.9462273,2,43015,,,,
12,1778100817.9577143,2,43025,,,,
12,1778100817.9668455,2,43035,,,,
12,1778100817.976129,2,43045,,,,
12,1778100817.9855452,2,43055,,,,
12,1778100817.99744,2,43065,,,,
12,1778100818.0066547,2,43075,,,,
12,1778100818.0153964,2,43085,,,,
12,1778100818.0257206,2,43095,,,,
12,1778100818.0356948,2,43105,,,,
12,1778100818.0488524,2,43115,,,,
12,1778100818.057175,2,43125,,,,
12,1778100818.0670514,2,43135,,,,
12,1778100818.0828998,2,43145,,,,
12,1778100818.0927544,2,43155,,,,
12,1778100818.10378,2,43165,,,,
12,1778100818.1098232,2,43175,,,,
12,1778100818.1170254,2,43185,,,,
12,1778100818.127003,2,43195,,,,
12,1778100818.1387062,2,43205,,,,
12,1778100818.148049,2,43215,,,,
12,1778100818.1557033,2,43225,,,,
12,1778100818.1755643,2,43235,,,,
12,1778100818.175716,2,43245,,,,
12,1778100818.1871564,2,43255,,,,
12,1778100818.1967096,2,43265,,,,
12,1778100818.205912,2,43275,,,,
12,1778100818.2154493,2,43285,,,,
12,1778100818.226735,2,43295,,,,
12,1778100818.235175,2,43305,,,,
12,1778100818.251072,2,43315,,,,
12,1778100818.2586238,2,43325,,,,
12,1778100818.265684,2,43335,,,,
12,1778100818.2786477,2,43345,,,,
12,1778100818.2853522,2,43355,,,,
12,1778100818.295091,2,43365,,,,
12,1778100818.306154,2,43375,,,,
12,1778100818.3156,2,43385,,,,
12,1778100818.3276606,2,43395,,,,
12,1778100818.3360395,2,43405,,,,
12,1778100818.3467762,2,43415,,,,
12,1778100818.3556905,2,43425,,,,
12,1778100818.373799,2,43435,,,,
12,1778100818.3789074,2,43445,,,,
12,1778100818.395,2,43455,,,,
12,1778100818.3968298,2,43465,,,,
12,1778100818.4194343,2,43475,,,,
12,1778100818.420955,2,43485,,,,
12,1778100818.4253933,2,43495,,,,
12,1778100818.4352481,2,43505,,,,
12,1778100818.4455013,2,43515,,,,
12,1778100818.4556875,2,43525,,,,
12,1778100818.4688532,2,43535,,,,
12,1778100818.4836946,2,43545,,,,
12,1778100818.490739,2,43555,,,,
12,1778100818.495134,2,43565,,,,
12,1778100818.5056672,2,43575,,,,
12,1778100818.5208154,2,43585,,,,
12,1778100818.525551,2,43595,,,,
12,1778100818.5353858,2,43605,,,,
12,1778100818.546089,2,43615,,,,
12,1778100818.5551074,2,43625,,,,
12,1778100818.5665946,2,43635,,,,
12,1778100818.575358,2,43645,,,,
12,1778100818.5854511,2,43655,,,,
12,1778100818.595339,2,43665,,,,
12,1778100818.6098557,2,43675,,,,
12,1778100818.6248229,2,43685,,,,
12,1778100818.6263032,2,43695,,,,
12,1778100818.6359527,2,43705,,,,
12,1778100818.645403,2,43715,,,,
12,1778100818.6566992,2,43725,,,,
12,1778100818.6727746,2,43735,,,,
12,1778100818.6770504,2,43745,,,,
12,1778100818.6885304,2,43755,,,,
12,1778100818.6952434,2,43765,,,,
12,1778100818.7051282,2,43775,,,,
12,1778100818.7260706,2,43785,,,,
12,1778100818.7279804,2,43795,,,,
12,1778100818.7351575,2,43805,,,,
12,1778100818.752755,2,43815,,,,
12,1778100818.7556465,2,43825,,,,
12,1778100818.7681696,2,43835,,,,
12,1778100818.777781,2,43845,,,,
12,1778100818.7908628,2,43855,,,,
12,1778100818.7978463,2,43865,,,,
12,1778100818.8058162,2,43875,,,,
12,1778100818.817891,2,43885,,,,
12,1778100818.8275015,2,43895,,,,
12,1778100818.8352675,2,43905,,,,
12,1778100818.8453748,2,43915,,,,
12,1778100818.8679395,2,43925,,,,
12,1778100818.8698604,2,43935,,,,
12,1778100818.8780358,2,43945,,,,
12,1778100818.888614,2,43955,,,,
12,1778100818.9098651,2,43965,,,,
12,1778100818.9127293,2,43975,,,,
12,1778100818.9156115,2,43985,,,,
12,1778100818.9271247,2,43995,,,,
12,1778100818.9360993,2,44005,,,,
12,1778100818.9468565,2,44015,,,,
12,1778100818.9566941,2,44025,,,,
12,1778100818.967066,2,44035,,,,
12,1778100818.9756882,2,44045,,,,
12,1778100818.9856586,2,44055,,,,
12,1778100818.9954371,2,44065,,,,
12,1778100819.0051734,2,44075,,,,
12,1778100819.0155034,2,44085,,,,
12,1778100819.0280852,2,44095,,,,
12,1778100819.035162,2,44105,,,,
12,1778100819.0468926,2,44115,,,,
12,1778100819.0551798,2,44125,,,,
12,1778100819.065702,2,44135,,,,
12,1778100819.0765514,2,44145,,,,
12,1778100819.0875475,2,44155,,,,
12,1778100819.103321,2,44165,,,,
12,1778100819.1064248,2,44175,,,,
12,1778100819.1176615,2,44185,,,,
12,1778100819.1261892,2,44195,,,,
12,1778100819.135537,2,44205,,,,
12,1778100819.1454968,2,44215,,,,
12,1778100819.155277,2,44225,,,,
12,1778100819.1654775,2,44235,,,,
12,1778100819.1758392,2,44245,,,,
12,1778100819.1866398,2,44255,,,,
12,1778100819.2055705,2,44265,,,,
12,1778100819.2058437,2,44275,,,,
12,1778100819.2151606,2,44285,,,,
12,1778100819.2288322,2,44295,,,,
12,1778100819.2397685,2,44305,,,,
12,1778100819.2454658,2,44315,,,,
12,1778100819.2551227,2,44325,,,,
12,1778100819.2653153,2,44335,,,,
12,1778100819.2764282,2,44345,,,,
12,1778100819.2854548,2,44355,,,,
12,1778100819.2952201,2,44365,,,,
12,1778100819.3076005,2,44375,,,,
12,1778100819.3152218,2,44385,,,,
12,1778100819.3253553,2,44395,,,,
12,1778100819.341574,2,44405,,,,
12,1778100819.346514,2,44415,,,,
12,1778100819.3607452,2,44425,,,,
12,1778100819.3656182,2,44435,,,,
12,1778100819.3786592,2,44445,,,,
12,1778100819.3856883,2,44455,,,,
12,1778100819.4012537,2,44465,,,,
12,1778100819.4112775,2,44475,,,,
12,1778100819.4158165,2,44485,,,,
12,1778100819.425592,2,44495,,,,
12,1778100819.4389327,2,44505,,,,
12,1778100819.4457715,2,44515,,,,
12,1778100819.463175,2,44525,,,,
12,1778100819.465709,2,44535,,,,
12,1778100819.4779027,2,44545,,,,
12,1778100819.4868603,2,44555,,,,
12,1778100819.4988952,2,44565,,,,
12,1778100819.513951,2,44575,,,,
12,1778100819.5158608,2,44585,,,,
12,1778100819.5260737,2,44595,,,,
12,1778100819.5404985,2,44605,,,,
12,1778100819.5455062,2,44615,,,,
12,1778100819.5558414,2,44625,,,,
12,1778100819.5655584,2,44635,,,,
12,1778100819.5752223,2,44645,,,,
12,1778100819.5861194,2,44655,,,,
12,1778100819.5956528,2,44665,,,,
12,1778100819.605763,2,44675,,,,
12,1778100819.6182346,2,44685,,,,
12,1778100819.630417,2,44695,,,,
12,1778100819.6359532,2,44705,,,,
12,1778100819.6482959,2,44715,,,,
12,1778100819.65663,2,44725,,,,
12,1778100819.6651604,2,44735,,,,
12,1778100819.675348,2,44745,,,,
12,1778100819.6862276,2,44755,,,,
12,1778100819.6961124,2,44765,,,,
12,1778100819.7079842,2,44775,,,,
12,1778100819.719903,2,44785,,,,
12,1778100819.7272792,2,44795,,,,
12,1778100819.7428792,2,44805,,,,
12,1778100819.7455707,2,44815,,,,
12,1778100819.7589808,2,44825,,,,
12,1778100819.7667992,2,44835,,,,
12,1778100819.7751296,2,44845,,,,
12,1778100819.787782,2,44855,,,,
12,1778100819.796642,2,44865,,,,
12,1778100819.8186743,2,44875,,,,
12,1778100819.8214042,2,44885,,,,
12,1778100819.8256917,2,44895,,,,
12,1778100819.835122,2,44905,,,,
12,1778100819.8471498,2,44915,,,,
12,1778100819.855274,2,44925,,,,
12,1778100819.8669736,2,44935,,,,
12,1778100819.8825984,2,44945,,,,
12,1778100819.8860922,2,44955,,,,
12,1778100819.898857,2,44965,,,,
12,1778100819.9060585,2,44975,,,,
12,1778100819.9158747,2,44985,,,,
12,1778100819.9263065,2,44995,,,,
12,1778100819.9387329,2,45005,,,,
12,1778100819.9467986,2,45015,,,,
12,1778100819.9558728,2,45025,,,,
12,1778100819.9655182,2,45035,,,,
12,1778100819.9752011,2,45045,,,,
12,1778100819.9854722,2,45055,,,,
12,1778100819.997207,2,45065,,,,
12,1778100820.0052621,2,45075,,,,
12,1778100820.01526,2,45085,,,,
12,1778100820.0254302,2,45095,,,,
12,1778100820.037812,2,45105,,,,
12,1778100820.0458138,2,45115,,,,
12,1778100820.0551953,2,45125,,,,
12,1778100820.065592,2,45135,,,,
12,1778100820.0818777,2,45145,,,,
12,1778100820.0863369,2,45155,,,,
12,1778100820.095716,2,45165,,,,
12,1778100820.1069937,2,45175,,,,
12,1778100820.1170692,2,45185,,,,
12,1778100820.1262312,2,45195,,,,
12,1778100820.1356697,2,45205,,,,
12,1778100820.1469967,2,45215,,,,
12,1778100820.158017,2,45225,,,,
12,1778100820.1767943,2,45235,,,,
12,1778100820.1768224,2,45245,,,,
12,1778100820.1907556,2,45255,,,,
12,1778100820.1978414,2,45265,,,,
12,1778100820.2085087,2,45275,,,,
12,1778100820.2207146,2,45285,,,,
12,1778100820.229763,2,45295,,,,
12,1778100820.2368333,2,45305,,,,
12,1778100820.2454033,2,45315,,,,
12,1778100820.2565172,2,45325,,,,
12,1778100820.265349,2,45335,,,,
12,1778100820.2754974,2,45345,,,,
12,1778100820.2867954,2,45355,,,,
12,1778100820.2997015,2,45365,,,,
12,1778100820.305567,2,45375,,,,
12,1778100820.3183985,2,45385,,,,
12,1778100820.327691,2,45395,,,,
12,1778100820.335297,2,45405,,,,
12,1778100820.3464386,2,45415,,,,
12,1778100820.3557508,2,45425,,,,
12,1778100820.3697703,2,45435,,,,
12,1778100820.3757691,2,45445,,,,
12,1778100820.38538,2,45455,,,,
12,1778100820.3951607,2,45465,,,,
12,1778100820.4055529,2,45475,,,,
12,1778100820.416223,2,45485,,,,
12,1778100820.432496,2,45495,,,,
12,1778100820.4352584,2,45505,,,,
12,1778100820.4484248,2,45515,,,,
12,1778100820.4568367,2,45525,,,,
12,1778100820.4669108,2,45535,,,,
12,1778100820.4768436,2,45545,,,,
12,1778100820.4855354,2,45555,,,,
12,1778100820.4954967,2,45565,,,,
12,1778100820.5067065,2,45575,,,,
12,1778100820.5154076,2,45585,,,,
12,1778100820.5268478,2,45595,,,,
12,1778100820.5354266,2,45605,,,,
12,1778100820.5456176,2,45615,,,,
12,1778100820.5627346,2,45625,,,,
12,1778100820.5698798,2,45635,,,,
12,1778100820.5752165,2,45645,,,,
12,1778100820.5853493,2,45655,,,,
12,1778100820.5998588,2,45665,,,,
12,1778100820.6067598,2,45675,,,,
12,1778100820.6166594,2,45685,,,,
12,1778100820.625778,2,45695,,,,
12,1778100820.6399167,2,45705,,,,
12,1778100820.6537802,2,45715,,,,
12,1778100820.6559827,2,45725,,,,
12,1778100820.6670065,2,45735,,,,
12,1778100820.675352,2,45745,,,,
12,1778100820.6855211,2,45755,,,,
12,1778100820.6956775,2,45765,,,,
12,1778100820.7055094,2,45775,,,,
12,1778100820.7188694,2,45785,,,,
12,1778100820.7253175,2,45795,,,,
12,1778100820.7424955,2,45805,,,,
12,1778100820.7475917,2,45815,,,,
12,1778100820.757855,2,45825,,,,
12,1778100820.7657256,2,45835,,,,
12,1778100820.7794678,2,45845,,,,
12,1778100820.7927713,2,45855,,,,
12,1778100820.7951527,2,45865,,,,
12,1778100820.8051107,2,45875,,,,
12,1778100820.8156326,2,45885,,,,
12,1778100820.825438,2,45895,,,,
12,1778100820.8389325,2,45905,,,,
12,1778100820.8455188,2,45915,,,,
12,1778100820.858933,2,45925,,,,
12,1778100820.868019,2,45935,,,,
12,1778100820.8824854,2,45945,,,,
12,1778100820.8855915,2,45955,,,,
12,1778100820.8974533,2,45965,,,,
12,1778100820.9052582,2,45975,,,,
12,1778100820.916748,2,45985,,,,
12,1778100820.92691,2,45995,,,,
12,1778100820.9418519,2,46005,,,,
12,1778100820.9477437,2,46015,,,,
12,1778100820.9591095,2,46025,,,,
12,1778100820.975044,2,46035,,,,
12,1778100820.9799635,2,46045,,,,
12,1778100820.9869826,2,46055,,,,
12,1778100820.998195,2,46065,,,,
12,1778100821.005156,2,46075,,,,
12,1778100821.0156672,2,46085,,,,
12,1778100821.0257344,2,46095,,,,
12,1778100821.0357492,2,46105,,,,
12,1778100821.0499067,2,46115,,,,
12,1778100821.0552366,2,46125,,,,
12,1778100821.0667686,2,46135,,,,
12,1778100821.0787838,2,46145,,,,
12,1778100821.08563,2,46155,,,,
12,1778100821.0951838,2,46165,,,,
12,1778100821.1059513,2,46175,,,,
12,1778100821.141079,2,46185,,,,
12,1778100821.157137,2,46195,,,,
12,1778100821.1668944,2,46205,,,,
12,1778100821.1669178,2,46215,,,,
12,1778100821.1669295,2,46225,,,,
12,1778100821.1669395,2,46235,,,,
12,1778100821.1789913,2,46245,,,,
12,1778100821.1858654,2,46255,,,,
12,1778100821.1958036,2,46265,,,,
12,1778100821.2083778,2,46275,,,,
12,1778100821.2168343,2,46285,,,,
12,1778100821.2263324,2,46295,,,,
12,1778100821.2367957,2,46305,,,,
12,1778100821.2474027,2,46315,,,,
12,1778100821.2551243,2,46325,,,,
12,1778100821.2651439,2,46335,,,,
12,1778100821.2804875,2,46345,,,,
12,1778100821.2854223,2,46355,,,,
12,1778100821.2952237,2,46365,,,,
12,1778100821.3096135,2,46375,,,,
12,1778100821.3171751,2,46385,,,,
12,1778100821.327569,2,46395,,,,
12,1778100821.3356874,2,46405,,,,
12,1778100821.3479204,2,46415,,,,
12,1778100821.356292,2,46425,,,,
12,1778100821.3659127,2,46435,,,,
12,1778100821.3797002,2,46445,,,,
12,1778100821.38959,2,46455,,,,
12,1778100821.3956125,2,46465,,,,
12,1778100821.4055736,2,46475,,,,
12,1778100821.4152682,2,46485,,,,
12,1778100821.4279516,2,46495,,,,
12,1778100821.435916,2,46505,,,,
12,1778100821.4521224,2,46515,,,,
12,1778100821.4568872,2,46525,,,,
12,1778100821.4666314,2,46535,,,,
12,1778100821.4888632,2,46545,,,,
12,1778100821.490669,2,46555,,,,
12,1778100821.4950988,2,46565,,,,
12,1778100821.5085342,2,46575,,,,
12,1778100821.516075,2,46585,,,,
12,1778100821.5273721,2,46595,,,,
12,1778100821.5357063,2,46605,,,,
12,1778100821.5454774,2,46615,,,,
12,1778100821.5555928,2,46625,,,,
12,1778100821.5660849,2,46635,,,,
12,1778100821.5894778,2,46645,,,,
12,1778100821.5933492,2,46655,,,,
12,1778100821.5963473,2,46665,,,,
12,1778100821.608815,2,46675,,,,
12,1778100821.6153579,2,46685,,,,
12,1778100821.6259868,2,46695,,,,
12,1778100821.6388364,2,46705,,,,
12,1778100821.6468728,2,46715,,,,
12,1778100821.6675851,2,46725,,,,
12,1778100821.6678212,2,46735,,,,
12,1778100821.6751373,2,46745,,,,
12,1778100821.6940796,2,46755,,,,
12,1778100821.6959913,2,46765,,,,
12,1778100821.7116058,2,46775,,,,
12,1778100821.71637,2,46785,,,,
12,1778100821.7260609,2,46795,,,,
12,1778100821.7367718,2,46805,,,,
12,1778100821.7455752,2,46815,,,,
12,1778100821.7569482,2,46825,,,,
12,1778100821.7652712,2,46835,,,,
12,1778100821.77814,2,46845,,,,
12,1778100821.7863607,2,46855,,,,
12,1778100821.7965748,2,46865,,,,
12,1778100821.8091047,2,46875,,,,
12,1778100821.815077,2,46885,,,,
12,1778100821.825434,2,46895,,,,
12,1778100821.8361459,2,46905,,,,
12,1778100821.8546638,2,46915,,,,
12,1778100821.862558,2,46925,,,,
12,1778100821.873472,2,46935,,,,
12,1778100821.8764226,2,46945,,,,
12,1778100821.8865182,2,46955,,,,
12,1778100821.8980808,2,46965,,,,
12,1778100821.9129531,2,46975,,,,
12,1778100821.915451,2,46985,,,,
12,1778100821.9265041,2,46995,,,,
12,1778100821.938264,2,47005,,,,
12,1778100821.9458077,2,47015,,,,
12,1778100821.9557106,2,47025,,,,
12,1778100821.9700687,2,47035,,,,
12,1778100821.9759235,2,47045,,,,
12,1778100821.9963932,2,47055,,,,
12,1778100822.0005934,2,47065,,,,
12,1778100822.0092995,2,47075,,,,
12,1778100822.0168116,2,47085,,,,
12,1778100822.0277808,2,47095,,,,
12,1778100822.0374343,2,47105,,,,
12,1778100822.046082,2,47115,,,,
12,1778100822.0560384,2,47125,,,,
12,1778100822.0736783,2,47135,,,,
12,1778100822.0762646,2,47145,,,,
12,1778100822.0870104,2,47155,,,,
12,1778100822.1063986,2,47165,,,,
12,1778100822.1089358,2,47175,,,,
12,1778100822.1161103,2,47185,,,,
12,1778100822.1251543,2,47195,,,,
12,1778100822.1353025,2,47205,,,,
12,1778100822.1457548,2,47215,,,,
12,1778100822.159704,2,47225,,,,
12,1778100822.1667814,2,47235,,,,
12,1778100822.1778338,2,47245,,,,
12,1778100822.185162,2,47255,,,,
12,1778100822.1957757,2,47265,,,,
12,1778100822.2094185,2,47275,,,,
12,1778100822.2150488,2,47285,,,,
12,1778100822.2296386,2,47295,,,,
12,1778100822.2350197,2,47305,,,,
12,1778100822.2460234,2,47315,,,,
12,1778100822.2557414,2,47325,,,,
12,1778100822.2724707,2,47335,,,,
12,1778100822.2783856,2,47345,,,,
12,1778100822.2853832,2,47355,,,,
12,1778100822.2980454,2,47365,,,,
12,1778100822.3088198,2,47375,,,,
12,1778100822.3188431,2,47385,,,,
12,1778100822.3251173,2,47395,,,,
12,1778100822.3382585,2,47405,,,,
12,1778100822.3478768,2,47415,,,,
12,1778100822.3569093,2,47425,,,,
12,1778100822.3701057,2,47435,,,,
12,1778100822.3855748,2,47445,,,,
12,1778100822.3857305,2,47455,,,,
12,1778100822.3952334,2,47465,,,,
12,1778100822.4070032,2,47475,,,,
12,1778100822.4156523,2,47485,,,,
12,1778100822.4265609,2,47495,,,,
12,1778100822.4394855,2,47505,,,,
12,1778100822.446766,2,47515,,,,
12,1778100822.4607239,2,47525,,,,
12,1778100822.466017,2,47535,,,,
12,1778100822.476642,2,47545,,,,
12,1778100822.4889145,2,47555,,,,
12,1778100822.496866,2,47565,,,,
12,1778100822.5055654,2,47575,,,,
12,1778100822.5162063,2,47585,,,,
12,1778100822.5289657,2,47595,,,,
12,1778100822.5350618,2,47605,,,,
12,1778100822.545116,2,47615,,,,
12,1778100822.555682,2,47625,,,,
12,1778100822.5847747,2,47635,,,,
12,1778100822.5848026,2,47645,,,,
12,1778100822.5868177,2,47655,,,,
12,1778100822.5968068,2,47665,,,,
12,1778100822.60574,2,47675,,,,
12,1778100822.6164198,2,47685,,,,
12,1778100822.6288087,2,47695,,,,
12,1778100822.6366694,2,47705,,,,
12,1778100822.6450114,2,47715,,,,
12,1778100822.6557152,2,47725,,,,
12,1778100822.6656203,2,47735,,,,
12,1778100822.6770632,2,47745,,,,
12,1778100822.6899624,2,47755,,,,
12,1778100822.6958716,2,47765,,,,
12,1778100822.7078931,2,47775,,,,
12,1778100822.718777,2,47785,,,,
12,1778100822.7267897,2,47795,,,,
12,1778100822.736879,2,47805,,,,
12,1778100822.7450116,2,47815,,,,
12,1778100822.7582445,2,47825,,,,
12,1778100822.7676995,2,47835,,,,
12,1778100822.7838438,2,47845,,,,
12,1778100822.789698,2,47855,,,,
12,1778100822.7950945,2,47865,,,,
12,1778100822.8060873,2,47875,,,,
12,1778100822.8320742,2,47885,,,,
12,1778100822.8379552,2,47895,,,,
12,1778100822.837979,2,47905,,,,
12,1778100822.8453932,2,47915,,,,
12,1778100822.8568952,2,47925,,,,
12,1778100822.8709342,2,47935,,,,
12,1778100822.8755834,2,47945,,,,
12,1778100822.8856542,2,47955,,,,
12,1778100822.8975227,2,47965,,,,
12,1778100822.9077492,2,47975,,,,
12,1778100822.9163811,2,47985,,,,
12,1778100822.9268055,2,47995,,,,
12,1778100822.9353037,2,48005,,,,
12,1778100822.9453561,2,48015,,,,
12,1778100822.9557002,2,48025,,,,
12,1778100822.967891,2,48035,,,,
12,1778100822.975532,2,48045,,,,
12,1778100822.9917743,2,48055,,,,
12,1778100822.9967031,2,48065,,,,
12,1778100823.00876,2,48075,,,,
12,1778100823.0151665,2,48085,,,,
12,1778100823.0298042,2,48095,,,,
12,1778100823.0388021,2,48105,,,,
12,1778100823.050862,2,48115,,,,
12,1778100823.0551698,2,48125,,,,
12,1778100823.06598,2,48135,,,,
12,1778100823.0769737,2,48145,,,,
12,1778100823.0916429,2,48155,,,,
12,1778100823.097955,2,48165,,,,
12,1778100823.1054747,2,48175,,,,
12,1778100823.1155012,2,48185,,,,
12,1778100823.1348343,2,48195,,,,
12,1778100823.1379187,2,48205,,,,
12,1778100823.1478543,2,48215,,,,
12,1778100823.1557128,2,48225,,,,
12,1778100823.165657,2,48235,,,,
12,1778100823.1756208,2,48245,,,,
12,1778100823.1918354,2,48255,,,,
12,1778100823.199723,2,48265,,,,
12,1778100823.2056868,2,48275,,,,
12,1778100823.2150729,2,48285,,,,
12,1778100823.2296562,2,48295,,,,
12,1778100823.2352233,2,48305,,,,
12,1778100823.2451649,2,48315,,,,
12,1778100823.2749288,2,48325,,,,
12,1778100823.2749534,2,48335,,,,
12,1778100823.2779562,2,48345,,,,
12,1778100823.2866747,2,48355,,,,
12,1778100823.306061,2,48365,,,,
12,1778100823.3083665,2,48375,,,,
12,1778100823.3208714,2,48385,,,,
12,1778100823.33023,2,48395,,,,
12,1778100823.3358583,2,48405,,,,
12,1778100823.3454719,2,48415,,,,
12,1778100823.3552244,2,48425,,,,
12,1778100823.3651974,2,48435,,,,
12,1778100823.375774,2,48445,,,,
12,1778100823.3853552,2,48455,,,,
12,1778100823.3978233,2,48465,,,,
12,1778100823.4050486,2,48475,,,,
12,1778100823.4169095,2,48485,,,,
12,1778100823.4258668,2,48495,,,,
12,1778100823.4355602,2,48505,,,,
12,1778100823.445201,2,48515,,,,
12,1778100823.4555075,2,48525,,,,
12,1778100823.4659588,2,48535,,,,
12,1778100823.4769547,2,48545,,,,
12,1778100823.4855366,2,48555,,,,
12,1778100823.4976678,2,48565,,,,
12,1778100823.506554,2,48575,,,,
12,1778100823.5219347,2,48585,,,,
12,1778100823.525224,2,48595,,,,
12,1778100823.5351646,2,48605,,,,
12,1778100823.5480921,2,48615,,,,
12,1778100823.5570908,2,48625,,,,
12,1778100823.5665822,2,48635,,,,
12,1778100823.5758166,2,48645,,,,
12,1778100823.5856462,2,48655,,,,
12,1778100823.6087441,2,48665,,,,
12,1778100823.6087978,2,48675,,,,
12,1778100823.618834,2,48685,,,,
12,1778100823.6297019,2,48695,,,,
12,1778100823.639502,2,48705,,,,
12,1778100823.6550717,2,48715,,,,
12,1778100823.655459,2,48725,,,,
12,1778100823.665901,2,48735,,,,
12,1778100823.6754441,2,48745,,,,
12,1778100823.6856284,2,48755,,,,
12,1778100823.701942,2,48765,,,,
12,1778100823.7117908,2,48775,,,,
12,1778100823.717656,2,48785,,,,
12,1778100823.7262218,2,48795,,,,
12,1778100823.7399771,2,48805,,,,
12,1778100823.7468534,2,48815,,,,
12,1778100823.7560596,2,48825,,,,
12,1778100823.7652726,2,48835,,,,
12,1778100823.7760718,2,48845,,,,
12,1778100823.7859323,2,48855,,,,
12,1778100823.7972035,2,48865,,,,
12,1778100823.8074915,2,48875,,,,
12,1778100823.8151782,2,48885,,,,
12,1778100823.8257852,2,48895,,,,
12,1778100823.8351777,2,48905,,,,
12,1778100823.8465748,2,48915,,,,
12,1778100823.855446,2,48925,,,,
12,1778100823.865693,2,48935,,,,
12,1778100823.8751767,2,48945,,,,
12,1778100823.8869941,2,48955,,,,
12,1778100823.8959613,2,48965,,,,
12,1778100823.913641,2,48975,,,,
12,1778100823.915903,2,48985,,,,
12,1778100823.9250495,2,48995,,,,
12,1778100823.9350276,2,49005,,,,
12,1778100823.9451928,2,49015,,,,
12,1778100823.9552505,2,49025,,,,
12,1778100823.9657142,2,49035,,,,
12,1778100823.975135,2,49045,,,,
12,1778100823.9870968,2,49055,,,,
12,1778100824.000829,2,49065,,,,
12,1778100824.009764,2,49075,,,,
12,1778100824.0190518,2,49085,,,,
12,1778100824.0298674,2,49095,,,,
12,1778100824.0368319,2,49105,,,,
12,1778100824.0466228,2,49115,,,,
12,1778100824.05682,2,49125,,,,
12,1778100824.0674632,2,49135,,,,
12,1778100824.0758612,2,49145,,,,
12,1778100824.089105,2,49155,,,,
12,1778100824.0954697,2,49165,,,,
12,1778100824.1051784,2,49175,,,,
12,1778100824.1186042,2,49185,,,,
12,1778100824.1293106,2,49195,,,,
12,1778100824.1366193,2,49205,,,,
12,1778100824.1507435,2,49215,,,,
12,1778100824.1555915,2,49225,,,,
12,1778100824.1658497,2,49235,,,,
12,1778100824.175923,2,49245,,,,
12,1778100824.1906667,2,49255,,,,
12,1778100824.195569,2,49265,,,,
12,1778100824.206418,2,49275,,,,
12,1778100824.217804,2,49285,,,,
12,1778100824.227186,2,49295,,,,
12,1778100824.2351468,2,49305,,,,
12,1778100824.2455049,2,49315,,,,
12,1778100824.2551723,2,49325,,,,
12,1778100824.2717533,2,49335,,,,
12,1778100824.2760596,2,49345,,,,
12,1778100824.2895906,2,49355,,,,
12,1778100824.2955592,2,49365,,,,
12,1778100824.3063009,2,49375,,,,
12,1778100824.3174717,2,49385,,,,
12,1778100824.3288267,2,49395,,,,
12,1778100824.3370643,2,49405,,,,
12,1778100824.3451552,2,49415,,,,
12,1778100824.35609,2,49425,,,,
12,1778100824.3680325,2,49435,,,,
12,1778100824.3769495,2,49445,,,,
12,1778100824.3860898,2,49455,,,,
12,1778100824.3962831,2,49465,,,,
12,1778100824.4107046,2,49475,,,,
12,1778100824.4191046,2,49485,,,,
12,1778100824.4284565,2,49495,,,,
12,1778100824.439774,2,49505,,,,
12,1778100824.445927,2,49515,,,,
12,1778100824.4564424,2,49525,,,,
12,1778100824.4666924,2,49535,,,,
12,1778100824.475172,2,49545,,,,
12,1778100824.4852707,2,49555,,,,
12,1778100824.4969923,2,49565,,,,
12,1778100824.5055919,2,49575,,,,
12,1778100824.517645,2,49585,,,,
12,1778100824.5301046,2,49595,,,,
12,1778100824.5354156,2,49605,,,,
12,1778100824.5459363,2,49615,,,,
12,1778100824.557926,2,49625,,,,
12,1778100824.5752437,2,49635,,,,
12,1778100824.5864468,2,49645,,,,
12,1778100824.5897229,2,49655,,,,
12,1778100824.5967603,2,49665,,,,
12,1778100824.6061249,2,49675,,,,
12,1778100824.6160374,2,49685,,,,
12,1778100824.630614,2,49695,,,,
12,1778100824.6410315,2,49705,,,,
12,1778100824.6465633,2,49715,,,,
12,1778100824.6551588,2,49725,,,,
12,1778100824.6657615,2,49735,,,,
12,1778100824.6751366,2,49745,,,,
12,1778100824.6852055,2,49755,,,,
12,1778100824.6971016,2,49765,,,,
12,1778100824.7107596,2,49775,,,,
12,1778100824.7162707,2,49785,,,,
12,1778100824.731909,2,49795,,,,
12,1778100824.7387152,2,49805,,,,
12,1778100824.7461,2,49815,,,,
12,1778100824.7587543,2,49825,,,,
12,1778100824.7719502,2,49835,,,,
12,1778100824.7768736,2,49845,,,,
12,1778100824.7865646,2,49855,,,,
12,1778100824.795191,2,49865,,,,
12,1778100824.8061523,2,49875,,,,
12,1778100824.8153074,2,49885,,,,
12,1778100824.835758,2,49895,,,,
12,1778100824.8396897,2,49905,,,,
12,1778100824.8450954,2,49915,,,,
12,1778100824.859011,2,49925,,,,
12,1778100824.8716104,2,49935,,,,
12,1778100824.8756862,2,49945,,,,
12,1778100824.8858929,2,49955,,,,
12,1778100824.8965068,2,49965,,,,
12,1778100824.9077663,2,49975,,,,
12,1778100824.9155145,2,49985,,,,
12,1778100824.9297416,2,49995,,,,
12,1778100824.9381595,2,50005,,,,
12,1778100824.9451354,2,50015,,,,
12,1778100824.9553874,2,50025,,,,
12,1778100824.9655368,2,50035,,,,
12,1778100824.9827814,2,50045,,,,
12,1778100824.988364,2,50055,,,,
12,1778100824.9977343,2,50065,,,,
12,1778100825.0058036,2,50075,,,,
12,1778100825.0185697,2,50085,,,,
12,1778100825.0278242,2,50095,,,,
12,1778100825.036991,2,50105,,,,
12,1778100825.0452504,2,50115,,,,
12,1778100825.0553117,2,50125,,,,
12,1778100825.075181,2,50135,,,,
12,1778100825.075811,2,50145,,,,
12,1778100825.0890703,2,50155,,,,
12,1778100825.095071,2,50165,,,,
12,1778100825.1054049,2,50175,,,,
12,1778100825.1179821,2,50185,,,,
12,1778100825.1329024,2,50195,,,,
12,1778100825.1446013,2,50205,,,,
12,1778100825.1538332,2,50215,,,,
12,1778100825.158669,2,50225,,,,
12,1778100825.1688461,2,50235,,,,
12,1778100825.177704,2,50245,,,,
12,1778100825.1854084,2,50255,,,,
12,1778100825.195197,2,50265,,,,
12,1778100825.2064927,2,50275,,,,
12,1778100825.2156541,2,50285,,,,
12,1778100825.2254798,2,50295,,,,
12,1778100825.2377467,2,50305,,,,
12,1778100825.249022,2,50315,,,,
12,1778100825.2569053,2,50325,,,,
12,1778100825.2662725,2,50335,,,,
12,1778100825.278903,2,50345,,,,
12,1778100825.29325,2,50355,,,,
12,1778100825.2976694,2,50365,,,,
12,1778100825.308206,2,50375,,,,
12,1778100825.3164465,2,50385,,,,
12,1778100825.325587,2,50395,,,,
12,1778100825.3370123,2,50405,,,,
12,1778100825.3486383,2,50415,,,,
12,1778100825.3550475,2,50425,,,,
12,1778100825.367417,2,50435,,,,
12,1778100825.3797495,2,50445,,,,
12,1778100825.3854551,2,50455,,,,
12,1778100825.3976302,2,50465,,,,
12,1778100825.4103088,2,50475,,,,
12,1778100825.4152997,2,50485,,,,
12,1778100825.4255068,2,50495,,,,
12,1778100825.4368014,2,50505,,,,
12,1778100825.4480631,2,50515,,,,
12,1778100825.4554598,2,50525,,,,
12,1778100825.4658945,2,50535,,,,
12,1778100825.475991,2,50545,,,,
12,1778100825.485431,2,50555,,,,
12,1778100825.4979856,2,50565,,,,
12,1778100825.505167,2,50575,,,,
12,1778100825.5151088,2,50585,,,,
12,1778100825.530153,2,50595,,,,
12,1778100825.5416555,2,50605,,,,
12,1778100825.5547426,2,50615,,,,
12,1778100825.5568404,2,50625,,,,
12,1778100825.5656464,2,50635,,,,
12,1778100825.5855658,2,50645,,,,
12,1778100825.5946789,2,50655,,,,
12,1778100825.5989666,2,50665,,,,
12,1778100825.608764,2,50675,,,,
12,1778100825.6171334,2,50685,,,,
12,1778100825.6256433,2,50695,,,,
12,1778100825.637693,2,50705,,,,
12,1778100825.6506326,2,50715,,,,
12,1778100825.6556885,2,50725,,,,
12,1778100825.665099,2,50735,,,,
12,1778100825.6799338,2,50745,,,,
12,1778100825.6871846,2,50755,,,,
12,1778100825.6998096,2,50765,,,,
12,1778100825.70571,2,50775,,,,
12,1778100825.7177641,2,50785,,,,
12,1778100825.7267363,2,50795,,,,
12,1778100825.737893,2,50805,,,,
12,1778100825.7500396,2,50815,,,,
12,1778100825.7554014,2,50825,,,,
12,1778100825.7700977,2,50835,,,,
12,1778100825.775042,2,50845,,,,
12,1778100825.7868004,2,50855,,,,
12,1778100825.7967148,2,50865,,,,
12,1778100825.8145862,2,50875,,,,
12,1778100825.8218555,2,50885,,,,
12,1778100825.8308437,2,50895,,,,
12,1778100825.8366776,2,50905,,,,
12,1778100825.8452883,2,50915,,,,
12,1778100825.8567202,2,50925,,,,
12,1778100825.8656857,2,50935,,,,
12,1778100825.8775852,2,50945,,,,
12,1778100825.8860886,2,50955,,,,
12,1778100825.8958275,2,50965,,,,
12,1778100825.9054317,2,50975,,,,
12,1778100825.9175246,2,50985,,,,
12,1778100825.9259076,2,50995,,,,
12,1778100825.935613,2,51005,,,,
12,1778100825.947752,2,51015,,,,
12,1778100825.9588587,2,51025,,,,
12,1778100825.9692361,2,51035,,,,
12,1778100825.9757257,2,51045,,,,
12,1778100825.9977443,2,51055,,,,
12,1778100826.0020921,2,51065,,,,
12,1778100826.0052695,2,51075,,,,
12,1778100826.0157316,2,51085,,,,
12,1778100826.0266328,2,51095,,,,
12,1778100826.0357566,2,51105,,,,
12,1778100826.0454879,2,51115,,,,
12,1778100826.0646467,2,51125,,,,
12,1778100826.069853,2,51135,,,,
12,1778100826.0749905,2,51145,,,,
12,1778100826.0873852,2,51155,,,,
12,1778100826.1018133,2,51165,,,,
12,1778100826.1085956,2,51175,,,,
12,1778100826.1158962,2,51185,,,,
12,1778100826.1251817,2,51195,,,,
12,1778100826.1366231,2,51205,,,,
12,1778100826.1526031,2,51215,,,,
12,1778100826.1624897,2,51225,,,,
12,1778100826.1689558,2,51235,,,,
12,1778100826.1791103,2,51245,,,,
12,1778100826.1855872,2,51255,,,,
12,1778100826.197254,2,51265,,,,
12,1778100826.2052052,2,51275,,,,
12,1778100826.2149973,2,51285,,,,
12,1778100826.2263057,2,51295,,,,
12,1778100826.2380927,2,51305,,,,
12,1778100826.246897,2,51315,,,,
12,1778100826.2556286,2,51325,,,,
12,1778100826.265229,2,51335,,,,
12,1778100826.2753706,2,51345,,,,
12,1778100826.289633,2,51355,,,,
12,1778100826.3028553,2,51365,,,,
12,1778100826.305079,2,51375,,,,
12,1778100826.320023,2,51385,,,,
12,1778100826.325005,2,51395,,,,
12,1778100826.3355443,2,51405,,,,
12,1778100826.3455954,2,51415,,,,
12,1778100826.3608282,2,51425,,,,
12,1778100826.3769147,2,51435,,,,
12,1778100826.376941,2,51445,,,,
12,1778100826.3885744,2,51455,,,,
12,1778100826.4025958,2,51465,,,,
12,1778100826.4049404,2,51475,,,,
12,1778100826.4158049,2,51485,,,,
12,1778100826.426347,2,51495,,,,
12,1778100826.4371915,2,51505,,,,
12,1778100826.4461613,2,51515,,,,
12,1778100826.4552786,2,51525,,,,
12,1778100826.4708107,2,51535,,,,
12,1778100826.4756851,2,51545,,,,
12,1778100826.4851966,2,51555,,,,
12,1778100826.495752,2,51565,,,,
12,1778100826.5089502,2,51575,,,,
12,1778100826.5189104,2,51585,,,,
12,1778100826.526691,2,51595,,,,
12,1778100826.5359137,2,51605,,,,
12,1778100826.5459542,2,51615,,,,
12,1778100826.5597274,2,51625,,,,
12,1778100826.5746796,2,51635,,,,
12,1778100826.5797315,2,51645,,,,
12,1778100826.5850787,2,51655,,,,
12,1778100826.5951056,2,51665,,,,
12,1778100826.6090908,2,51675,,,,
12,1778100826.6149232,2,51685,,,,
12,1778100826.6251633,2,51695,,,,
12,1778100826.6353774,2,51705,,,,
12,1778100826.6471457,2,51715,,,,
12,1778100826.6618574,2,51725,,,,
12,1778100826.6656644,2,51735,,,,
12,1778100826.681825,2,51745,,,,
12,1778100826.6899266,2,51755,,,,
12,1778100826.696848,2,51765,,,,
12,1778100826.709082,2,51775,,,,
12,1778100826.7168095,2,51785,,,,
12,1778100826.7255228,2,51795,,,,
12,1778100826.7349513,2,51805,,,,
12,1778100826.7454884,2,51815,,,,
12,1778100826.756119,2,51825,,,,
12,1778100826.7680771,2,51835,,,,
12,1778100826.7818162,2,51845,,,,
12,1778100826.79369,2,51855,,,,
12,1778100826.7978015,2,51865,,,,
12,1778100826.81673,2,51875,,,,
12,1778100826.8167963,2,51885,,,,
12,1778100826.8270426,2,51895,,,,
12,1778100826.836244,2,51905,,,,
12,1778100826.8453927,2,51915,,,,
12,1778100826.8570821,2,51925,,,,
12,1778100826.8651085,2,51935,,,,
12,1778100826.8758974,2,51945,,,,
12,1778100826.8876605,2,51955,,,,
12,1778100826.894925,2,51965,,,,
12,1778100826.9086564,2,51975,,,,
12,1778100826.917598,2,51985,,,,
12,1778100826.9257777,2,51995,,,,
12,1778100826.9368389,2,52005,,,,
12,1778100826.9471014,2,52015,,,,
12,1778100826.9639232,2,52025,,,,
12,1778100826.9661238,2,52035,,,,
12,1778100826.9867365,2,52045,,,,
12,1778100826.9913845,2,52055,,,,
12,1778100826.995471,2,52065,,,,
12,1778100827.005096,2,52075,,,,
12,1778100827.0152876,2,52085,,,,
12,1778100827.0250573,2,52095,,,,
12,1778100827.0357432,2,52105,,,,
12,1778100827.0459352,2,52115,,,,
12,1778100827.0607674,2,52125,,,,
12,1778100827.0655634,2,52135,,,,
12,1778100827.0806897,2,52145,,,,
12,1778100827.0883818,2,52155,,,,
12,1778100827.0957959,2,52165,,,,
12,1778100827.1051738,2,52175,,,,
12,1778100827.1204252,2,52185,,,,
12,1778100827.127183,2,52195,,,,
12,1778100827.1358414,2,52205,,,,
12,1778100827.1459255,2,52215,,,,
12,1778100827.1551745,2,52225,,,,
12,1778100827.165829,2,52235,,,,
12,1778100827.1754143,2,52245,,,,
12,1778100827.1869178,2,52255,,,,
12,1778100827.1955698,2,52265,,,,
12,1778100827.2050815,2,52275,,,,
12,1778100827.2231736,2,52285,,,,
12,1778100827.2258377,2,52295,,,,
12,1778100827.2353928,2,52305,,,,
12,1778100827.2453246,2,52315,,,,
12,1778100827.2565851,2,52325,,,,
12,1778100827.2661731,2,52335,,,,
12,1778100827.2778075,2,52345,,,,
12,1778100827.285556,2,52355,,,,
12,1778100827.295084,2,52365,,,,
12,1778100827.3071392,2,52375,,,,
12,1778100827.3159232,2,52385,,,,
12,1778100827.3251882,2,52395,,,,
12,1778100827.3351173,2,52405,,,,
12,1778100827.3450603,2,52415,,,,
12,1778100827.362782,2,52425,,,,
12,1778100827.3667893,2,52435,,,,
12,1778100827.3765867,2,52445,,,,
12,1778100827.3877187,2,52455,,,,
12,1778100827.3973935,2,52465,,,,
12,1778100827.4077158,2,52475,,,,
12,1778100827.418676,2,52485,,,,
12,1778100827.4250362,2,52495,,,,
12,1778100827.4350936,2,52505,,,,
12,1778100827.445088,2,52515,,,,
12,1778100827.455181,2,52525,,,,
12,1778100827.4673193,2,52535,,,,
12,1778100827.4755645,2,52545,,,,
12,1778100827.489727,2,52555,,,,
12,1778100827.5039082,2,52565,,,,
12,1778100827.506582,2,52575,,,,
12,1778100827.5168655,2,52585,,,,
12,1778100827.527513,2,52595,,,,
12,1778100827.5380785,2,52605,,,,
12,1778100827.5457587,2,52615,,,,
12,1778100827.560938,2,52625,,,,
12,1778100827.5651846,2,52635,,,,
12,1778100827.5756326,2,52645,,,,
12,1778100827.5851176,2,52655,,,,
12,1778100827.600952,2,52665,,,,
12,1778100827.6080155,2,52675,,,,
12,1778100827.6161513,2,52685,,,,
12,1778100827.625146,2,52695,,,,
12,1778100827.644316,2,52705,,,,
12,1778100827.6462634,2,52715,,,,
12,1778100827.6558592,2,52725,,,,
12,1778100827.6666794,2,52735,,,,
12,1778100827.6755395,2,52745,,,,
12,1778100827.6859407,2,52755,,,,
12,1778100827.6997857,2,52765,,,,
12,1778100827.7055452,2,52775,,,,
12,1778100827.7154956,2,52785,,,,
12,1778100827.7253213,2,52795,,,,
12,1778100827.7359238,2,52805,,,,
12,1778100827.7455692,2,52815,,,,
12,1778100827.7551422,2,52825,,,,
12,1778100827.7651923,2,52835,,,,
12,1778100827.7827497,2,52845,,,,
12,1778100827.7864943,2,52855,,,,
12,1778100827.7987542,2,52865,,,,
12,1778100827.8068166,2,52875,,,,
12,1778100827.8154707,2,52885,,,,
12,1778100827.829865,2,52895,,,,
12,1778100827.8429675,2,52905,,,,
12,1778100827.8455253,2,52915,,,,
12,1778100827.8578978,2,52925,,,,
12,1778100827.8659606,2,52935,,,,
12,1778100827.8759875,2,52945,,,,
12,1778100827.8857367,2,52955,,,,
12,1778100827.8969665,2,52965,,,,
12,1778100827.9093862,2,52975,,,,
12,1778100827.9150531,2,52985,,,,
12,1778100827.9271584,2,52995,,,,
12,1778100827.9397814,2,53005,,,,
12,1778100827.946202,2,53015,,,,
12,1778100827.9555469,2,53025,,,,
12,1778100827.965912,2,53035,,,,
12,1778100827.976386,2,53045,,,,
12,1778100827.9858577,2,53055,,,,
12,1778100827.9952161,2,53065,,,,
12,1778100828.0066328,2,53075,,,,
12,1778100828.0150797,2,53085,,,,
12,1778100828.0390844,2,53095,,,,
12,1778100828.0391116,2,53105,,,,
12,1778100828.045019,2,53115,,,,
12,1778100828.055187,2,53125,,,,
12,1778100828.0650914,2,53135,,,,
12,1778100828.0750074,2,53145,,,,
12,1778100828.0869207,2,53155,,,,
12,1778100828.0951154,2,53165,,,,
12,1778100828.109865,2,53175,,,,
12,1778100828.1177762,2,53185,,,,
12,1778100828.1268718,2,53195,,,,
12,1778100828.1351225,2,53205,,,,
12,1778100828.145223,2,53215,,,,
12,1778100828.1551905,2,53225,,,,
12,1778100828.1652997,2,53235,,,,
12,1778100828.17557,2,53245,,,,
12,1778100828.1855853,2,53255,,,,
12,1778100828.1954327,2,53265,,,,
12,1778100828.2067869,2,53275,,,,
12,1778100828.2156742,2,53285,,,,
12,1778100828.2318227,2,53295,,,,
12,1778100828.2354138,2,53305,,,,
12,1778100828.2468424,2,53315,,,,
12,1778100828.2558603,2,53325,,,,
12,1778100828.2704456,2,53335,,,,
12,1778100828.2794557,2,53345,,,,
12,1778100828.2856448,2,53355,,,,
12,1778100828.2957,2,53365,,,,
12,1778100828.3068395,2,53375,,,,
12,1778100828.3169248,2,53385,,,,
12,1778100828.3251057,2,53395,,,,
12,1778100828.3352938,2,53405,,,,
12,1778100828.3475752,2,53415,,,,
12,1778100828.360384,2,53425,,,,
12,1778100828.3666186,2,53435,,,,
12,1778100828.378709,2,53445,,,,
12,1778100828.3928156,2,53455,,,,
12,1778100828.398568,2,53465,,,,
12,1778100828.4054499,2,53475,,,,
12,1778100828.416057,2,53485,,,,
12,1778100828.425127,2,53495,,,,
12,1778100828.435609,2,53505,,,,
12,1778100828.4475856,2,53515,,,,
12,1778100828.4552786,2,53525,,,,
12,1778100828.465125,2,53535,,,,
12,1778100828.475153,2,53545,,,,
12,1778100828.4885395,2,53555,,,,
12,1778100828.4968398,2,53565,,,,
12,1778100828.512728,2,53575,,,,
12,1778100828.534231,2,53585,,,,
12,1778100828.5375488,2,53595,,,,
12,1778100828.5582325,2,53605,,,,
12,1778100828.5585945,2,53615,,,,
12,1778100828.564945,2,53625,,,,
12,1778100828.5670664,2,53635,,,,
12,1778100828.5750809,2,53645,,,,
12,1778100828.5880587,2,53655,,,,
12,1778100828.5954795,2,53665,,,,
12,1778100828.6059606,2,53675,,,,
12,1778100828.6201277,2,53685,,,,
12,1778100828.6294665,2,53695,,,,
12,1778100828.644405,2,53705,,,,
12,1778100828.6504815,2,53715,,,,
12,1778100828.6586564,2,53725,,,,
12,1778100828.6677375,2,53735,,,,
12,1778100828.6768715,2,53745,,,,
12,1778100828.6855597,2,53755,,,,
12,1778100828.6951995,2,53765,,,,
12,1778100828.7056446,2,53775,,,,
12,1778100828.7160382,2,53785,,,,
12,1778100828.728661,2,53795,,,,
12,1778100828.735026,2,53805,,,,
12,1778100828.7450888,2,53815,,,,
12,1778100828.755489,2,53825,,,,
12,1778100828.7707806,2,53835,,,,
12,1778100828.7751408,2,53845,,,,
12,1778100828.7877765,2,53855,,,,
12,1778100828.800719,2,53865,,,,
12,1778100828.8066504,2,53875,,,,
12,1778100828.8155048,2,53885,,,,
12,1778100828.8268714,2,53895,,,,
12,1778100828.83621,2,53905,,,,
12,1778100828.8450456,2,53915,,,,
12,1778100828.8580072,2,53925,,,,
12,1778100828.8650985,2,53935,,,,
12,1778100828.8756983,2,53945,,,,
12,1778100828.8854766,2,53955,,,,
12,1778100828.8955472,2,53965,,,,
12,1778100828.9058552,2,53975,,,,
12,1778100828.9152448,2,53985,,,,
12,1778100828.9332745,2,53995,,,,
12,1778100828.9399862,2,54005,,,,
12,1778100828.9450192,2,54015,,,,
12,1778100828.9554276,2,54025,,,,
12,1778100828.9653196,2,54035,,,,
12,1778100828.975108,2,54045,,,,
12,1778100828.9859343,2,54055,,,,
12,1778100828.9951165,2,54065,,,,
12,1778100829.0055861,2,54075,,,,
12,1778100829.0153835,2,54085,,,,
12,1778100829.0341418,2,54095,,,,
12,1778100829.0365942,2,54105,,,,
12,1778100829.04568,2,54115,,,,
12,1778100829.0566456,2,54125,,,,
12,1778100829.0687535,2,54135,,,,
12,1778100829.0753448,2,54145,,,,
12,1778100829.0858974,2,54155,,,,
12,1778100829.0955229,2,54165,,,,
12,1778100829.1067848,2,54175,,,,
12,1778100829.1167674,2,54185,,,,
12,1778100829.1256745,2,54195,,,,
12,1778100829.1389358,2,54205,,,,
12,1778100829.14721,2,54215,,,,
12,1778100829.1550612,2,54225,,,,
12,1778100829.1659503,2,54235,,,,
12,1778100829.1751025,2,54245,,,,
12,1778100829.1879175,2,54255,,,,
12,1778100829.1954474,2,54265,,,,
12,1778100829.2116065,2,54275,,,,
12,1778100829.216146,2,54285,,,,
12,1778100829.2313693,2,54295,,,,
12,1778100829.2350392,2,54305,,,,
12,1778100829.2461607,2,54315,,,,
12,1778100829.2550433,2,54325,,,,
12,1778100829.267957,2,54335,,,,
12,1778100829.2751455,2,54345,,,,
12,1778100829.2895212,2,54355,,,,
12,1778100829.294989,2,54365,,,,
12,1778100829.3091414,2,54375,,,,
12,1778100829.3155334,2,54385,,,,
12,1778100829.3308723,2,54395,,,,
12,1778100829.3488262,2,54405,,,,
12,1778100829.3488553,2,54415,,,,
12,1778100829.355857,2,54425,,,,
12,1778100829.3667383,2,54435,,,,
12,1778100829.3759406,2,54445,,,,
12,1778100829.386728,2,54455,,,,
12,1778100829.395068,2,54465,,,,
12,1778100829.4050236,2,54475,,,,
12,1778100829.4155467,2,54485,,,,
12,1778100829.425927,2,54495,,,,
12,1778100829.4355874,2,54505,,,,
12,1778100829.4471138,2,54515,,,,
12,1778100829.4553795,2,54525,,,,
12,1778100829.4672303,2,54535,,,,
12,1778100829.4787433,2,54545,,,,
12,1778100829.4856255,2,54555,,,,
12,1778100829.4965444,2,54565,,,,
12,1778100829.5068355,2,54575,,,,
12,1778100829.518617,2,54585,,,,
12,1778100829.5278406,2,54595,,,,
12,1778100829.5350153,2,54605,,,,
12,1778100829.5470283,2,54615,,,,
12,1778100829.5551147,2,54625,,,,
12,1778100829.5687883,2,54635,,,,
12,1778100829.575656,2,54645,,,,
12,1778100829.585703,2,54655,,,,
12,1778100829.6023602,2,54665,,,,
12,1778100829.6108518,2,54675,,,,
12,1778100829.6176422,2,54685,,,,
12,1778100829.6269205,2,54695,,,,
12,1778100829.6350489,2,54705,,,,
12,1778100829.6467702,2,54715,,,,
12,1778100829.657287,2,54725,,,,
12,1778100829.6677668,2,54735,,,,
12,1778100829.677593,2,54745,,,,
12,1778100829.685564,2,54755,,,,
12,1778100829.6960561,2,54765,,,,
12,1778100829.7051528,2,54775,,,,
12,1778100829.7159367,2,54785,,,,
12,1778100829.7284446,2,54795,,,,
12,1778100829.7355185,2,54805,,,,
12,1778100829.7529645,2,54815,,,,
12,1778100829.7609088,2,54825,,,,
12,1778100829.7674627,2,54835,,,,
12,1778100829.775276,2,54845,,,,
12,1778100829.7868364,2,54855,,,,
12,1778100829.7959073,2,54865,,,,
12,1778100829.8078125,2,54875,,,,
12,1778100829.8151488,2,54885,,,,
12,1778100829.8260133,2,54895,,,,
12,1778100829.8386323,2,54905,,,,
12,1778100829.8539054,2,54915,,,,
12,1778100829.855917,2,54925,,,,
12,1778100829.8652933,2,54935,,,,
12,1778100829.875933,2,54945,,,,
12,1778100829.894913,2,54955,,,,
12,1778100829.8975728,2,54965,,,,
12,1778100829.9078534,2,54975,,,,
12,1778100829.9161942,2,54985,,,,
12,1778100829.9259465,2,54995,,,,
12,1778100829.9378004,2,55005,,,,
12,1778100829.9474344,2,55015,,,,
12,1778100829.9600937,2,55025,,,,
12,1778100829.965002,2,55035,,,,
12,1778100829.9774802,2,55045,,,,
12,1778100829.9875088,2,55055,,,,
12,1778100829.9950821,2,55065,,,,
12,1778100830.0060043,2,55075,,,,
12,1778100830.0151231,2,55085,,,,
12,1778100830.0335357,2,55095,,,,
12,1778100830.0368884,2,55105,,,,
12,1778100830.0498884,2,55115,,,,
12,1778100830.0589774,2,55125,,,,
12,1778100830.0650916,2,55135,,,,
12,1778100830.076863,2,55145,,,,
12,1778100830.0874128,2,55155,,,,
12,1778100830.1020827,2,55165,,,,
12,1778100830.1050198,2,55175,,,,
12,1778100830.1151085,2,55185,,,,
12,1778100830.1254606,2,55195,,,,
12,1778100830.1370869,2,55205,,,,
12,1778100830.1489937,2,55215,,,,
12,1778100830.1614478,2,55225,,,,
12,1778100830.1654549,2,55235,,,,
12,1778100830.1764326,2,55245,,,,
12,1778100830.1907668,2,55255,,,,
12,1778100830.1987813,2,55265,,,,
12,1778100830.205443,2,55275,,,,
12,1778100830.2167087,2,55285,,,,
12,1778100830.2325637,2,55295,,,,
12,1778100830.235483,2,55305,,,,
12,1778100830.247141,2,55315,,,,
12,1778100830.2550457,2,55325,,,,
12,1778100830.2650537,2,55335,,,,
12,1778100830.2751582,2,55345,,,,
12,1778100830.2866678,2,55355,,,,
12,1778100830.297018,2,55365,,,,
12,1778100830.3136861,2,55375,,,,
12,1778100830.3166447,2,55385,,,,
12,1778100830.3251934,2,55395,,,,
12,1778100830.3357244,2,55405,,,,
12,1778100830.3455467,2,55415,,,,
12,1778100830.3637893,2,55425,,,,
12,1778100830.366855,2,55435,,,,
12,1778100830.3751369,2,55445,,,,
12,1778100830.385627,2,55455,,,,
12,1778100830.3955445,2,55465,,,,
12,1778100830.4080646,2,55475,,,,
12,1778100830.414968,2,55485,,,,
12,1778100830.4250097,2,55495,,,,
12,1778100830.435803,2,55505,,,,
12,1778100830.4537425,2,55515,,,,
12,1778100830.4549932,2,55525,,,,
12,1778100830.4667966,2,55535,,,,
12,1778100830.4761703,2,55545,,,,
12,1778100830.4851384,2,55555,,,,
12,1778100830.4968312,2,55565,,,,
12,1778100830.5069418,2,55575,,,,
12,1778100830.5176182,2,55585,,,,
12,1778100830.5253687,2,55595,,,,
12,1778100830.536014,2,55605,,,,
12,1778100830.5455856,2,55615,,,,
12,1778100830.5567498,2,55625,,,,
12,1778100830.5659065,2,55635,,,,
12,1778100830.575111,2,55645,,,,
12,1778100830.586273,2,55655,,,,
12,1778100830.6007493,2,55665,,,,
12,1778100830.605776,2,55675,,,,
12,1778100830.6165411,2,55685,,,,
12,1778100830.6266062,2,55695,,,,
12,1778100830.6354506,2,55705,,,,
12,1778100830.6478152,2,55715,,,,
12,1778100830.6558504,2,55725,,,,
12,1778100830.6680455,2,55735,,,,
12,1778100830.6776798,2,55745,,,,
12,1778100830.6888294,2,55755,,,,
12,1778100830.6994715,2,55765,,,,
12,1778100830.7089503,2,55775,,,,
12,1778100830.7149963,2,55785,,,,
12,1778100830.72593,2,55795,,,,
12,1778100830.7357662,2,55805,,,,
12,1778100830.7463462,2,55815,,,,
12,1778100830.7568743,2,55825,,,,
12,1778100830.766951,2,55835,,,,
12,1778100830.7797546,2,55845,,,,
12,1778100830.785295,2,55855,,,,
12,1778100830.7955422,2,55865,,,,
12,1778100830.8074045,2,55875,,,,
12,1778100830.815075,2,55885,,,,
12,1778100830.8250446,2,55895,,,,
12,1778100830.835022,2,55905,,,,
12,1778100830.8458712,2,55915,,,,
12,1778100830.8558,2,55925,,,,
12,1778100830.8787415,2,55935,,,,
12,1778100830.8787649,2,55945,,,,
12,1778100830.886896,2,55955,,,,
12,1778100830.8964293,2,55965,,,,
12,1778100830.9059305,2,55975,,,,
12,1778100830.9150448,2,55985,,,,
12,1778100830.9328728,2,55995,,,,
12,1778100830.935199,2,56005,,,,
12,1778100830.9451528,2,56015,,,,
12,1778100830.958487,2,56025,,,,
12,1778100830.9650085,2,56035,,,,
12,1778100830.9818165,2,56045,,,,
12,1778100830.9850614,2,56055,,,,
12,1778100830.9957829,2,56065,,,,
12,1778100831.0177977,2,56075,,,,
12,1778100831.0178254,2,56085,,,,
12,1778100831.0267754,2,56095,,,,
12,1778100831.0355227,2,56105,,,,
12,1778100831.0451317,2,56115,,,,
12,1778100831.0591571,2,56125,,,,
12,1778100831.066735,2,56135,,,,
12,1778100831.0824194,2,56145,,,,
12,1778100831.0849888,2,56155,,,,
12,1778100831.0969331,2,56165,,,,
12,1778100831.1112201,2,56175,,,,
12,1778100831.1154437,2,56185,,,,
12,1778100831.13006,2,56195,,,,
12,1778100831.1350477,2,56205,,,,
12,1778100831.1553001,2,56215,,,,
12,1778100831.1579947,2,56225,,,,
12,1778100831.1666899,2,56235,,,,
12,1778100831.1786716,2,56245,,,,
12,1778100831.186374,2,56255,,,,
12,1778100831.1987138,2,56265,,,,
12,1778100831.2053459,2,56275,,,,
12,1778100831.21709,2,56285,,,,
12,1778100831.235511,2,56295,,,,
12,1778100831.2358367,2,56305,,,,
12,1778100831.2541046,2,56315,,,,
12,1778100831.2599192,2,56325,,,,
12,1778100831.2657032,2,56335,,,,
12,1778100831.275983,2,56345,,,,
12,1778100831.2886043,2,56355,,,,
12,1778100831.2956734,2,56365,,,,
12,1778100831.3065836,2,56375,,,,
12,1778100831.3264236,2,56385,,,,
12,1778100831.3316753,2,56395,,,,
12,1778100831.3377986,2,56405,,,,
12,1778100831.3455734,2,56415,,,,
12,1778100831.3556077,2,56425,,,,
12,1778100831.3656447,2,56435,,,,
12,1778100831.378754,2,56445,,,,
12,1778100831.3858411,2,56455,,,,
12,1778100831.3949394,2,56465,,,,
12,1778100831.406721,2,56475,,,,
12,1778100831.423481,2,56485,,,,
12,1778100831.4254973,2,56495,,,,
12,1778100831.4351053,2,56505,,,,
12,1778100831.4558184,2,56515,,,,
12,1778100831.4604297,2,56525,,,,
12,1778100831.465443,2,56535,,,,
12,1778100831.4789722,2,56545,,,,
12,1778100831.493758,2,56555,,,,
12,1778100831.4958546,2,56565,,,,
12,1778100831.504873,2,56575,,,,
12,1778100831.5160902,2,56585,,,,
12,1778100831.5250223,2,56595,,,,
12,1778100831.5389793,2,56605,,,,
12,1778100831.5450268,2,56615,,,,
12,1778100831.555013,2,56625,,,,
12,1778100831.5656333,2,56635,,,,
12,1778100831.5768697,2,56645,,,,
12,1778100831.586564,2,56655,,,,
12,1778100831.5958626,2,56665,,,,
12,1778100831.6130114,2,56675,,,,
12,1778100831.6179054,2,56685,,,,
12,1778100831.6277502,2,56695,,,,
12,1778100831.6351457,2,56705,,,,
12,1778100831.6457791,2,56715,,,,
12,1778100831.655124,2,56725,,,,
12,1778100831.665508,2,56735,,,,
12,1778100831.6783955,2,56745,,,,
12,1778100831.691907,2,56755,,,,
12,1778100831.7049856,2,56765,,,,
12,1778100831.705282,2,56775,,,,
12,1778100831.716329,2,56785,,,,
12,1778100831.7288961,2,56795,,,,
12,1778100831.7375884,2,56805,,,,
12,1778100831.7497256,2,56815,,,,
12,1778100831.7588542,2,56825,,,,
12,1778100831.772787,2,56835,,,,
12,1778100831.7754436,2,56845,,,,
12,1778100831.7886553,2,56855,,,,
12,1778100831.7998614,2,56865,,,,
12,1778100831.80504,2,56875,,,,
12,1778100831.8150423,2,56885,,,,
12,1778100831.8309915,2,56895,,,,
12,1778100831.8358953,2,56905,,,,
12,1778100831.8450458,2,56915,,,,
12,1778100831.8566868,2,56925,,,,
12,1778100831.8650358,2,56935,,,,
12,1778100831.8774538,2,56945,,,,
12,1778100831.886119,2,56955,,,,
12,1778100831.9046698,2,56965,,,,
12,1778100831.9068272,2,56975,,,,
12,1778100831.9157338,2,56985,,,,
12,1778100831.9300632,2,56995,,,,
12,1778100831.9370196,2,57005,,,,
12,1778100831.9463143,2,57015,,,,
12,1778100831.9578147,2,57025,,,,
12,1778100831.9650397,2,57035,,,,
12,1778100831.9794505,2,57045,,,,
12,1778100831.985046,2,57055,,,,
12,1778100831.996378,2,57065,,,,
12,1778100832.0055044,2,57075,,,,
12,1778100832.0177863,2,57085,,,,
12,1778100832.027035,2,57095,,,,
12,1778100832.0366273,2,57105,,,,
12,1778100832.0467088,2,57115,,,,
12,1778100832.0551507,2,57125,,,,
12,1778100832.0650077,2,57135,,,,
12,1778100832.0760937,2,57145,,,,
12,1778100832.0855103,2,57155,,,,
12,1778100832.0976489,2,57165,,,,
12,1778100832.1064281,2,57175,,,,
12,1778100832.1148543,2,57185,,,,
12,1778100832.1255543,2,57195,,,,
12,1778100832.136812,2,57205,,,,
12,1778100832.1451182,2,57215,,,,
12,1778100832.1568317,2,57225,,,,
12,1778100832.1654415,2,57235,,,,
12,1778100832.1778147,2,57245,,,,
12,1778100832.1855636,2,57255,,,,
12,1778100832.1950805,2,57265,,,,
12,1778100832.210854,2,57275,,,,
12,1778100832.214973,2,57285,,,,
12,1778100832.2259474,2,57295,,,,
12,1778100832.243091,2,57305,,,,
12,1778100832.2451966,2,57315,,,,
12,1778100832.2577193,2,57325,,,,
12,1778100832.266421,2,57335,,,,
12,1778100832.278803,2,57345,,,,
12,1778100832.2874568,2,57355,,,,
12,1778100832.295302,2,57365,,,,
12,1778100832.3067732,2,57375,,,,
12,1778100832.3169212,2,57385,,,,
12,1778100832.3317914,2,57395,,,,
12,1778100832.3448272,2,57405,,,,
12,1778100832.3467777,2,57415,,,,
12,1778100832.355046,2,57425,,,,
12,1778100832.3669896,2,57435,,,,
12,1778100832.3751185,2,57445,,,,
12,1778100832.3875918,2,57455,,,,
12,1778100832.3987463,2,57465,,,,
12,1778100832.40551,2,57475,,,,
12,1778100832.4188378,2,57485,,,,
12,1778100832.4262428,2,57495,,,,
12,1778100832.4368749,2,57505,,,,
12,1778100832.4494767,2,57515,,,,
12,1778100832.4581,2,57525,,,,
12,1778100832.466676,2,57535,,,,
12,1778100832.4760659,2,57545,,,,
12,1778100832.485836,2,57555,,,,
12,1778100832.4950647,2,57565,,,,
12,1778100832.5081167,2,57575,,,,
12,1778100832.5163677,2,57585,,,,
12,1778100832.5250642,2,57595,,,,
12,1778100832.5350316,2,57605,,,,
12,1778100832.547959,2,57615,,,,
12,1778100832.5590396,2,57625,,,,
12,1778100832.5688589,2,57635,,,,
12,1778100832.5758593,2,57645,,,,
12,1778100832.5864453,2,57655,,,,
12,1778100832.5956907,2,57665,,,,
12,1778100832.6067479,2,57675,,,,
12,1778100832.619208,2,57685,,,,
12,1778100832.6255264,2,57695,,,,
12,1778100832.6350758,2,57705,,,,
12,1778100832.6451886,2,57715,,,,
12,1778100832.6549776,2,57725,,,,
12,1778100832.66513,2,57735,,,,
12,1778100832.6769857,2,57745,,,,
12,1778100832.6850216,2,57755,,,,
12,1778100832.6984577,2,57765,,,,
12,1778100832.706743,2,57775,,,,
12,1778100832.7207158,2,57785,,,,
12,1778100832.7332377,2,57795,,,,
12,1778100832.7368047,2,57805,,,,
12,1778100832.7460353,2,57815,,,,
12,1778100832.7603753,2,57825,,,,
12,1778100832.7649837,2,57835,,,,
12,1778100832.776866,2,57845,,,,
12,1778100832.785056,2,57855,,,,
12,1778100832.7954595,2,57865,,,,
12,1778100832.8077607,2,57875,,,,
12,1778100832.8236196,2,57885,,,,
12,1778100832.8258407,2,57895,,,,
12,1778100832.8388865,2,57905,,,,
12,1778100832.8450809,2,57915,,,,
12,1778100832.8578017,2,57925,,,,
12,1778100832.8657355,2,57935,,,,
12,1778100832.876717,2,57945,,,,
12,1778100832.8929825,2,57955,,,,
12,1778100832.9038243,2,57965,,,,
12,1778100832.9058738,2,57975,,,,
12,1778100832.9216752,2,57985,,,,
12,1778100832.9267495,2,57995,,,,
12,1778100832.9357197,2,58005,,,,
12,1778100832.9451914,2,58015,,,,
12,1778100832.9601507,2,58025,,,,
12,1778100832.966001,2,58035,,,,
12,1778100832.9779973,2,58045,,,,
12,1778100832.9873822,2,58055,,,,
12,1778100832.997795,2,58065,,,,
12,1778100833.0068011,2,58075,,,,
12,1778100833.0177388,2,58085,,,,
12,1778100833.028908,2,58095,,,,
12,1778100833.0353086,2,58105,,,,
12,1778100833.0499947,2,58115,,,,
12,1778100833.0565267,2,58125,,,,
12,1778100833.06503,2,58135,,,,
12,1778100833.0750663,2,58145,,,,
12,1778100833.0859437,2,58155,,,,
12,1778100833.095065,2,58165,,,,
12,1778100833.1055317,2,58175,,,,
12,1778100833.1208735,2,58185,,,,
12,1778100833.1267252,2,58195,,,,
12,1778100833.13784,2,58205,,,,
12,1778100833.1476083,2,58215,,,,
12,1778100833.1577697,2,58225,,,,
12,1778100833.1650016,2,58235,,,,
12,1778100833.1750486,2,58245,,,,
12,1778100833.1874316,2,58255,,,,
12,1778100833.1953704,2,58265,,,,
12,1778100833.205582,2,58275,,,,
12,1778100833.2164183,2,58285,,,,
12,1778100833.2289803,2,58295,,,,
12,1778100833.2349432,2,58305,,,,
12,1778100833.24527,2,58315,,,,
12,1778100833.2615721,2,58325,,,,
12,1778100833.2688184,2,58335,,,,
12,1778100833.2764769,2,58345,,,,
12,1778100833.2853012,2,58355,,,,
12,1778100833.2979903,2,58365,,,,
12,1778100833.307808,2,58375,,,,
12,1778100833.3217487,2,58385,,,,
12,1778100833.32669,2,58395,,,,
12,1778100833.3363712,2,58405,,,,
12,1778100833.3489985,2,58415,,,,
12,1778100833.3570015,2,58425,,,,
12,1778100833.3739007,2,58435,,,,
12,1778100833.3758955,2,58445,,,,
12,1778100833.386097,2,58455,,,,
12,1778100833.4017382,2,58465,,,,
12,1778100833.4068463,2,58475,,,,
12,1778100833.415875,2,58485,,,,
12,1778100833.4277642,2,58495,,,,
12,1778100833.439914,2,58505,,,,
12,1778100833.4451652,2,58515,,,,
12,1778100833.4557831,2,58525,,,,
12,1778100833.469467,2,58535,,,,
12,1778100833.4749687,2,58545,,,,
12,1778100833.4849234,2,58555,,,,
12,1778100833.4960487,2,58565,,,,
12,1778100833.505092,2,58575,,,,
12,1778100833.515547,2,58585,,,,
12,1778100833.52696,2,58595,,,,
12,1778100833.5438454,2,58605,,,,
12,1778100833.5465333,2,58615,,,,
12,1778100833.558865,2,58625,,,,
12,1778100833.5694983,2,58635,,,,
12,1778100833.5748305,2,58645,,,,
12,1778100833.5877945,2,58655,,,,
12,1778100833.5976005,2,58665,,,,
12,1778100833.6104178,2,58675,,,,
12,1778100833.6155236,2,58685,,,,
12,1778100833.625119,2,58695,,,,
12,1778100833.6394982,2,58705,,,,
12,1778100833.6449404,2,58715,,,,
12,1778100833.655066,2,58725,,,,
12,1778100833.667611,2,58735,,,,
12,1778100833.6759517,2,58745,,,,
12,1778100833.685039,2,58755,,,,
12,1778100833.7017753,2,58765,,,,
12,1778100833.7057729,2,58775,,,,
12,1778100833.7154295,2,58785,,,,
12,1778100833.7270124,2,58795,,,,
12,1778100833.7408726,2,58805,,,,
12,1778100833.7451577,2,58815,,,,
12,1778100833.7549267,2,58825,,,,
12,1778100833.7724135,2,58835,,,,
12,1778100833.775363,2,58845,,,,
12,1778100833.784973,2,58855,,,,
12,1778100833.7950933,2,58865,,,,
12,1778100833.8054702,2,58875,,,,
12,1778100833.8150198,2,58885,,,,
12,1778100833.8277044,2,58895,,,,
12,1778100833.8385038,2,58905,,,,
12,1778100833.8487568,2,58915,,,,
12,1778100833.8549855,2,58925,,,,
12,1778100833.8656058,2,58935,,,,
12,1778100833.8789694,2,58945,,,,
12,1778100833.885063,2,58955,,,,
12,1778100833.895082,2,58965,,,,
12,1778100833.9054418,2,58975,,,,
12,1778100833.9177008,2,58985,,,,
12,1778100833.931021,2,58995,,,,
12,1778100833.9349415,2,59005,,,,
12,1778100833.9458754,2,59015,,,,
12,1778100833.9550564,2,59025,,,,
12,1778100833.966846,2,59035,,,,
12,1778100833.9787025,2,59045,,,,
12,1778100833.985584,2,59055,,,,
12,1778100833.9978492,2,59065,,,,
12,1778100834.0067785,2,59075,,,,
12,1778100834.021828,2,59085,,,,
12,1778100834.025384,2,59095,,,,
12,1778100834.037495,2,59105,,,,
12,1778100834.0474186,2,59115,,,,
12,1778100834.0589225,2,59125,,,,
12,1778100834.0689912,2,59135,,,,
12,1778100834.0769827,2,59145,,,,
12,1778100834.084968,2,59155,,,,
12,1778100834.1007612,2,59165,,,,
12,1778100834.1055393,2,59175,,,,
12,1778100834.121752,2,59185,,,,
12,1778100834.1260116,2,59195,,,,
12,1778100834.1358597,2,59205,,,,
12,1778100834.1517797,2,59215,,,,
12,1778100834.155958,2,59225,,,,
12,1778100834.1650553,2,59235,,,,
12,1778100834.1755164,2,59245,,,,
12,1778100834.1870747,2,59255,,,,
12,1778100834.197821,2,59265,,,,
12,1778100834.205062,2,59275,,,,
12,1778100834.2170393,2,59285,,,,
12,1778100834.2255104,2,59295,,,,
12,1778100834.239611,2,59305,,,,
12,1778100834.2491972,2,59315,,,,
12,1778100834.257094,2,59325,,,,
12,1778100834.265524,2,59335,,,,
12,1778100834.280178,2,59345,,,,
12,1778100834.2854524,2,59355,,,,
12,1778100834.2984898,2,59365,,,,
12,1778100834.3089006,2,59375,,,,
12,1778100834.3154523,2,59385,,,,
12,1778100834.3270988,2,59395,,,,
12,1778100834.337713,2,59405,,,,
12,1778100834.3504288,2,59415,,,,
12,1778100834.3599732,2,59425,,,,
12,1778100834.3650274,2,59435,,,,
12,1778100834.3812828,2,59445,,,,
12,1778100834.3905602,2,59455,,,,
12,1778100834.3967466,2,59465,,,,
12,1778100834.4057364,2,59475,,,,
12,1778100834.417564,2,59485,,,,
12,1778100834.4300823,2,59495,,,,
12,1778100834.4369042,2,59505,,,,
12,1778100834.4461849,2,59515,,,,
12,1778100834.4569538,2,59525,,,,
12,1778100834.4679143,2,59535,,,,
12,1778100834.4790444,2,59545,,,,
12,1778100834.4900794,2,59555,,,,
12,1778100834.4950426,2,59565,,,,
12,1778100834.5050278,2,59575,,,,
12,1778100834.5209064,2,59585,,,,
12,1778100834.5260365,2,59595,,,,
12,1778100834.5389056,2,59605,,,,
12,1778100834.5451465,2,59615,,,,
12,1778100834.5577824,2,59625,,,,
12,1778100834.5667937,2,59635,,,,
12,1778100834.580961,2,59645,,,,
12,1778100834.585288,2,59655,,,,
12,1778100834.5954428,2,59665,,,,
12,1778100834.6069894,2,59675,,,,
12,1778100834.6149805,2,59685,,,,
12,1778100834.624941,2,59695,,,,
12,1778100834.636117,2,59705,,,,
12,1778100834.6454995,2,59715,,,,
12,1778100834.6639204,2,59725,,,,
12,1778100834.6686103,2,59735,,,,
12,1778100834.6758246,2,59745,,,,
12,1778100834.6873739,2,59755,,,,
12,1778100834.6989245,2,59765,,,,
12,1778100834.705761,2,59775,,,,
12,1778100834.719593,2,59785,,,,
12,1778100834.725237,2,59795,,,,
12,1778100834.7368698,2,59805,,,,
12,1778100834.745475,2,59815,,,,
12,1778100834.755024,2,59825,,,,
12,1778100834.7681472,2,59835,,,,
12,1778100834.7756612,2,59845,,,,
12,1778100834.7855132,2,59855,,,,
12,1778100834.7998385,2,59865,,,,
12,1778100834.8067362,2,59875,,,,
12,1778100834.8157382,2,59885,,,,
12,1778100834.8250432,2,59895,,,,
12,1778100834.8364048,2,59905,,,,
12,1778100834.8463368,2,59915,,,,
12,1778100834.8595862,2,59925,,,,
12,1778100834.8673296,2,59935,,,,
12,1778100834.8759925,2,59945,,,,
12,1778100834.8853643,2,59955,,,,
12,1778100834.897118,2,59965,,,,
12,1778100834.9058993,2,59975,,,,
12,1778100834.9149878,2,59985,,,,
12,1778100834.9247975,2,59995,,,,
12,1778100834.9395645,2,60005,,,,
12,1778100834.9487848,2,60015,,,,
12,1778100834.956736,2,60025,,,,
12,1778100834.965262,2,60035,,,,
12,1778100834.9808097,2,60045,,,,
12,1778100834.9851775,2,60055,,,,
12,1778100835.0018396,2,60065,,,,
12,1778100835.007434,2,60075,,,,
12,1778100835.015033,2,60085,,,,
12,1778100835.025099,2,60095,,,,
12,1778100835.03581,2,60105,,,,
12,1778100835.0457833,2,60115,,,,
12,1778100835.0566795,2,60125,,,,
12,1778100835.067218,2,60135,,,,
12,1778100835.0801346,2,60145,,,,
12,1778100835.0853484,2,60155,,,,
12,1778100835.1022112,2,60165,,,,
12,1778100835.1087227,2,60175,,,,
12,1778100835.1169705,2,60185,,,,
12,1778100835.133014,2,60195,,,,
12,1778100835.140342,2,60205,,,,
12,1778100835.146315,2,60215,,,,
12,1778100835.1572838,2,60225,,,,
12,1778100835.1696658,2,60235,,,,
12,1778100835.17894,2,60245,,,,
12,1778100835.1851156,2,60255,,,,
12,1778100835.1950922,2,60265,,,,
12,1778100835.2071433,2,60275,,,,
12,1778100835.2232773,2,60285,,,,
12,1778100835.226873,2,60295,,,,
12,1778100835.2350936,2,60305,,,,
12,1778100835.2495227,2,60315,,,,
12,1778100835.2555366,2,60325,,,,
12,1778100835.2665434,2,60335,,,,
12,1778100835.2787695,2,60345,,,,
12,1778100835.2855918,2,60355,,,,
12,1778100835.2952492,2,60365,,,,
12,1778100835.3059633,2,60375,,,,
12,1778100835.3150413,2,60385,,,,
12,1778100835.3250508,2,60395,,,,
12,1778100835.3386126,2,60405,,,,
12,1778100835.3457513,2,60415,,,,
12,1778100835.3555255,2,60425,,,,
12,1778100835.3652778,2,60435,,,,
12,1778100835.3750317,2,60445,,,,
12,1778100835.3868673,2,60455,,,,
12,1778100835.3949413,2,60465,,,,
12,1778100835.4055808,2,60475,,,,
12,1778100835.4174938,2,60485,,,,
12,1778100835.4267797,2,60495,,,,
12,1778100835.436389,2,60505,,,,
12,1778100835.4476926,2,60515,,,,
12,1778100835.4555924,2,60525,,,,
12,1778100835.465127,2,60535,,,,
12,1778100835.4778748,2,60545,,,,
12,1778100835.4863424,2,60555,,,,
12,1778100835.4949155,2,60565,,,,
12,1778100835.5077887,2,60575,,,,
12,1778100835.5151472,2,60585,,,,
12,1778100835.5269113,2,60595,,,,
12,1778100835.5349784,2,60605,,,,
12,1778100835.549813,2,60615,,,,
12,1778100835.5588543,2,60625,,,,
12,1778100835.567829,2,60635,,,,
12,1778100835.5754223,2,60645,,,,
12,1778100835.5879674,2,60655,,,,
12,1778100835.594992,2,60665,,,,
12,1778100835.6059365,2,60675,,,,
12,1778100835.616569,2,60685,,,,
12,1778100835.625936,2,60695,,,,
12,1778100835.6350508,2,60705,,,,
12,1778100835.6484096,2,60715,,,,
12,1778100835.6553295,2,60725,,,,
12,1778100835.665573,2,60735,,,,
12,1778100835.6750283,2,60745,,,,
12,1778100835.6930187,2,60755,,,,
12,1778100835.6988914,2,60765,,,,
12,1778100835.7078044,2,60775,,,,
12,1778100835.7188263,2,60785,,,,
12,1778100835.7249517,2,60795,,,,
12,1778100835.7350874,2,60805,,,,
12,1778100835.7449298,2,60815,,,,
12,1778100835.7549691,2,60825,,,,
12,1778100835.7657135,2,60835,,,,
12,1778100835.775176,2,60845,,,,
12,1778100835.7901952,2,60855,,,,
12,1778100835.7952855,2,60865,,,,
12,1778100835.8065677,2,60875,,,,
12,1778100835.8186886,2,60885,,,,
12,1778100835.8257313,2,60895,,,,
12,1778100835.837868,2,60905,,,,
12,1778100835.8468032,2,60915,,,,
12,1778100835.8554842,2,60925,,,,
12,1778100835.8655205,2,60935,,,,
12,1778100835.8751636,2,60945,,,,
12,1778100835.8879838,2,60955,,,,
12,1778100835.8959427,2,60965,,,,
12,1778100835.908503,2,60975,,,,
12,1778100835.9169044,2,60985,,,,
12,1778100835.9288766,2,60995,,,,
12,1778100835.9358108,2,61005,,,,
12,1778100835.945747,2,61015,,,,
12,1778100835.9555001,2,61025,,,,
12,1778100835.9657164,2,61035,,,,
12,1778100835.97572,2,61045,,,,
12,1778100835.9859276,2,61055,,,,
12,1778100835.997382,2,61065,,,,
12,1778100836.0057094,2,61075,,,,
12,1778100836.0149322,2,61085,,,,
12,1778100836.0295665,2,61095,,,,
12,1778100836.0348592,2,61105,,,,
12,1778100836.0450194,2,61115,,,,
12,1778100836.0554578,2,61125,,,,
12,1778100836.0681078,2,61135,,,,
12,1778100836.0798483,2,61145,,,,
12,1778100836.0918577,2,61155,,,,
12,1778100836.1039171,2,61165,,,,
12,1778100836.1139061,2,61175,,,,
12,1778100836.1207364,2,61185,,,,
12,1778100836.1294587,2,61195,,,,
12,1778100836.1353512,2,61205,,,,
12,1778100836.1453755,2,61215,,,,
12,1778100836.154875,2,61225,,,,
12,1778100836.1650627,2,61235,,,,
12,1778100836.17555,2,61245,,,,
12,1778100836.1849434,2,61255,,,,
12,1778100836.2088623,2,61265,,,,
12,1778100836.208898,2,61275,,,,
12,1778100836.2162263,2,61285,,,,
12,1778100836.2277758,2,61295,,,,
12,1778100836.2390199,2,61305,,,,
12,1778100836.2457008,2,61315,,,,
12,1778100836.2564242,2,61325,,,,
12,1778100836.2665646,2,61335,,,,
12,1778100836.2757046,2,61345,,,,
12,1778100836.2851727,2,61355,,,,
12,1778100836.2968352,2,61365,,,,
12,1778100836.3053138,2,61375,,,,
12,1778100836.315841,2,61385,,,,
12,1778100836.325245,2,61395,,,,
12,1778100836.3389454,2,61405,,,,
12,1778100836.3517892,2,61415,,,,
12,1778100836.355058,2,61425,,,,
12,1778100836.365949,2,61435,,,,
12,1778100836.3762872,2,61445,,,,
12,1778100836.3868709,2,61455,,,,
12,1778100836.3957803,2,61465,,,,
12,1778100836.4079235,2,61475,,,,
12,1778100836.4148612,2,61485,,,,
12,1778100836.4248042,2,61495,,,,
12,1778100836.4391813,2,61505,,,,
12,1778100836.4449153,2,61515,,,,
12,1778100836.4549305,2,61525,,,,
12,1778100836.4655926,2,61535,,,,
12,1778100836.475054,2,61545,,,,
12,1778100836.4910126,2,61555,,,,
12,1778100836.4968987,2,61565,,,,
12,1778100836.5092592,2,61575,,,,
12,1778100836.5155954,2,61585,,,,
12,1778100836.5248926,2,61595,,,,
12,1778100836.5407155,2,61605,,,,
12,1778100836.5458572,2,61615,,,,
12,1778100836.5549088,2,61625,,,,
12,1778100836.5649004,2,61635,,,,
12,1778100836.577189,2,61645,,,,
12,1778100836.587675,2,61655,,,,
12,1778100836.6038609,2,61665,,,,
12,1778100836.6305158,2,61675,,,,
12,1778100836.6455812,2,61685,,,,
12,1778100836.6456094,2,61695,,,,
12,1778100836.6456225,2,61705,,,,
12,1778100836.654537,2,61715,,,,
12,1778100836.657824,2,61725,,,,
12,1778100836.665007,2,61735,,,,
12,1778100836.6808298,2,61745,,,,
12,1778100836.6858504,2,61755,,,,
12,1778100836.6950264,2,61765,,,,
12,1778100836.7096443,2,61775,,,,
12,1778100836.7151814,2,61785,,,,
12,1778100836.7249568,2,61795,,,,
12,1778100836.7350729,2,61805,,,,
12,1778100836.7456539,2,61815,,,,
12,1778100836.7548785,2,61825,,,,
12,1778100836.7649765,2,61835,,,,
12,1778100836.775376,2,61845,,,,
12,1778100836.7875934,2,61855,,,,
12,1778100836.7968636,2,61865,,,,
12,1778100836.805653,2,61875,,,,
12,1778100836.8208208,2,61885,,,,
12,1778100836.8262334,2,61895,,,,
12,1778100836.8368578,2,61905,,,,
12,1778100836.8452168,2,61915,,,,
12,1778100836.8577607,2,61925,,,,
12,1778100836.8650265,2,61935,,,,
12,1778100836.875958,2,61945,,,,
12,1778100836.8870833,2,61955,,,,
12,1778100836.8955586,2,61965,,,,
12,1778100836.9050415,2,61975,,,,
12,1778100836.9177017,2,61985,,,,
12,1778100836.925868,2,61995,,,,
12,1778100836.9355183,2,62005,,,,
12,1778100836.9477499,2,62015,,,,
12,1778100836.9578302,2,62025,,,,
12,1778100836.9687326,2,62035,,,,
12,1778100836.9750683,2,62045,,,,
12,1778100836.9850311,2,62055,,,,
12,1778100836.9975386,2,62065,,,,
12,1778100837.0070918,2,62075,,,,
12,1778100837.0168443,2,62085,,,,
12,1778100837.0249417,2,62095,,,,
12,1778100837.0349958,2,62105,,,,
12,1778100837.0476818,2,62115,,,,
12,1778100837.0612662,2,62125,,,,
12,1778100837.0650787,2,62135,,,,
12,1778100837.0803945,2,62145,,,,
12,1778100837.0854566,2,62155,,,,
12,1778100837.0955973,2,62165,,,,
12,1778100837.1054246,2,62175,,,,
12,1778100837.1157289,2,62185,,,,
12,1778100837.1257656,2,62195,,,,
12,1778100837.1354935,2,62205,,,,
12,1778100837.1449594,2,62215,,,,
12,1778100837.1550958,2,62225,,,,
12,1778100837.165053,2,62235,,,,
12,1778100837.1749873,2,62245,,,,
12,1778100837.1850135,2,62255,,,,
12,1778100837.1963346,2,62265,,,,
12,1778100837.2077951,2,62275,,,,
12,1778100837.2198956,2,62285,,,,
12,1778100837.2268527,2,62295,,,,
12,1778100837.2373307,2,62305,,,,
12,1778100837.2477398,2,62315,,,,
12,1778100837.2656991,2,62325,,,,
12,1778100837.265738,2,62335,,,,
12,1778100837.2753508,2,62345,,,,
12,1778100837.2851322,2,62355,,,,
12,1778100837.2990792,2,62365,,,,
12,1778100837.3053987,2,62375,,,,
12,1778100837.3199356,2,62385,,,,
12,1778100837.3360312,2,62395,,,,
12,1778100837.336054,2,62405,,,,
12,1778100837.3485496,2,62415,,,,
12,1778100837.3554928,2,62425,,,,
12,1778100837.365859,2,62435,,,,
12,1778100837.3751354,2,62445,,,,
12,1778100837.385228,2,62455,,,,
12,1778100837.3979464,2,62465,,,,
12,1778100837.4067376,2,62475,,,,
12,1778100837.4158895,2,62485,,,,
12,1778100837.4267511,2,62495,,,,
12,1778100837.4369047,2,62505,,,,
12,1778100837.4450321,2,62515,,,,
12,1778100837.4597414,2,62525,,,,
12,1778100837.4647994,2,62535,,,,
12,1778100837.4758737,2,62545,,,,
12,1778100837.4867182,2,62555,,,,
12,1778100837.4967566,2,62565,,,,
12,1778100837.5081995,2,62575,,,,
12,1778100837.5198762,2,62585,,,,
12,1778100837.5309453,2,62595,,,,
12,1778100837.5363994,2,62605,,,,
12,1778100837.545064,2,62615,,,,
12,1778100837.55585,2,62625,,,,
12,1778100837.5650918,2,62635,,,,
12,1778100837.5804343,2,62645,,,,
12,1778100837.5847461,2,62655,,,,
12,1778100837.5948749,2,62665,,,,
12,1778100837.6076806,2,62675,,,,
12,1778100837.6153648,2,62685,,,,
12,1778100837.628234,2,62695,,,,
12,1778100837.6388686,2,62705,,,,
12,1778100837.6449728,2,62715,,,,
12,1778100837.6570334,2,62725,,,,
12,1778100837.6651196,2,62735,,,,
12,1778100837.6778696,2,62745,,,,
12,1778100837.6856565,2,62755,,,,
12,1778100837.6995387,2,62765,,,,
12,1778100837.7064805,2,62775,,,,
12,1778100837.715418,2,62785,,,,
12,1778100837.7250495,2,62795,,,,
12,1778100837.7395217,2,62805,,,,
12,1778100837.7448645,2,62815,,,,
12,1778100837.7549543,2,62825,,,,
12,1778100837.7681963,2,62835,,,,
12,1778100837.7749617,2,62845,,,,
12,1778100837.7878456,2,62855,,,,
12,1778100837.7949905,2,62865,,,,
12,1778100837.8099024,2,62875,,,,
12,1778100837.8164074,2,62885,,,,
12,1778100837.825147,2,62895,,,,
12,1778100837.8368356,2,62905,,,,
12,1778100837.8477504,2,62915,,,,
12,1778100837.8558693,2,62925,,,,
12,1778100837.864984,2,62935,,,,
12,1778100837.8779182,2,62945,,,,
12,1778100837.8850074,2,62955,,,,
12,1778100837.895071,2,62965,,,,
12,1778100837.9050176,2,62975,,,,
12,1778100837.9158611,2,62985,,,,
12,1778100837.9261968,2,62995,,,,
12,1778100837.9385967,2,63005,,,,
12,1778100837.9468617,2,63015,,,,
12,1778100837.9588606,2,63025,,,,
12,1778100837.9657521,2,63035,,,,
12,1778100837.977626,2,63045,,,,
12,1778100837.9850435,2,63055,,,,
12,1778100837.9957302,2,63065,,,,
12,1778100838.0069458,2,63075,,,,
12,1778100838.0184987,2,63085,,,,
12,1778100838.047936,2,63095,,,,
12,1778100838.0479627,2,63105,,,,
12,1778100838.0502226,2,63115,,,,
12,1778100838.054917,2,63125,,,,
12,1778100838.066719,2,63135,,,,
12,1778100838.0750587,2,63145,,,,
12,1778100838.086915,2,63155,,,,
12,1778100838.096159,2,63165,,,,
12,1778100838.1050699,2,63175,,,,
12,1778100838.116799,2,63185,,,,
12,1778100838.1254616,2,63195,,,,
12,1778100838.1349723,2,63205,,,,
12,1778100838.1496668,2,63215,,,,
12,1778100838.1548908,2,63225,,,,
12,1778100838.1650388,2,63235,,,,
12,1778100838.179779,2,63245,,,,
12,1778100838.1860917,2,63255,,,,
12,1778100838.19584,2,63265,,,,
12,1778100838.2054758,2,63275,,,,
12,1778100838.2158184,2,63285,,,,
12,1778100838.2266822,2,63295,,,,
12,1778100838.237656,2,63305,,,,
12,1778100838.2466655,2,63315,,,,
12,1778100838.2549305,2,63325,,,,
12,1778100838.26508,2,63335,,,,
12,1778100838.2749045,2,63345,,,,
12,1778100838.2850125,2,63355,,,,
12,1778100838.2948675,2,63365,,,,
12,1778100838.304773,2,63375,,,,
12,1778100838.3155828,2,63385,,,,
12,1778100838.3298795,2,63395,,,,
12,1778100838.3365648,2,63405,,,,
12,1778100838.3556592,2,63415,,,,
12,1778100838.359579,2,63425,,,,
12,1778100838.3649354,2,63435,,,,
12,1778100838.3753443,2,63445,,,,
12,1778100838.3903272,2,63455,,,,
12,1778100838.3958972,2,63465,,,,
12,1778100838.4049435,2,63475,,,,
12,1778100838.414784,2,63485,,,,
12,1778100838.4253783,2,63495,,,,
12,1778100838.4381857,2,63505,,,,
12,1778100838.4466891,2,63515,,,,
12,1778100838.4583685,2,63525,,,,
12,1778100838.4649835,2,63535,,,,
12,1778100838.4785233,2,63545,,,,
12,1778100838.488837,2,63555,,,,
12,1778100838.4951644,2,63565,,,,
12,1778100838.5050757,2,63575,,,,
12,1778100838.517806,2,63585,,,,
12,1778100838.5270174,2,63595,,,,
12,1778100838.5357943,2,63605,,,,
12,1778100838.5449054,2,63615,,,,
12,1778100838.5577216,2,63625,,,,
12,1778100838.5649743,2,63635,,,,
12,1778100838.5749197,2,63645,,,,
12,1778100838.5861695,2,63655,,,,
12,1778100838.5952487,2,63665,,,,
12,1778100838.6049492,2,63675,,,,
12,1778100838.6158571,2,63685,,,,
12,1778100838.6265366,2,63695,,,,
12,1778100838.6368136,2,63705,,,,
12,1778100838.6450696,2,63715,,,,
12,1778100838.6556907,2,63725,,,,
12,1778100838.6682308,2,63735,,,,
12,1778100838.6777806,2,63745,,,,
12,1778100838.685102,2,63755,,,,
12,1778100838.6947699,2,63765,,,,
12,1778100838.7070873,2,63775,,,,
12,1778100838.7150445,2,63785,,,,
12,1778100838.727593,2,63795,,,,
12,1778100838.7397964,2,63805,,,,
12,1778100838.7448769,2,63815,,,,
12,1778100838.7639306,2,63825,,,,
12,1778100838.7666953,2,63835,,,,
12,1778100838.7755668,2,63845,,,,
12,1778100838.7859235,2,63855,,,,
12,1778100838.79605,2,63865,,,,
12,1778100838.8049567,2,63875,,,,
12,1778100838.816233,2,63885,,,,
12,1778100838.82501,2,63895,,,,
12,1778100838.835891,2,63905,,,,
12,1778100838.8450294,2,63915,,,,
12,1778100838.8599715,2,63925,,,,
12,1778100838.8666017,2,63935,,,,
12,1778100838.8768983,2,63945,,,,
12,1778100838.8869097,2,63955,,,,
12,1778100838.8996363,2,63965,,,,
12,1778100838.9057622,2,63975,,,,
12,1778100838.9158897,2,63985,,,,
12,1778100838.9272094,2,63995,,,,
12,1778100838.9378488,2,64005,,,,
12,1778100838.94719,2,64015,,,,
12,1778100838.955338,2,64025,,,,
12,1778100838.9678328,2,64035,,,,
12,1778100838.9749517,2,64045,,,,
12,1778100838.984957,2,64055,,,,
12,1778100838.9955,2,64065,,,,
12,1778100839.0049317,2,64075,,,,
12,1778100839.0150368,2,64085,,,,
12,1778100839.026371,2,64095,,,,
12,1778100839.035317,2,64105,,,,
12,1778100839.0465422,2,64115,,,,
12,1778100839.0557463,2,64125,,,,
12,1778100839.0650477,2,64135,,,,
12,1778100839.0758643,2,64145,,,,
12,1778100839.087381,2,64155,,,,
12,1778100839.0978327,2,64165,,,,
12,1778100839.1099489,2,64175,,,,
12,1778100839.1167789,2,64185,,,,
12,1778100839.1248055,2,64195,,,,
12,1778100839.1379297,2,64205,,,,
12,1778100839.145385,2,64215,,,,
12,1778100839.1549408,2,64225,,,,
12,1778100839.167385,2,64235,,,,
12,1778100839.1748707,2,64245,,,,
12,1778100839.1869264,2,64255,,,,
12,1778100839.1951218,2,64265,,,,
12,1778100839.2050264,2,64275,,,,
12,1778100839.2151058,2,64285,,,,
12,1778100839.2277446,2,64295,,,,
12,1778100839.2356794,2,64305,,,,
12,1778100839.2456877,2,64315,,,,
12,1778100839.2548113,2,64325,,,,
12,1778100839.2748091,2,64335,,,,
12,1778100839.2768228,2,64345,,,,
12,1778100839.2850077,2,64355,,,,
12,1778100839.2967355,2,64365,,,,
12,1778100839.3048604,2,64375,,,,
12,1778100839.3150604,2,64385,,,,
12,1778100839.330315,2,64395,,,,
12,1778100839.3408391,2,64405,,,,
12,1778100839.3469167,2,64415,,,,
12,1778100839.3554986,2,64425,,,,
12,1778100839.3700616,2,64435,,,,
12,1778100839.3778195,2,64445,,,,
12,1778100839.3854911,2,64455,,,,
12,1778100839.3950238,2,64465,,,,
12,1778100839.4049544,2,64475,,,,
12,1778100839.4157422,2,64485,,,,
12,1778100839.4254858,2,64495,,,,
12,1778100839.435354,2,64505,,,,
12,1778100839.4470363,2,64515,,,,
12,1778100839.4558928,2,64525,,,,
12,1778100839.468515,2,64535,,,,
12,1778100839.4777672,2,64545,,,,
12,1778100839.4862375,2,64555,,,,
12,1778100839.4948182,2,64565,,,,
12,1778100839.5079136,2,64575,,,,
12,1778100839.5149915,2,64585,,,,
12,1778100839.5268176,2,64595,,,,
12,1778100839.5347798,2,64605,,,,
12,1778100839.5449634,2,64615,,,,
12,1778100839.5553708,2,64625,,,,
12,1778100839.5652761,2,64635,,,,
12,1778100839.577658,2,64645,,,,
12,1778100839.5849202,2,64655,,,,
12,1778100839.597918,2,64665,,,,
12,1778100839.609834,2,64675,,,,
12,1778100839.6157174,2,64685,,,,
12,1778100839.6265938,2,64695,,,,
12,1778100839.6356747,2,64705,,,,
12,1778100839.6474404,2,64715,,,,
12,1778100839.6567345,2,64725,,,,
12,1778100839.669259,2,64735,,,,
12,1778100839.6749046,2,64745,,,,
12,1778100839.684858,2,64755,,,,
12,1778100839.6958647,2,64765,,,,
12,1778100839.7055311,2,64775,,,,
12,1778100839.7150848,2,64785,,,,
12,1778100839.7247462,2,64795,,,,
12,1778100839.734721,2,64805,,,,
12,1778100839.7518153,2,64815,,,,
12,1778100839.7590106,2,64825,,,,
12,1778100839.7665763,2,64835,,,,
12,1778100839.7775927,2,64845,,,,
12,1778100839.7871327,2,64855,,,,
12,1778100839.7950976,2,64865,,,,
12,1778100839.8083558,2,64875,,,,
12,1778100839.814818,2,64885,,,,
12,1778100839.8248568,2,64895,,,,
12,1778100839.8371804,2,64905,,,,
12,1778100839.8466291,2,64915,,,,
12,1778100839.8564193,2,64925,,,,
12,1778100839.8655066,2,64935,,,,
12,1778100839.8798528,2,64945,,,,
12,1778100839.8892014,2,64955,,,,
12,1778100839.8967211,2,64965,,,,
12,1778100839.9066849,2,64975,,,,
12,1778100839.9155214,2,64985,,,,
12,1778100839.928968,2,64995,,,,
12,1778100839.936506,2,65005,,,,
12,1778100839.9457269,2,65015,,,,
12,1778100839.9633484,2,65025,,,,
12,1778100839.9679182,2,65035,,,,
12,1778100839.975688,2,65045,,,,
12,1778100839.986513,2,65055,,,,
12,1778100839.9950314,2,65065,,,,
12,1778100840.0068455,2,65075,,,,
12,1778100840.0149755,2,65085,,,,
12,1778100840.0358071,2,65095,,,,
12,1778100840.0358229,2,65105,,,,
12,1778100840.0477102,2,65115,,,,
12,1778100840.0567298,2,65125,,,,
12,1778100840.0687382,2,65135,,,,
12,1778100840.075809,2,65145,,,,
12,1778100840.0917897,2,65155,,,,
12,1778100840.0950096,2,65165,,,,
12,1778100840.106918,2,65175,,,,
12,1778100840.115649,2,65185,,,,
12,1778100840.1249273,2,65195,,,,
12,1778100840.1348329,2,65205,,,,
12,1778100840.1450262,2,65215,,,,
12,1778100840.1548452,2,65225,,,,
12,1778100840.1721497,2,65235,,,,
12,1778100840.1766264,2,65245,,,,
12,1778100840.1865714,2,65255,,,,
12,1778100840.1956325,2,65265,,,,
12,1778100840.2048464,2,65275,,,,
12,1778100840.2179675,2,65285,,,,
12,1778100840.2254086,2,65295,,,,
12,1778100840.2349658,2,65305,,,,
12,1778100840.244918,2,65315,,,,
12,1778100840.254804,2,65325,,,,
12,1778100840.2690682,2,65335,,,,
12,1778100840.2751212,2,65345,,,,
12,1778100840.2849803,2,65355,,,,
12,1778100840.2983294,2,65365,,,,
12,1778100840.3048482,2,65375,,,,
12,1778100840.3157368,2,65385,,,,
12,1778100840.327524,2,65395,,,,
12,1778100840.336303,2,65405,,,,
12,1778100840.3452215,2,65415,,,,
12,1778100840.3569891,2,65425,,,,
12,1778100840.3664484,2,65435,,,,
12,1778100840.3750706,2,65445,,,,
12,1778100840.386306,2,65455,,,,
12,1778100840.3968246,2,65465,,,,
12,1778100840.4047863,2,65475,,,,
12,1778100840.4167562,2,65485,,,,
12,1778100840.4253063,2,65495,,,,
12,1778100840.4349074,2,65505,,,,
12,1778100840.4454386,2,65515,,,,
12,1778100840.4565437,2,65525,,,,
12,1778100840.466603,2,65535,,,,
12,1778100840.4753523,2,65545,,,,
12,1778100840.4850118,2,65555,,,,
12,1778100840.5044796,2,65565,,,,
12,1778100840.5065188,2,65575,,,,
12,1778100840.5150235,2,65585,,,,
12,1778100840.5249622,2,65595,,,,
12,1778100840.5349991,2,65605,,,,
12,1778100840.5449984,2,65615,,,,
12,1778100840.5549836,2,65625,,,,
12,1778100840.5649636,2,65635,,,,
12,1778100840.5769346,2,65645,,,,
12,1778100840.5849602,2,65655,,,,
12,1778100840.6019676,2,65665,,,,
12,1778100840.6077294,2,65675,,,,
12,1778100840.6170633,2,65685,,,,
12,1778100840.629039,2,65695,,,,
12,1778100840.6361399,2,65705,,,,
12,1778100840.645604,2,65715,,,,
12,1778100840.6548083,2,65725,,,,
12,1778100840.664953,2,65735,,,,
12,1778100840.6759088,2,65745,,,,
12,1778100840.6857893,2,65755,,,,
12,1778100840.695216,2,65765,,,,
12,1778100840.7079437,2,65775,,,,
12,1778100840.7149909,2,65785,,,,
12,1778100840.7249622,2,65795,,,,
12,1778100840.737931,2,65805,,,,
12,1778100840.7480848,2,65815,,,,
12,1778100840.7567112,2,65825,,,,
12,1778100840.765162,2,65835,,,,
12,1778100840.7777686,2,65845,,,,
12,1778100840.78544,2,65855,,,,
12,1778100840.7953556,2,65865,,,,
12,1778100840.8056521,2,65875,,,,
12,1778100840.8149476,2,65885,,,,
12,1778100840.832336,2,65895,,,,
12,1778100840.8351686,2,65905,,,,
12,1778100840.8449755,2,65915,,,,
12,1778100840.8549085,2,65925,,,,
12,1778100840.865174,2,65935,,,,
12,1778100840.8770473,2,65945,,,,
12,1778100840.88726,2,65955,,,,
12,1778100840.895949,2,65965,,,,
12,1778100840.9073374,2,65975,,,,
12,1778100840.9149,2,65985,,,,
12,1778100840.9252472,2,65995,,,,
12,1778100840.9352796,2,66005,,,,
12,1778100840.9479067,2,66015,,,,
12,1778100840.9548397,2,66025,,,,
12,1778100840.9655578,2,66035,,,,
12,1778100840.974844,2,66045,,,,
12,1778100840.9853837,2,66055,,,,
12,1778100840.9948285,2,66065,,,,
12,1778100841.0115845,2,66075,,,,
12,1778100841.0154705,2,66085,,,,
12,1778100841.0266242,2,66095,,,,
12,1778100841.0356903,2,66105,,,,
12,1778100841.0480382,2,66115,,,,
12,1778100841.0553586,2,66125,,,,
12,1778100841.0650535,2,66135,,,,
12,1778100841.0764081,2,66145,,,,
12,1778100841.085292,2,66155,,,,
12,1778100841.0956976,2,66165,,,,
12,1778100841.1048565,2,66175,,,,
12,1778100841.1180162,2,66185,,,,
12,1778100841.1267805,2,66195,,,,
12,1778100841.134813,2,66205,,,,
12,1778100841.1539404,2,66215,,,,
12,1778100841.154894,2,66225,,,,
12,1778100841.168754,2,66235,,,,
12,1778100841.1765344,2,66245,,,,
12,1778100841.1850972,2,66255,,,,
12,1778100841.1988165,2,66265,,,,
12,1778100841.205712,2,66275,,,,
12,1778100841.21518,2,66285,,,,
12,1778100841.2249382,2,66295,,,,
12,1778100841.2353053,2,66305,,,,
12,1778100841.2505767,2,66315,,,,
12,1778100841.2548578,2,66325,,,,
12,1778100841.2680693,2,66335,,,,
12,1778100841.2749417,2,66345,,,,
12,1778100841.2849388,2,66355,,,,
12,1778100841.2979698,2,66365,,,,
12,1778100841.304922,2,66375,,,,
12,1778100841.3164937,2,66385,,,,
12,1778100841.324918,2,66395,,,,
12,1778100841.335895,2,66405,,,,
12,1778100841.3449755,2,66415,,,,
12,1778100841.354839,2,66425,,,,
12,1778100841.3648539,2,66435,,,,
12,1778100841.3747723,2,66445,,,,
12,1778100841.3848777,2,66455,,,,
12,1778100841.3952851,2,66465,,,,
12,1778100841.404804,2,66475,,,,
12,1778100841.416207,2,66485,,,,
12,1778100841.4248056,2,66495,,,,
12,1778100841.4396095,2,66505,,,,
12,1778100841.4478602,2,66515,,,,
12,1778100841.455123,2,66525,,,,
12,1778100841.4647915,2,66535,,,,
12,1778100841.4755516,2,66545,,,,
12,1778100841.4849956,2,66555,,,,
12,1778100841.4961157,2,66565,,,,
12,1778100841.5056694,2,66575,,,,
12,1778100841.5155466,2,66585,,,,
12,1778100841.5266712,2,66595,,,,
12,1778100841.534772,2,66605,,,,
12,1778100841.5457633,2,66615,,,,
12,1778100841.5559928,2,66625,,,,
12,1778100841.5648887,2,66635,,,,
12,1778100841.5763507,2,66645,,,,
12,1778100841.589686,2,66655,,,,
12,1778100841.5948637,2,66665,,,,
12,1778100841.6064358,2,66675,,,,
12,1778100841.615337,2,66685,,,,
12,1778100841.6288471,2,66695,,,,
12,1778100841.640438,2,66705,,,,
12,1778100841.6467862,2,66715,,,,
12,1778100841.655902,2,66725,,,,
12,1778100841.6656737,2,66735,,,,
12,1778100841.6755464,2,66745,,,,
12,1778100841.6847477,2,66755,,,,
12,1778100841.6997938,2,66765,,,,
12,1778100841.7051759,2,66775,,,,
12,1778100841.7149334,2,66785,,,,
12,1778100841.7273743,2,66795,,,,
12,1778100841.736304,2,66805,,,,
12,1778100841.7459826,2,66815,,,,
12,1778100841.7557724,2,66825,,,,
12,1778100841.7651155,2,66835,,,,
12,1778100841.7819147,2,66845,,,,
12,1778100841.787447,2,66855,,,,
12,1778100841.7967963,2,66865,,,,
12,1778100841.8055298,2,66875,,,,
12,1778100841.8151715,2,66885,,,,
12,1778100841.8307672,2,66895,,,,
12,1778100841.8367069,2,66905,,,,
12,1778100841.8479528,2,66915,,,,
12,1778100841.856146,2,66925,,,,
12,1778100841.8648927,2,66935,,,,
12,1778100841.8792865,2,66945,,,,
12,1778100841.8869333,2,66955,,,,
12,1778100841.8969166,2,66965,,,,
12,1778100841.9055004,2,66975,,,,
12,1778100841.9152272,2,66985,,,,
12,1778100841.929184,2,66995,,,,
12,1778100841.9444804,2,67005,,,,
12,1778100841.9453495,2,67015,,,,
12,1778100841.957606,2,67025,,,,
12,1778100841.9652135,2,67035,,,,
12,1778100841.9760818,2,67045,,,,
12,1778100841.987819,2,67055,,,,
12,1778100841.9948642,2,67065,,,,
12,1778100842.0075402,2,67075,,,,
12,1778100842.015088,2,67085,,,,
12,1778100842.0262702,2,67095,,,,
12,1778100842.0352392,2,67105,,,,
12,1778100842.0473752,2,67115,,,,
12,1778100842.0562487,2,67125,,,,
12,1778100842.067588,2,67135,,,,
12,1778100842.0750165,2,67145,,,,
12,1778100842.0872436,2,67155,,,,
12,1778100842.0951803,2,67165,,,,
12,1778100842.1094208,2,67175,,,,
12,1778100842.1167982,2,67185,,,,
12,1778100842.1269813,2,67195,,,,
12,1778100842.1366832,2,67205,,,,
12,1778100842.1448674,2,67215,,,,
12,1778100842.1548696,2,67225,,,,
12,1778100842.1665936,2,67235,,,,
12,1778100842.1757746,2,67245,,,,
12,1778100842.1872284,2,67255,,,,
12,1778100842.1957974,2,67265,,,,
12,1778100842.2057612,2,67275,,,,
12,1778100842.2171412,2,67285,,,,
12,1778100842.225727,2,67295,,,,
12,1778100842.2359927,2,67305,,,,
12,1778100842.245927,2,67315,,,,
12,1778100842.2612114,2,67325,,,,
12,1778100842.267895,2,67335,,,,
12,1778100842.2748413,2,67345,,,,
12,1778100842.284927,2,67355,,,,
12,1778100842.2949357,2,67365,,,,
12,1778100842.306661,2,67375,,,,
12,1778100842.3188639,2,67385,,,,
12,1778100842.3279083,2,67395,,,,
12,1778100842.3348012,2,67405,,,,
12,1778100842.3459046,2,67415,,,,
12,1778100842.3588543,2,67425,,,,
12,1778100842.3745928,2,67435,,,,
12,1778100842.3772283,2,67445,,,,
12,1778100842.3853736,2,67455,,,,
12,1778100842.394828,2,67465,,,,
12,1778100842.4051073,2,67475,,,,
12,1778100842.4169307,2,67485,,,,
12,1778100842.4281666,2,67495,,,,
12,1778100842.4354734,2,67505,,,,
12,1778100842.450848,2,67515,,,,
12,1778100842.4556284,2,67525,,,,
12,1778100842.4658504,2,67535,,,,
12,1778100842.4772353,2,67545,,,,
12,1778100842.4888356,2,67555,,,,
12,1778100842.4986515,2,67565,,,,
12,1778100842.5061908,2,67575,,,,
12,1778100842.5148892,2,67585,,,,
12,1778100842.5275707,2,67595,,,,
12,1778100842.5358567,2,67605,,,,
12,1778100842.5468903,2,67615,,,,
12,1778100842.563075,2,67625,,,,
12,1778100842.5668309,2,67635,,,,
12,1778100842.5800202,2,67645,,,,
12,1778100842.5848744,2,67655,,,,
12,1778100842.595717,2,67665,,,,
12,1778100842.60691,2,67675,,,,
12,1778100842.6165178,2,67685,,,,
12,1778100842.6254215,2,67695,,,,
12,1778100842.6410627,2,67705,,,,
12,1778100842.6523302,2,67715,,,,
12,1778100842.657694,2,67725,,,,
12,1778100842.6649342,2,67735,,,,
12,1778100842.675598,2,67745,,,,
12,1778100842.6869092,2,67755,,,,
12,1778100842.6958966,2,67765,,,,
12,1778100842.7070625,2,67775,,,,
12,1778100842.7149744,2,67785,,,,
12,1778100842.7343118,2,67795,,,,
12,1778100842.7377996,2,67805,,,,
12,1778100842.747696,2,67815,,,,
12,1778100842.7558272,2,67825,,,,
12,1778100842.7649238,2,67835,,,,
12,1778100842.7788653,2,67845,,,,
12,1778100842.788787,2,67855,,,,
12,1778100842.7971187,2,67865,,,,
12,1778100842.8049562,2,67875,,,,
12,1778100842.8149095,2,67885,,,,
12,1778100842.8329508,2,67895,,,,
12,1778100842.835288,2,67905,,,,
12,1778100842.8464046,2,67915,,,,
12,1778100842.8579354,2,67925,,,,
12,1778100842.8649094,2,67935,,,,
12,1778100842.8769333,2,67945,,,,
12,1778100842.8949716,2,67955,,,,
12,1778100842.8972406,2,67965,,,,
12,1778100842.9049406,2,67975,,,,
12,1778100842.935995,2,67985,,,,
12,1778100842.9413373,2,67995,,,,
12,1778100842.9413517,2,68005,,,,
12,1778100842.9459417,2,68015,,,,
12,1778100842.9619,2,68025,,,,
12,1778100842.964988,2,68035,,,,
12,1778100842.974905,2,68045,,,,
12,1778100842.9849522,2,68055,,,,
12,1778100842.995055,2,68065,,,,
12,1778100843.0069015,2,68075,,,,
12,1778100843.0198584,2,68085,,,,
12,1778100843.0268347,2,68095,,,,
12,1778100843.0357275,2,68105,,,,
12,1778100843.0469127,2,68115,,,,
12,1778100843.0598881,2,68125,,,,
12,1778100843.0695071,2,68135,,,,
12,1778100843.0804884,2,68145,,,,
12,1778100843.0847378,2,68155,,,,
12,1778100843.0949118,2,68165,,,,
12,1778100843.1048539,2,68175,,,,
12,1778100843.1154025,2,68185,,,,
12,1778100843.1254103,2,68195,,,,
12,1778100843.1397245,2,68205,,,,
12,1778100843.1476011,2,68215,,,,
12,1778100843.1622028,2,68225,,,,
12,1778100843.167639,2,68235,,,,
12,1778100843.1764972,2,68245,,,,
12,1778100843.1956325,2,68255,,,,
12,1778100843.195842,2,68265,,,,
12,1778100843.2097008,2,68275,,,,
12,1778100843.2167163,2,68285,,,,
12,1778100843.225523,2,68295,,,,
12,1778100843.235948,2,68305,,,,
12,1778100843.249322,2,68315,,,,
12,1778100843.2549143,2,68325,,,,
12,1778100843.267545,2,68335,,,,
12,1778100843.2777803,2,68345,,,,
12,1778100843.2848063,2,68355,,,,
12,1778100843.2960546,2,68365,,,,
12,1778100843.3059886,2,68375,,,,
12,1778100843.3158998,2,68385,,,,
12,1778100843.3269167,2,68395,,,,
12,1778100843.3400936,2,68405,,,,
12,1778100843.347736,2,68415,,,,
12,1778100843.3577986,2,68425,,,,
12,1778100843.3698962,2,68435,,,,
12,1778100843.3749027,2,68445,,,,
12,1778100843.3848064,2,68455,,,,
12,1778100843.3949656,2,68465,,,,
12,1778100843.4073484,2,68475,,,,
12,1778100843.4149666,2,68485,,,,
12,1778100843.4279068,2,68495,,,,
12,1778100843.4457648,2,68505,,,,
12,1778100843.4457936,2,68515,,,,
12,1778100843.46015,2,68525,,,,
12,1778100843.4687796,2,68535,,,,
12,1778100843.475009,2,68545,,,,
12,1778100843.4867623,2,68555,,,,
12,1778100843.497948,2,68565,,,,
12,1778100843.505035,2,68575,,,,
12,1778100843.5148938,2,68585,,,,
12,1778100843.5249388,2,68595,,,,
12,1778100843.5389278,2,68605,,,,
12,1778100843.5458105,2,68615,,,,
12,1778100843.554921,2,68625,,,,
12,1778100843.5704129,2,68635,,,,
12,1778100843.5766637,2,68645,,,,
12,1778100843.5871954,2,68655,,,,
12,1778100843.5968165,2,68665,,,,
12,1778100843.6130319,2,68675,,,,
12,1778100843.6155221,2,68685,,,,
12,1778100843.6256504,2,68695,,,,
12,1778100843.6352582,2,68705,,,,
12,1778100843.6458611,2,68715,,,,
12,1778100843.656246,2,68725,,,,
12,1778100843.664828,2,68735,,,,
12,1778100843.6774192,2,68745,,,,
12,1778100843.6849034,2,68755,,,,
12,1778100843.699596,2,68765,,,,
12,1778100843.70903,2,68775,,,,
12,1778100843.7146945,2,68785,,,,
12,1778100843.728536,2,68795,,,,
12,1778100843.7367675,2,68805,,,,
12,1778100843.746245,2,68815,,,,
12,1778100843.7559233,2,68825,,,,
12,1778100843.7662601,2,68835,,,,
12,1778100843.7802353,2,68845,,,,
12,1778100843.785045,2,68855,,,,
12,1778100843.7950532,2,68865,,,,
12,1778100843.8049264,2,68875,,,,
12,1778100843.8150594,2,68885,,,,
12,1778100843.8255584,2,68895,,,,
12,1778100843.8373547,2,68905,,,,
12,1778100843.8449461,2,68915,,,,
12,1778100843.855418,2,68925,,,,
12,1778100843.8710444,2,68935,,,,
12,1778100843.8795843,2,68945,,,,
12,1778100843.8849826,2,68955,,,,
12,1778100843.8949301,2,68965,,,,
12,1778100843.9086673,2,68975,,,,
12,1778100843.916805,2,68985,,,,
12,1778100843.9279106,2,68995,,,,
12,1778100843.9376605,2,69005,,,,
12,1778100843.9449165,2,69015,,,,
12,1778100843.9554865,2,69025,,,,
12,1778100843.9677837,2,69035,,,,
12,1778100843.9764278,2,69045,,,,
12,1778100843.9849238,2,69055,,,,
12,1778100843.9975262,2,69065,,,,
12,1778100844.0084636,2,69075,,,,
12,1778100844.0166428,2,69085,,,,
12,1778100844.0255737,2,69095,,,,
12,1778100844.0354915,2,69105,,,,
12,1778100844.044746,2,69115,,,,
12,1778100844.0562313,2,69125,,,,
12,1778100844.0656912,2,69135,,,,
12,1778100844.075887,2,69145,,,,
12,1778100844.0873635,2,69155,,,,
12,1778100844.0955725,2,69165,,,,
12,1778100844.1049926,2,69175,,,,
12,1778100844.1155064,2,69185,,,,
12,1778100844.124925,2,69195,,,,
12,1778100844.1387625,2,69205,,,,
12,1778100844.1448085,2,69215,,,,
12,1778100844.155809,2,69225,,,,
12,1778100844.1682215,2,69235,,,,
12,1778100844.1767273,2,69245,,,,
12,1778100844.1854923,2,69255,,,,
12,1778100844.1958694,2,69265,,,,
12,1778100844.2065303,2,69275,,,,
12,1778100844.2184324,2,69285,,,,
12,1778100844.225603,2,69295,,,,
12,1778100844.2366889,2,69305,,,,
12,1778100844.2448115,2,69315,,,,
12,1778100844.2553952,2,69325,,,,
12,1778100844.2654078,2,69335,,,,
12,1778100844.2749338,2,69345,,,,
12,1778100844.2873204,2,69355,,,,
12,1778100844.3002698,2,69365,,,,
12,1778100844.3056002,2,69375,,,,
12,1778100844.3219266,2,69385,,,,
12,1778100844.3255782,2,69395,,,,
12,1778100844.3348925,2,69405,,,,
12,1778100844.3454514,2,69415,,,,
12,1778100844.354928,2,69425,,,,
12,1778100844.365271,2,69435,,,,
12,1778100844.37494,2,69445,,,,
12,1778100844.3856132,2,69455,,,,
12,1778100844.3948889,2,69465,,,,
12,1778100844.4051104,2,69475,,,,
12,1778100844.4164329,2,69485,,,,
12,1778100844.426184,2,69495,,,,
12,1778100844.4349108,2,69505,,,,
12,1778100844.4462824,2,69515,,,,
12,1778100844.456457,2,69525,,,,
12,1778100844.465732,2,69535,,,,
12,1778100844.4754367,2,69545,,,,
12,1778100844.4905875,2,69555,,,,
12,1778100844.4989183,2,69565,,,,
12,1778100844.504993,2,69575,,,,
12,1778100844.5149024,2,69585,,,,
12,1778100844.5269032,2,69595,,,,
12,1778100844.5348709,2,69605,,,,
12,1778100844.5448914,2,69615,,,,
12,1778100844.5556889,2,69625,,,,
12,1778100844.566984,2,69635,,,,
12,1778100844.583141,2,69645,,,,
12,1778100844.5861022,2,69655,,,,
12,1778100844.6007338,2,69665,,,,
12,1778100844.6068656,2,69675,,,,
12,1778100844.6147912,2,69685,,,,
12,1778100844.6287498,2,69695,,,,
12,1778100844.6347947,2,69705,,,,
12,1778100844.6454098,2,69715,,,,
12,1778100844.655401,2,69725,,,,
12,1778100844.6720126,2,69735,,,,
12,1778100844.6752868,2,69745,,,,
12,1778100844.684798,2,69755,,,,
12,1778100844.7029827,2,69765,,,,
12,1778100844.7052824,2,69775,,,,
12,1778100844.715682,2,69785,,,,
12,1778100844.7268627,2,69795,,,,
12,1778100844.7348592,2,69805,,,,
12,1778100844.7467253,2,69815,,,,
12,1778100844.754853,2,69825,,,,
12,1778100844.767939,2,69835,,,,
12,1778100844.7765741,2,69845,,,,
12,1778100844.784905,2,69855,,,,
12,1778100844.7993817,2,69865,,,,
12,1778100844.806942,2,69875,,,,
12,1778100844.814866,2,69885,,,,
12,1778100844.8250246,2,69895,,,,
12,1778100844.8349915,2,69905,,,,
12,1778100844.8449757,2,69915,,,,
12,1778100844.8548205,2,69925,,,,
12,1778100844.8658044,2,69935,,,,
12,1778100844.8777564,2,69945,,,,
12,1778100844.8859615,2,69955,,,,
12,1778100844.8975127,2,69965,,,,
12,1778100844.9081254,2,69975,,,,
12,1778100844.9159184,2,69985,,,,
12,1778100844.9277751,2,69995,,,,
12,1778100844.934696,2,70005,,,,
12,1778100844.944895,2,70015,,,,
12,1778100844.9547465,2,70025,,,,
12,1778100844.9659226,2,70035,,,,
12,1778100844.976823,2,70045,,,,
12,1778100844.9852784,2,70055,,,,
12,1778100844.994931,2,70065,,,,
12,1778100845.0119102,2,70075,,,,
12,1778100845.0160766,2,70085,,,,
12,1778100845.025626,2,70095,,,,
12,1778100845.0357687,2,70105,,,,
12,1778100845.0472622,2,70115,,,,
12,1778100845.056792,2,70125,,,,
12,1778100845.0654597,2,70135,,,,
12,1778100845.0754209,2,70145,,,,
12,1778100845.0853543,2,70155,,,,
12,1778100845.0948246,2,70165,,,,
12,1778100845.1063454,2,70175,,,,
12,1778100845.1148987,2,70185,,,,
12,1778100845.125012,2,70195,,,,
12,1778100845.134903,2,70205,,,,
12,1778100845.1468258,2,70215,,,,
12,1778100845.1558633,2,70225,,,,
12,1778100845.1653368,2,70235,,,,
12,1778100845.1749058,2,70245,,,,
12,1778100845.1858096,2,70255,,,,
12,1778100845.1953669,2,70265,,,,
12,1778100845.2071915,2,70275,,,,
12,1778100845.2190456,2,70285,,,,
12,1778100845.2247853,2,70295,,,,
12,1778100845.237926,2,70305,,,,
12,1778100845.2508707,2,70315,,,,
12,1778100845.254936,2,70325,,,,
12,1778100845.2649465,2,70335,,,,
12,1778100845.277401,2,70345,,,,
12,1778100845.286779,2,70355,,,,
12,1778100845.294891,2,70365,,,,
12,1778100845.3081512,2,70375,,,,
12,1778100845.3175685,2,70385,,,,
12,1778100845.3256876,2,70395,,,,
12,1778100845.3378012,2,70405,,,,
12,1778100845.3459554,2,70415,,,,
12,1778100845.3549101,2,70425,,,,
12,1778100845.3649392,2,70435,,,,
12,1778100845.3748507,2,70445,,,,
12,1778100845.3864808,2,70455,,,,
12,1778100845.3953395,2,70465,,,,
12,1778100845.4065711,2,70475,,,,
12,1778100845.4179037,2,70485,,,,
12,1778100845.4307702,2,70495,,,,
12,1778100845.43668,2,70505,,,,
12,1778100845.4466338,2,70515,,,,
12,1778100845.457326,2,70525,,,,
12,1778100845.4658132,2,70535,,,,
12,1778100845.474898,2,70545,,,,
12,1778100845.4864738,2,70555,,,,
12,1778100845.4988537,2,70565,,,,
12,1778100845.5057034,2,70575,,,,
12,1778100845.5159497,2,70585,,,,
12,1778100845.524878,2,70595,,,,
12,1778100845.536364,2,70605,,,,
12,1778100845.544966,2,70615,,,,
12,1778100845.5548954,2,70625,,,,
12,1778100845.567258,2,70635,,,,
12,1778100845.5756493,2,70645,,,,
12,1778100845.5877447,2,70655,,,,
12,1778100845.5967832,2,70665,,,,
12,1778100845.6070418,2,70675,,,,
12,1778100845.6257198,2,70685,,,,
12,1778100845.628736,2,70695,,,,
12,1778100845.6349251,2,70705,,,,
12,1778100845.6449783,2,70715,,,,
12,1778100845.6549916,2,70725,,,,
12,1778100845.664999,2,70735,,,,
12,1778100845.6748776,2,70745,,,,
12,1778100845.685931,2,70755,,,,
12,1778100845.6954033,2,70765,,,,
12,1778100845.7092566,2,70775,,,,
12,1778100845.718825,2,70785,,,,
12,1778100845.727904,2,70795,,,,
12,1778100845.735069,2,70805,,,,
12,1778100845.7448547,2,70815,,,,
12,1778100845.7587976,2,70825,,,,
12,1778100845.7659092,2,70835,,,,
12,1778100845.7752736,2,70845,,,,
12,1778100845.7856324,2,70855,,,,
12,1778100845.7963438,2,70865,,,,
12,1778100845.805226,2,70875,,,,
12,1778100845.8197243,2,70885,,,,
12,1778100845.8307865,2,70895,,,,
12,1778100845.8362265,2,70905,,,,
12,1778100845.8454368,2,70915,,,,
12,1778100845.8576982,2,70925,,,,
12,1778100845.8677864,2,70935,,,,
12,1778100845.8799336,2,70945,,,,
12,1778100845.890512,2,70955,,,,
12,1778100845.8956218,2,70965,,,,
12,1778100845.9055128,2,70975,,,,
12,1778100845.9152331,2,70985,,,,
12,1778100845.9345028,2,70995,,,,
12,1778100845.9374855,2,71005,,,,
12,1778100845.9456713,2,71015,,,,
12,1778100845.9588573,2,71025,,,,
12,1778100845.9647536,2,71035,,,,
12,1778100845.9749072,2,71045,,,,
12,1778100845.984857,2,71055,,,,
12,1778100845.9960103,2,71065,,,,
12,1778100846.0080345,2,71075,,,,
12,1778100846.0157971,2,71085,,,,
12,1778100846.0308702,2,71095,,,,
12,1778100846.035419,2,71105,,,,
12,1778100846.0469906,2,71115,,,,
12,1778100846.0558157,2,71125,,,,
12,1778100846.064946,2,71135,,,,
12,1778100846.0749059,2,71145,,,,
12,1778100846.0849044,2,71155,,,,
12,1778100846.094923,2,71165,,,,
12,1778100846.1049442,2,71175,,,,
12,1778100846.11492,2,71185,,,,
12,1778100846.1266415,2,71195,,,,
12,1778100846.1365151,2,71205,,,,
12,1778100846.1465716,2,71215,,,,
12,1778100846.1576595,2,71225,,,,
12,1778100846.1649349,2,71235,,,,
12,1778100846.177691,2,71245,,,,
12,1778100846.186837,2,71255,,,,
12,1778100846.1955228,2,71265,,,,
12,1778100846.2055833,2,71275,,,,
12,1778100846.215287,2,71285,,,,
12,1778100846.22506,2,71295,,,,
12,1778100846.2439122,2,71305,,,,
12,1778100846.246217,2,71315,,,,
12,1778100846.2558973,2,71325,,,,
12,1778100846.2657843,2,71335,,,,
12,1778100846.2758937,2,71345,,,,
12,1778100846.2857645,2,71355,,,,
12,1778100846.2978082,2,71365,,,,
12,1778100846.3118062,2,71375,,,,
12,1778100846.3165438,2,71385,,,,
12,1778100846.3267086,2,71395,,,,
12,1778100846.3366098,2,71405,,,,
12,1778100846.3452203,2,71415,,,,
12,1778100846.3557248,2,71425,,,,
12,1778100846.368876,2,71435,,,,
12,1778100846.3748295,2,71445,,,,
12,1778100846.384873,2,71455,,,,
12,1778100846.3960776,2,71465,,,,
12,1778100846.4049659,2,71475,,,,
12,1778100846.4178944,2,71485,,,,
12,1778100846.428239,2,71495,,,,
12,1778100846.4434311,2,71505,,,,
12,1778100846.4448082,2,71515,,,,
12,1778100846.4572287,2,71525,,,,
12,1778100846.4667401,2,71535,,,,
12,1778100846.4798713,2,71545,,,,
12,1778100846.4846745,2,71555,,,,
12,1778100846.4949272,2,71565,,,,
12,1778100846.5048714,2,71575,,,,
12,1778100846.5153935,2,71585,,,,
12,1778100846.524982,2,71595,,,,
12,1778100846.5397525,2,71605,,,,
12,1778100846.5464945,2,71615,,,,
12,1778100846.5593245,2,71625,,,,
12,1778100846.5697825,2,71635,,,,
12,1778100846.575154,2,71645,,,,
12,1778100846.5856338,2,71655,,,,
12,1778100846.5974607,2,71665,,,,
12,1778100846.606905,2,71675,,,,
12,1778100846.6188345,2,71685,,,,
12,1778100846.625672,2,71695,,,,
12,1778100846.6349404,2,71705,,,,
12,1778100846.6467447,2,71715,,,,
12,1778100846.6547716,2,71725,,,,
12,1778100846.6688561,2,71735,,,,
12,1778100846.6754074,2,71745,,,,
12,1778100846.684913,2,71755,,,,
12,1778100846.7006538,2,71765,,,,
12,1778100846.705275,2,71775,,,,
12,1778100846.717624,2,71785,,,,
12,1778100846.7265558,2,71795,,,,
12,1778100846.73972,2,71805,,,,
12,1778100846.7528524,2,71815,,,,
12,1778100846.7549396,2,71825,,,,
12,1778100846.7709177,2,71835,,,,
12,1778100846.7769089,2,71845,,,,
12,1778100846.7848697,2,71855,,,,
12,1778100846.795765,2,71865,,,,
12,1778100846.8049054,2,71875,,,,
12,1778100846.8165195,2,71885,,,,
12,1778100846.8256261,2,71895,,,,
12,1778100846.840838,2,71905,,,,
12,1778100846.8488467,2,71915,,,,
12,1778100846.8559825,2,71925,,,,
12,1778100846.8666852,2,71935,,,,
12,1778100846.8777173,2,71945,,,,
12,1778100846.8854089,2,71955,,,,
12,1778100846.8949099,2,71965,,,,
12,1778100846.9049299,2,71975,,,,
12,1778100846.9148693,2,71985,,,,
12,1778100846.9253855,2,71995,,,,
12,1778100846.9372396,2,72005,,,,
12,1778100846.9456594,2,72015,,,,
12,1778100846.9554214,2,72025,,,,
12,1778100846.9648302,2,72035,,,,
12,1778100846.9819617,2,72045,,,,
12,1778100846.9848711,2,72055,,,,
12,1778100846.9973717,2,72065,,,,
12,1778100847.0063522,2,72075,,,,
12,1778100847.015489,2,72085,,,,
12,1778100847.0278795,2,72095,,,,
12,1778100847.0428941,2,72105,,,,
12,1778100847.047959,2,72115,,,,
12,1778100847.056968,2,72125,,,,
12,1778100847.064891,2,72135,,,,
12,1778100847.079034,2,72145,,,,
12,1778100847.0848355,2,72155,,,,
12,1778100847.0947978,2,72165,,,,
12,1778100847.1049764,2,72175,,,,
12,1778100847.1153243,2,72185,,,,
12,1778100847.1297264,2,72195,,,,
12,1778100847.1375196,2,72205,,,,
12,1778100847.1465673,2,72215,,,,
12,1778100847.154895,2,72225,,,,
12,1778100847.1683874,2,72235,,,,
12,1778100847.1767235,2,72245,,,,
12,1778100847.1889718,2,72255,,,,
12,1778100847.198949,2,72265,,,,
12,1778100847.2053206,2,72275,,,,
12,1778100847.2174308,2,72285,,,,
12,1778100847.2258513,2,72295,,,,
12,1778100847.2353687,2,72305,,,,
12,1778100847.245282,2,72315,,,,
12,1778100847.256861,2,72325,,,,
12,1778100847.2659585,2,72335,,,,
12,1778100847.2785337,2,72345,,,,
12,1778100847.2887826,2,72355,,,,
12,1778100847.2946973,2,72365,,,,
12,1778100847.3054821,2,72375,,,,
12,1778100847.3156607,2,72385,,,,
12,1778100847.3279014,2,72395,,,,
12,1778100847.335068,2,72405,,,,
12,1778100847.3447983,2,72415,,,,
12,1778100847.3658514,2,72425,,,,
12,1778100847.3678381,2,72435,,,,
12,1778100847.3754685,2,72445,,,,
12,1778100847.3859296,2,72455,,,,
12,1778100847.3955686,2,72465,,,,
12,1778100847.4049032,2,72475,,,,
12,1778100847.415873,2,72485,,,,
12,1778100847.425796,2,72495,,,,
12,1778100847.4357836,2,72505,,,,
12,1778100847.446551,2,72515,,,,
12,1778100847.456658,2,72525,,,,
12,1778100847.4669764,2,72535,,,,
12,1778100847.4749813,2,72545,,,,
12,1778100847.4915802,2,72555,,,,
12,1778100847.498891,2,72565,,,,
12,1778100847.5047932,2,72575,,,,
12,1778100847.515673,2,72585,,,,
12,1778100847.525017,2,72595,,,,
12,1778100847.5367963,2,72605,,,,
12,1778100847.5483775,2,72615,,,,
12,1778100847.5557895,2,72625,,,,
12,1778100847.5668526,2,72635,,,,
12,1778100847.5754414,2,72645,,,,
12,1778100847.5863352,2,72655,,,,
12,1778100847.598799,2,72665,,,,
12,1778100847.606694,2,72675,,,,
12,1778100847.6148765,2,72685,,,,
12,1778100847.624912,2,72695,,,,
12,1778100847.6365488,2,72705,,,,
12,1778100847.6453803,2,72715,,,,
12,1778100847.6559503,2,72725,,,,
12,1778100847.6663325,2,72735,,,,
12,1778100847.674921,2,72745,,,,
12,1778100847.68532,2,72755,,,,
12,1778100847.6977093,2,72765,,,,
12,1778100847.7087655,2,72775,,,,
12,1778100847.715045,2,72785,,,,
12,1778100847.7269006,2,72795,,,,
12,1778100847.7386706,2,72805,,,,
12,1778100847.7455063,2,72815,,,,
12,1778100847.755616,2,72825,,,,
12,1778100847.769046,2,72835,,,,
12,1778100847.7752597,2,72845,,,,
12,1778100847.784911,2,72855,,,,
12,1778100847.7955067,2,72865,,,,
12,1778100847.8054755,2,72875,,,,
12,1778100847.8149402,2,72885,,,,
12,1778100847.8287137,2,72895,,,,
12,1778100847.8357527,2,72905,,,,
12,1778100847.8515532,2,72915,,,,
12,1778100847.855761,2,72925,,,,
12,1778100847.8685184,2,72935,,,,
12,1778100847.8775933,2,72945,,,,
12,1778100847.8894262,2,72955,,,,
12,1778100847.8979125,2,72965,,,,
12,1778100847.9213996,2,72975,,,,
12,1778100847.9218764,2,72985,,,,
12,1778100847.9256034,2,72995,,,,
12,1778100847.9397724,2,73005,,,,
12,1778100847.9462872,2,73015,,,,
12,1778100847.9569004,2,73025,,,,
12,1778100847.9669518,2,73035,,,,
12,1778100847.9924898,2,73045,,,,
12,1778100847.995596,2,73055,,,,
12,1778100847.9956186,2,73065,,,,
12,1778100848.0118654,2,73075,,,,
12,1778100848.0214257,2,73085,,,,
12,1778100848.0278418,2,73095,,,,
12,1778100848.041754,2,73105,,,,
12,1778100848.0548987,2,73115,,,,
12,1778100848.062897,2,73125,,,,
12,1778100848.0667744,2,73135,,,,
12,1778100848.0843308,2,73145,,,,
12,1778100848.0866022,2,73155,,,,
12,1778100848.0960653,2,73165,,,,
12,1778100848.104856,2,73175,,,,
12,1778100848.1159205,2,73185,,,,
12,1778100848.1258204,2,73195,,,,
12,1778100848.1368315,2,73205,,,,
12,1778100848.1457763,2,73215,,,,
12,1778100848.1578438,2,73225,,,,
12,1778100848.1795785,2,73235,,,,
12,1778100848.1802216,2,73245,,,,
12,1778100848.1877837,2,73255,,,,
12,1778100848.1958175,2,73265,,,,
12,1778100848.20551,2,73275,,,,
12,1778100848.2147918,2,73285,,,,
12,1778100848.2292445,2,73295,,,,
12,1778100848.237396,2,73305,,,,
12,1778100848.250548,2,73315,,,,
12,1778100848.2568624,2,73325,,,,
12,1778100848.2669227,2,73335,,,,
12,1778100848.2954903,2,73345,,,,
12,1778100848.2996182,2,73355,,,,
12,1778100848.302841,2,73365,,,,
12,1778100848.306579,2,73375,,,,
12,1778100848.3149712,2,73385,,,,
12,1778100848.3267446,2,73395,,,,
12,1778100848.3411536,2,73405,,,,
12,1778100848.344762,2,73415,,,,
12,1778100848.3559868,2,73425,,,,
12,1778100848.3653655,2,73435,,,,
12,1778100848.3927598,2,73445,,,,
12,1778100848.3957264,2,73455,,,,
12,1778100848.4008696,2,73465,,,,
12,1778100848.40962,2,73475,,,,
12,1778100848.422216,2,73485,,,,
12,1778100848.426355,2,73495,,,,
12,1778100848.443636,2,73505,,,,
12,1778100848.4679463,2,73515,,,,
12,1778100848.4865394,2,73525,,,,
12,1778100848.4949012,2,73535,,,,
12,1778100848.5011942,2,73545,,,,
12,1778100848.5073237,2,73555,,,,
12,1778100848.5077395,2,73565,,,,
12,1778100848.5077648,2,73575,,,,
12,1778100848.5266562,2,73585,,,,
12,1778100848.5352538,2,73595,,,,
12,1778100848.544664,2,73605,,,,
12,1778100848.5489066,2,73615,,,,
12,1778100848.556657,2,73625,,,,
12,1778100848.567435,2,73635,,,,
12,1778100848.5758884,2,73645,,,,
12,1778100848.5889447,2,73655,,,,
12,1778100848.5948372,2,73665,,,,
12,1778100848.605991,2,73675,,,,
12,1778100848.6179597,2,73685,,,,
12,1778100848.6265938,2,73695,,,,
12,1778100848.635819,2,73705,,,,
12,1778100848.645895,2,73715,,,,
12,1778100848.6553936,2,73725,,,,
12,1778100848.6737397,2,73735,,,,
12,1778100848.6755133,2,73745,,,,
12,1778100848.687862,2,73755,,,,
12,1778100848.6956685,2,73765,,,,
12,1778100848.7048738,2,73775,,,,
12,1778100848.7184927,2,73785,,,,
12,1778100848.7265062,2,73795,,,,
12,1778100848.7351959,2,73805,,,,
12,1778100848.7449641,2,73815,,,,
12,1778100848.7549043,2,73825,,,,
12,1778100848.7656133,2,73835,,,,
12,1778100848.7765641,2,73845,,,,
12,1778100848.784894,2,73855,,,,
12,1778100848.797448,2,73865,,,,
12,1778100848.8048553,2,73875,,,,
12,1778100848.8162353,2,73885,,,,
12,1778100848.8304143,2,73895,,,,
12,1778100848.8348675,2,73905,,,,
12,1778100848.844875,2,73915,,,,
12,1778100848.857787,2,73925,,,,
12,1778100848.8687558,2,73935,,,,
12,1778100848.8754206,2,73945,,,,
12,1778100848.8851323,2,73955,,,,
12,1778100848.8956485,2,73965,,,,
12,1778100848.9049137,2,73975,,,,
12,1778100848.9164262,2,73985,,,,
12,1778100848.929156,2,73995,,,,
12,1778100848.934766,2,74005,,,,
12,1778100848.944942,2,74015,,,,
12,1778100848.956278,2,74025,,,,
12,1778100848.966888,2,74035,,,,
12,1778100848.97859,2,74045,,,,
12,1778100848.9849374,2,74055,,,,
12,1778100848.9989674,2,74065,,,,
12,1778100849.005706,2,74075,,,,
12,1778100849.0178156,2,74085,,,,
12,1778100849.0295331,2,74095,,,,
12,1778100849.0464122,2,74105,,,,
12,1778100849.0483854,2,74115,,,,
12,1778100849.0551035,2,74125,,,,
12,1778100849.0651593,2,74135,,,,
12,1778100849.075972,2,74145,,,,
12,1778100849.087583,2,74155,,,,
12,1778100849.1017692,2,74165,,,,
12,1778100849.107872,2,74175,,,,
12,1778100849.1172895,2,74185,,,,
12,1778100849.1269832,2,74195,,,,
12,1778100849.1366963,2,74205,,,,
12,1778100849.144959,2,74215,,,,
12,1778100849.1574259,2,74225,,,,
12,1778100849.1675062,2,74235,,,,
12,1778100849.1750677,2,74245,,,,
12,1778100849.1917639,2,74255,,,,
12,1778100849.1949742,2,74265,,,,
12,1778100849.2094052,2,74275,,,,
12,1778100849.2147899,2,74285,,,,
12,1778100849.224759,2,74295,,,,
12,1778100849.2385488,2,74305,,,,
12,1778100849.245714,2,74315,,,,
12,1778100849.2548647,2,74325,,,,
12,1778100849.2655642,2,74335,,,,
12,1778100849.2796147,2,74345,,,,
12,1778100849.285814,2,74355,,,,
12,1778100849.297764,2,74365,,,,
12,1778100849.3088758,2,74375,,,,
12,1778100849.3173864,2,74385,,,,
12,1778100849.3254051,2,74395,,,,
12,1778100849.337788,2,74405,,,,
12,1778100849.344897,2,74415,,,,
12,1778100849.3557022,2,74425,,,,
12,1778100849.3648279,2,74435,,,,
12,1778100849.3818984,2,74445,,,,
12,1778100849.388673,2,74455,,,,
12,1778100849.3978786,2,74465,,,,
12,1778100849.4073393,2,74475,,,,
12,1778100849.4169054,2,74485,,,,
12,1778100849.425736,2,74495,,,,
12,1778100849.4377813,2,74505,,,,
12,1778100849.4449608,2,74515,,,,
12,1778100849.4549217,2,74525,,,,
12,1778100849.4646792,2,74535,,,,
12,1778100849.475992,2,74545,,,,
12,1778100849.4868095,2,74555,,,,
12,1778100849.4949307,2,74565,,,,
12,1778100849.518198,2,74575,,,,
12,1778100849.518218,2,74585,,,,
12,1778100849.5269718,2,74595,,,,
12,1778100849.5369592,2,74605,,,,
12,1778100849.5457852,2,74615,,,,
12,1778100849.5569239,2,74625,,,,
12,1778100849.5667884,2,74635,,,,
12,1778100849.5753565,2,74645,,,,
12,1778100849.5851243,2,74655,,,,
12,1778100849.5953667,2,74665,,,,
12,1778100849.604902,2,74675,,,,
12,1778100849.6183445,2,74685,,,,
12,1778100849.6269386,2,74695,,,,
12,1778100849.6358647,2,74705,,,,
12,1778100849.645704,2,74715,,,,
12,1778100849.6617565,2,74725,,,,
12,1778100849.664781,2,74735,,,,
12,1778100849.6768181,2,74745,,,,
12,1778100849.6873357,2,74755,,,,
12,1778100849.6953633,2,74765,,,,
12,1778100849.7078922,2,74775,,,,
12,1778100849.7155626,2,74785,,,,
12,1778100849.727217,2,74795,,,,
12,1778100849.7374463,2,74805,,,,
12,1778100849.74765,2,74815,,,,
12,1778100849.7567763,2,74825,,,,
12,1778100849.7653623,2,74835,,,,
12,1778100849.7749176,2,74845,,,,
12,1778100849.7849948,2,74855,,,,
12,1778100849.7953055,2,74865,,,,
12,1778100849.8078349,2,74875,,,,
12,1778100849.8187637,2,74885,,,,
12,1778100849.826138,2,74895,,,,
12,1778100849.836903,2,74905,,,,
12,1778100849.845702,2,74915,,,,
12,1778100849.8579082,2,74925,,,,
12,1778100849.8667595,2,74935,,,,
12,1778100849.87493,2,74945,,,,
12,1778100849.884836,2,74955,,,,
12,1778100849.897537,2,74965,,,,
12,1778100849.906006,2,74975,,,,
12,1778100849.9153843,2,74985,,,,
12,1778100849.9268763,2,74995,,,,
12,1778100849.9348626,2,75005,,,,
12,1778100849.9489825,2,75015,,,,
12,1778100849.9560063,2,75025,,,,
12,1778100849.966388,2,75035,,,,
12,1778100849.9764736,2,75045,,,,
12,1778100849.9849167,2,75055,,,,
12,1778100849.9969144,2,75065,,,,
12,1778100850.0057735,2,75075,,,,
12,1778100850.0175836,2,75085,,,,
12,1778100850.0275812,2,75095,,,,
12,1778100850.035086,2,75105,,,,
12,1778100850.0468774,2,75115,,,,
12,1778100850.0548952,2,75125,,,,
12,1778100850.0648496,2,75135,,,,
12,1778100850.0748618,2,75145,,,,
12,1778100850.0848596,2,75155,,,,
12,1778100850.100737,2,75165,,,,
12,1778100850.1143467,2,75175,,,,
12,1778100850.1149402,2,75185,,,,
12,1778100850.1298625,2,75195,,,,
12,1778100850.136762,2,75205,,,,
12,1778100850.145863,2,75215,,,,
12,1778100850.1569803,2,75225,,,,
12,1778100850.1648545,2,75235,,,,
12,1778100850.175438,2,75245,,,,
12,1778100850.1850343,2,75255,,,,
12,1778100850.1995888,2,75265,,,,
12,1778100850.205444,2,75275,,,,
12,1778100850.215667,2,75285,,,,
12,1778100850.226806,2,75295,,,,
12,1778100850.2358375,2,75305,,,,
12,1778100850.2499106,2,75315,,,,
12,1778100850.2548199,2,75325,,,,
12,1778100850.2653613,2,75335,,,,
12,1778100850.2788227,2,75345,,,,
12,1778100850.2858698,2,75355,,,,
12,1778100850.294933,2,75365,,,,
12,1778100850.3078542,2,75375,,,,
12,1778100850.318294,2,75385,,,,
12,1778100850.3247736,2,75395,,,,
12,1778100850.334966,2,75405,,,,
12,1778100850.345623,2,75415,,,,
12,1778100850.3558178,2,75425,,,,
12,1778100850.3649025,2,75435,,,,
12,1778100850.3752267,2,75445,,,,
12,1778100850.3857753,2,75455,,,,
12,1778100850.3957076,2,75465,,,,
12,1778100850.4058702,2,75475,,,,
12,1778100850.4149332,2,75485,,,,
12,1778100850.4273632,2,75495,,,,
12,1778100850.436677,2,75505,,,,
12,1778100850.4488618,2,75515,,,,
12,1778100850.4583268,2,75525,,,,
12,1778100850.465296,2,75535,,,,
12,1778100850.475424,2,75545,,,,
12,1778100850.485778,2,75555,,,,
12,1778100850.4950192,2,75565,,,,
12,1778100850.506538,2,75575,,,,
12,1778100850.517833,2,75585,,,,
12,1778100850.5267112,2,75595,,,,
12,1778100850.5397162,2,75605,,,,
12,1778100850.5452685,2,75615,,,,
12,1778100850.5567849,2,75625,,,,
12,1778100850.566773,2,75635,,,,
12,1778100850.5749621,2,75645,,,,
12,1778100850.5848238,2,75655,,,,
12,1778100850.5949733,2,75665,,,,
12,1778100850.6048667,2,75675,,,,
12,1778100850.6168585,2,75685,,,,
12,1778100850.6257224,2,75695,,,,
12,1778100850.6364646,2,75705,,,,
12,1778100850.6536598,2,75715,,,,
12,1778100850.662918,2,75725,,,,
12,1778100850.6654875,2,75735,,,,
12,1778100850.6757543,2,75745,,,,
12,1778100850.6848779,2,75755,,,,
12,1778100850.6953979,2,75765,,,,
12,1778100850.7058918,2,75775,,,,
12,1778100850.7157545,2,75785,,,,
12,1778100850.7253988,2,75795,,,,
12,1778100850.738796,2,75805,,,,
12,1778100850.7448738,2,75815,,,,
12,1778100850.7548382,2,75825,,,,
12,1778100850.7648418,2,75835,,,,
12,1778100850.7748666,2,75845,,,,
12,1778100850.7883213,2,75855,,,,
12,1778100850.7957523,2,75865,,,,
12,1778100850.8058589,2,75875,,,,
12,1778100850.8177226,2,75885,,,,
12,1778100850.8253841,2,75895,,,,
12,1778100850.8419144,2,75905,,,,
12,1778100850.8474438,2,75915,,,,
12,1778100850.8556216,2,75925,,,,
12,1778100850.867424,2,75935,,,,
12,1778100850.874869,2,75945,,,,
12,1778100850.8849425,2,75955,,,,
12,1778100850.8947723,2,75965,,,,
12,1778100850.911863,2,75975,,,,
12,1778100850.9157455,2,75985,,,,
12,1778100850.925291,2,75995,,,,
12,1778100850.9392033,2,76005,,,,
12,1778100850.9515326,2,76015,,,,
12,1778100850.9573636,2,76025,,,,
12,1778100850.96474,2,76035,,,,
12,1778100850.9768326,2,76045,,,,
12,1778100850.986013,2,76055,,,,
12,1778100850.995464,2,76065,,,,
12,1778100851.0049295,2,76075,,,,
12,1778100851.0148678,2,76085,,,,
12,1778100851.0252588,2,76095,,,,
12,1778100851.0348763,2,76105,,,,
12,1778100851.0467427,2,76115,,,,
12,1778100851.0554826,2,76125,,,,
12,1778100851.0656989,2,76135,,,,
12,1778100851.0779405,2,76145,,,,
12,1778100851.0852275,2,76155,,,,
12,1778100851.0970654,2,76165,,,,
12,1778100851.1048775,2,76175,,,,
12,1778100851.1182384,2,76185,,,,
12,1778100851.126804,2,76195,,,,
12,1778100851.1349316,2,76205,,,,
12,1778100851.1448133,2,76215,,,,
12,1778100851.1548295,2,76225,,,,
12,1778100851.1655285,2,76235,,,,
12,1778100851.176853,2,76245,,,,
12,1778100851.185691,2,76255,,,,
12,1778100851.1997972,2,76265,,,,
12,1778100851.2047782,2,76275,,,,
12,1778100851.2167242,2,76285,,,,
12,1778100851.2265227,2,76295,,,,
12,1778100851.2392037,2,76305,,,,
12,1778100851.24775,2,76315,,,,
12,1778100851.2579944,2,76325,,,,
12,1778100851.2657506,2,76335,,,,
12,1778100851.2809749,2,76345,,,,
12,1778100851.2847214,2,76355,,,,
12,1778100851.2949584,2,76365,,,,
12,1778100851.3050575,2,76375,,,,
12,1778100851.3149307,2,76385,,,,
12,1778100851.3267362,2,76395,,,,
12,1778100851.3352528,2,76405,,,,
12,1778100851.362324,2,76415,,,,
12,1778100851.3623483,2,76425,,,,
12,1778100851.3652868,2,76435,,,,
12,1778100851.3776495,2,76445,,,,
12,1778100851.3866746,2,76455,,,,
12,1778100851.3948598,2,76465,,,,
12,1778100851.4052155,2,76475,,,,
12,1778100851.4167871,2,76485,,,,
12,1778100851.4257665,2,76495,,,,
12,1778100851.4353101,2,76505,,,,
12,1778100851.4458952,2,76515,,,,
12,1778100851.459345,2,76525,,,,
12,1778100851.4653091,2,76535,,,,
12,1778100851.475995,2,76545,,,,
12,1778100851.4896379,2,76555,,,,
12,1778100851.4948401,2,76565,,,,
12,1778100851.5057008,2,76575,,,,
12,1778100851.516788,2,76585,,,,
12,1778100851.526714,2,76595,,,,
12,1778100851.5376744,2,76605,,,,
12,1778100851.5519042,2,76615,,,,
12,1778100851.5584993,2,76625,,,,
12,1778100851.5697324,2,76635,,,,
12,1778100851.574752,2,76645,,,,
12,1778100851.584945,2,76655,,,,
12,1778100851.5957577,2,76665,,,,
12,1778100851.6048958,2,76675,,,,
12,1778100851.6148405,2,76685,,,,
12,1778100851.6248322,2,76695,,,,
12,1778100851.6427517,2,76705,,,,
12,1778100851.6460614,2,76715,,,,
12,1778100851.6587431,2,76725,,,,
12,1778100851.6654735,2,76735,,,,
12,1778100851.6751783,2,76745,,,,
12,1778100851.6891084,2,76755,,,,
12,1778100851.6967156,2,76765,,,,
12,1778100851.705946,2,76775,,,,
12,1778100851.7171366,2,76785,,,,
12,1778100851.7247,2,76795,,,,
12,1778100851.7348886,2,76805,,,,
12,1778100851.746593,2,76815,,,,
12,1778100851.7586107,2,76825,,,,
12,1778100851.7678394,2,76835,,,,
12,1778100851.7747748,2,76845,,,,
12,1778100851.7856817,2,76855,,,,
12,1778100851.8008325,2,76865,,,,
12,1778100851.8067482,2,76875,,,,
12,1778100851.814888,2,76885,,,,
12,1778100851.8256955,2,76895,,,,
12,1778100851.834864,2,76905,,,,
12,1778100851.8459637,2,76915,,,,
12,1778100851.8568308,2,76925,,,,
12,1778100851.8657842,2,76935,,,,
12,1778100851.8748608,2,76945,,,,
12,1778100851.8848495,2,76955,,,,
12,1778100851.8967977,2,76965,,,,
12,1778100851.904828,2,76975,,,,
12,1778100851.9148765,2,76985,,,,
12,1778100851.9273086,2,76995,,,,
12,1778100851.9363215,2,77005,,,,
12,1778100851.952977,2,77015,,,,
12,1778100851.9550676,2,77025,,,,
12,1778100851.9680066,2,77035,,,,
12,1778100851.9751363,2,77045,,,,
12,1778100851.9847727,2,77055,,,,
12,1778100851.9957926,2,77065,,,,
12,1778100852.0050209,2,77075,,,,
12,1778100852.0146184,2,77085,,,,
12,1778100852.0248325,2,77095,,,,
12,1778100852.0353374,2,77105,,,,
12,1778100852.0452237,2,77115,,,,
12,1778100852.0547054,2,77125,,,,
12,1778100852.0723464,2,77135,,,,
12,1778100852.0768657,2,77145,,,,
12,1778100852.0849292,2,77155,,,,
12,1778100852.096511,2,77165,,,,
12,1778100852.1050665,2,77175,,,,
12,1778100852.115785,2,77185,,,,
12,1778100852.1263487,2,77195,,,,
12,1778100852.1374426,2,77205,,,,
12,1778100852.1471128,2,77215,,,,
12,1778100852.1557872,2,77225,,,,
12,1778100852.1647742,2,77235,,,,
12,1778100852.1778357,2,77245,,,,
12,1778100852.1849294,2,77255,,,,
12,1778100852.1949031,2,77265,,,,
12,1778100852.2086403,2,77275,,,,
12,1778100852.2177641,2,77285,,,,
12,1778100852.2275782,2,77295,,,,
12,1778100852.2368557,2,77305,,,,
12,1778100852.2597568,2,77315,,,,
12,1778100852.266742,2,77325,,,,
12,1778100852.269184,2,77335,,,,
12,1778100852.2821221,2,77345,,,,
12,1778100852.288495,2,77355,,,,
12,1778100852.2946508,2,77365,,,,
12,1778100852.3048043,2,77375,,,,
12,1778100852.314816,2,77385,,,,
12,1778100852.3253582,2,77395,,,,
12,1778100852.3372662,2,77405,,,,
12,1778100852.3448076,2,77415,,,,
12,1778100852.3575466,2,77425,,,,
12,1778100852.3662708,2,77435,,,,
12,1778100852.3764818,2,77445,,,,
12,1778100852.3852465,2,77455,,,,
12,1778100852.394629,2,77465,,,,
12,1778100852.406876,2,77475,,,,
12,1778100852.4151642,2,77485,,,,
12,1778100852.4249182,2,77495,,,,
12,1778100852.437344,2,77505,,,,
12,1778100852.4448361,2,77515,,,,
12,1778100852.4546802,2,77525,,,,
12,1778100852.4646642,2,77535,,,,
12,1778100852.4752212,2,77545,,,,
12,1778100852.4855034,2,77555,,,,
12,1778100852.4949434,2,77565,,,,
12,1778100852.506911,2,77575,,,,
12,1778100852.5157218,2,77585,,,,
12,1778100852.5252347,2,77595,,,,
12,1778100852.534936,2,77605,,,,
12,1778100852.5457568,2,77615,,,,
12,1778100852.5610301,2,77625,,,,
12,1778100852.5648482,2,77635,,,,
12,1778100852.5776181,2,77645,,,,
12,1778100852.5864575,2,77655,,,,
12,1778100852.594847,2,77665,,,,
12,1778100852.608345,2,77675,,,,
12,1778100852.6154623,2,77685,,,,
12,1778100852.6247969,2,77695,,,,
12,1778100852.634848,2,77705,,,,
12,1778100852.6471703,2,77715,,,,
12,1778100852.6569269,2,77725,,,,
12,1778100852.6685586,2,77735,,,,
12,1778100852.674728,2,77745,,,,
12,1778100852.6859462,2,77755,,,,
12,1778100852.6956332,2,77765,,,,
12,1778100852.706148,2,77775,,,,
12,1778100852.7185972,2,77785,,,,
12,1778100852.7298553,2,77795,,,,
12,1778100852.7378325,2,77805,,,,
12,1778100852.7447987,2,77815,,,,
12,1778100852.7545347,2,77825,,,,
12,1778100852.7651632,2,77835,,,,
12,1778100852.7757375,2,77845,,,,
12,1778100852.7875817,2,77855,,,,
12,1778100852.7951381,2,77865,,,,
12,1778100852.8052483,2,77875,,,,
12,1778100852.8149583,2,77885,,,,
12,1778100852.8270767,2,77895,,,,
12,1778100852.8355355,2,77905,,,,
12,1778100852.845935,2,77915,,,,
12,1778100852.8546636,2,77925,,,,
12,1778100852.8651752,2,77935,,,,
12,1778100852.8746629,2,77945,,,,
12,1778100852.884788,2,77955,,,,
12,1778100852.898334,2,77965,,,,
12,1778100852.9098527,2,77975,,,,
12,1778100852.9163914,2,77985,,,,
12,1778100852.9288876,2,77995,,,,
12,1778100852.935233,2,78005,,,,
12,1778100852.9529681,2,78015,,,,
12,1778100852.9556944,2,78025,,,,
12,1778100852.965526,2,78035,,,,
12,1778100852.9759028,2,78045,,,,
12,1778100852.9883919,2,78055,,,,
12,1778100852.996971,2,78065,,,,
12,1778100853.00483,2,78075,,,,
12,1778100853.0169246,2,78085,,,,
12,1778100853.0283144,2,78095,,,,
12,1778100853.0354166,2,78105,,,,
12,1778100853.0448596,2,78115,,,,
12,1778100853.0553916,2,78125,,,,
12,1778100853.0659518,2,78135,,,,
12,1778100853.0752857,2,78145,,,,
12,1778100853.085802,2,78155,,,,
12,1778100853.0998473,2,78165,,,,
12,1778100853.1054778,2,78175,,,,
12,1778100853.115842,2,78185,,,,
12,1778100853.1263897,2,78195,,,,
12,1778100853.1378658,2,78205,,,,
12,1778100853.144762,2,78215,,,,
12,1778100853.1549027,2,78225,,,,
12,1778100853.1724021,2,78235,,,,
12,1778100853.1840608,2,78245,,,,
12,1778100853.1862354,2,78255,,,,
12,1778100853.1968188,2,78265,,,,
12,1778100853.2048035,2,78275,,,,
12,1778100853.2192285,2,78285,,,,
12,1778100853.2268715,2,78295,,,,
12,1778100853.2387178,2,78305,,,,
12,1778100853.2448287,2,78315,,,,
12,1778100853.2566035,2,78325,,,,
12,1778100853.266289,2,78335,,,,
12,1778100853.275896,2,78345,,,,
12,1778100853.2851584,2,78355,,,,
12,1778100853.2947898,2,78365,,,,
12,1778100853.3048441,2,78375,,,,
12,1778100853.3186772,2,78385,,,,
12,1778100853.3259346,2,78395,,,,
12,1778100853.3348532,2,78405,,,,
12,1778100853.3487456,2,78415,,,,
12,1778100853.3586977,2,78425,,,,
12,1778100853.371445,2,78435,,,,
12,1778100853.3774567,2,78445,,,,
12,1778100853.3846717,2,78455,,,,
12,1778100853.3973649,2,78465,,,,
12,1778100853.4078925,2,78475,,,,
12,1778100853.416733,2,78485,,,,
12,1778100853.427523,2,78495,,,,
12,1778100853.436945,2,78505,,,,
12,1778100853.444827,2,78515,,,,
12,1778100853.4548213,2,78525,,,,
12,1778100853.4646585,2,78535,,,,
12,1778100853.475971,2,78545,,,,
12,1778100853.485184,2,78555,,,,
12,1778100853.4949248,2,78565,,,,
12,1778100853.509688,2,78575,,,,
12,1778100853.515873,2,78585,,,,
12,1778100853.5258944,2,78595,,,,
12,1778100853.5363245,2,78605,,,,
12,1778100853.5468051,2,78615,,,,
12,1778100853.5567212,2,78625,,,,
12,1778100853.5658941,2,78635,,,,
12,1778100853.5752873,2,78645,,,,
12,1778100853.5868115,2,78655,,,,
12,1778100853.5948777,2,78665,,,,
12,1778100853.6054952,2,78675,,,,
12,1778100853.6149197,2,78685,,,,
12,1778100853.6246722,2,78695,,,,
12,1778100853.6380458,2,78705,,,,
12,1778100853.644796,2,78715,,,,
12,1778100853.6559043,2,78725,,,,
12,1778100853.6657114,2,78735,,,,
12,1778100853.6746695,2,78745,,,,
12,1778100853.6869016,2,78755,,,,
12,1778100853.696389,2,78765,,,,
12,1778100853.709763,2,78775,,,,
12,1778100853.7146885,2,78785,,,,
12,1778100853.7249522,2,78795,,,,
12,1778100853.7433274,2,78805,,,,
12,1778100853.745646,2,78815,,,,
12,1778100853.7548068,2,78825,,,,
12,1778100853.7672882,2,78835,,,,
12,1778100853.7748299,2,78845,,,,
12,1778100853.7866437,2,78855,,,,
12,1778100853.796591,2,78865,,,,
12,1778100853.8078916,2,78875,,,,
12,1778100853.8157718,2,78885,,,,
12,1778100853.8265355,2,78895,,,,
12,1778100853.836179,2,78905,,,,
12,1778100853.8458529,2,78915,,,,
12,1778100853.854929,2,78925,,,,
12,1778100853.867748,2,78935,,,,
12,1778100853.8748014,2,78945,,,,
12,1778100853.8855538,2,78955,,,,
12,1778100853.8994508,2,78965,,,,
12,1778100853.9137204,2,78975,,,,
12,1778100853.9171264,2,78985,,,,
12,1778100853.9259136,2,78995,,,,
12,1778100853.9357662,2,79005,,,,
12,1778100853.9468055,2,79015,,,,
12,1778100853.954568,2,79025,,,,
12,1778100853.9654298,2,79035,,,,
12,1778100853.9777973,2,79045,,,,
12,1778100853.9858773,2,79055,,,,
12,1778100853.9951406,2,79065,,,,
12,1778100854.0048082,2,79075,,,,
12,1778100854.0150855,2,79085,,,,
12,1778100854.0269232,2,79095,,,,
12,1778100854.0357158,2,79105,,,,
12,1778100854.0480723,2,79115,,,,
12,1778100854.0565279,2,79125,,,,
12,1778100854.0682318,2,79135,,,,
12,1778100854.0783162,2,79145,,,,
12,1778100854.0859349,2,79155,,,,
12,1778100854.0958555,2,79165,,,,
12,1778100854.104836,2,79175,,,,
12,1778100854.116203,2,79185,,,,
12,1778100854.1258583,2,79195,,,,
12,1778100854.1347558,2,79205,,,,
12,1778100854.1477885,2,79215,,,,
12,1778100854.1549442,2,79225,,,,
12,1778100854.164788,2,79235,,,,
12,1778100854.1754575,2,79245,,,,
12,1778100854.1953,2,79255,,,,
12,1778100854.1976337,2,79265,,,,
12,1778100854.204785,2,79275,,,,
12,1778100854.2166948,2,79285,,,,
12,1778100854.2287042,2,79295,,,,
12,1778100854.2358203,2,79305,,,,
12,1778100854.247349,2,79315,,,,
12,1778100854.2568471,2,79325,,,,
12,1778100854.265769,2,79335,,,,
12,1778100854.2778742,2,79345,,,,
12,1778100854.285267,2,79355,,,,
12,1778100854.2964318,2,79365,,,,
12,1778100854.3050053,2,79375,,,,
12,1778100854.31505,2,79385,,,,
12,1778100854.3279688,2,79395,,,,
12,1778100854.3365438,2,79405,,,,
12,1778100854.3451858,2,79415,,,,
12,1778100854.3579793,2,79425,,,,
12,1778100854.3694682,2,79435,,,,
12,1778100854.377687,2,79445,,,,
12,1778100854.3862493,2,79455,,,,
12,1778100854.394753,2,79465,,,,
12,1778100854.4068203,2,79475,,,,
12,1778100854.416103,2,79485,,,,
12,1778100854.425417,2,79495,,,,
12,1778100854.4347937,2,79505,,,,
12,1778100854.4458241,2,79515,,,,
12,1778100854.4584808,2,79525,,,,
12,1778100854.465628,2,79535,,,,
12,1778100854.4746773,2,79545,,,,
12,1778100854.4850273,2,79555,,,,
12,1778100854.494817,2,79565,,,,
12,1778100854.5056274,2,79575,,,,
12,1778100854.515906,2,79585,,,,
12,1778100854.5271037,2,79595,,,,
12,1778100854.5388875,2,79605,,,,
12,1778100854.5457623,2,79615,,,,
12,1778100854.5617843,2,79625,,,,
12,1778100854.5645685,2,79635,,,,
12,1778100854.5754242,2,79645,,,,
12,1778100854.5848312,2,79655,,,,
12,1778100854.595609,2,79665,,,,
12,1778100854.605085,2,79675,,,,
12,1778100854.6169524,2,79685,,,,
12,1778100854.6256056,2,79695,,,,
12,1778100854.6377888,2,79705,,,,
12,1778100854.6467862,2,79715,,,,
12,1778100854.6588528,2,79725,,,,
12,1778100854.665323,2,79735,,,,
12,1778100854.6749036,2,79745,,,,
12,1778100854.687722,2,79755,,,,
12,1778100854.6957092,2,79765,,,,
12,1778100854.7050204,2,79775,,,,
12,1778100854.715469,2,79785,,,,
12,1778100854.724778,2,79795,,,,
12,1778100854.7375367,2,79805,,,,
12,1778100854.7464092,2,79815,,,,
12,1778100854.754836,2,79825,,,,
12,1778100854.76646,2,79835,,,,
12,1778100854.7748415,2,79845,,,,
12,1778100854.7907896,2,79855,,,,
12,1778100854.796617,2,79865,,,,
12,1778100854.8109407,2,79875,,,,
12,1778100854.8149176,2,79885,,,,
12,1778100854.8258896,2,79895,,,,
12,1778100854.8349075,2,79905,,,,
12,1778100854.8460848,2,79915,,,,
12,1778100854.8568165,2,79925,,,,
12,1778100854.8647447,2,79935,,,,
12,1778100854.8766465,2,79945,,,,
12,1778100854.8858488,2,79955,,,,
12,1778100854.894996,2,79965,,,,
12,1778100854.9068415,2,79975,,,,
12,1778100854.9151907,2,79985,,,,
12,1778100854.9260218,2,79995,,,,
12,1778100854.9407518,2,80005,,,,
12,1778100854.9496555,2,80015,,,,
12,1778100854.955219,2,80025,,,,
12,1778100854.9691856,2,80035,,,,
12,1778100854.9753766,2,80045,,,,
12,1778100854.985808,2,80055,,,,
12,1778100854.994739,2,80065,,,,
12,1778100855.0046237,2,80075,,,,
12,1778100855.014807,2,80085,,,,
12,1778100855.0247931,2,80095,,,,
12,1778100855.0356238,2,80105,,,,
12,1778100855.0445879,2,80115,,,,
12,1778100855.063875,2,80125,,,,
12,1778100855.067019,2,80135,,,,
12,1778100855.0757408,2,80145,,,,
12,1778100855.0896912,2,80155,,,,
12,1778100855.0947788,2,80165,,,,
12,1778100855.1090407,2,80175,,,,
12,1778100855.1167436,2,80185,,,,
12,1778100855.1252642,2,80195,,,,
12,1778100855.146639,2,80205,,,,
12,1778100855.146696,2,80215,,,,
12,1778100855.155078,2,80225,,,,
12,1778100855.1684124,2,80235,,,,
12,1778100855.174759,2,80245,,,,
12,1778100855.184861,2,80255,,,,
12,1778100855.196706,2,80265,,,,
12,1778100855.207733,2,80275,,,,
12,1778100855.216818,2,80285,,,,
12,1778100855.2257195,2,80295,,,,
12,1778100855.234849,2,80305,,,,
12,1778100855.249789,2,80315,,,,
12,1778100855.2578056,2,80325,,,,
12,1778100855.2670276,2,80335,,,,
12,1778100855.2766645,2,80345,,,,
12,1778100855.2847743,2,80355,,,,
12,1778100855.2948499,2,80365,,,,
12,1778100855.3046465,2,80375,,,,
12,1778100855.314844,2,80385,,,,
12,1778100855.3250208,2,80395,,,,
12,1778100855.3357267,2,80405,,,,
12,1778100855.3508716,2,80415,,,,
12,1778100855.3556223,2,80425,,,,
12,1778100855.3678026,2,80435,,,,
12,1778100855.3796804,2,80445,,,,
12,1778100855.388041,2,80455,,,,
12,1778100855.3993728,2,80465,,,,
12,1778100855.405749,2,80475,,,,
12,1778100855.4147935,2,80485,,,,
12,1778100855.4252594,2,80495,,,,
12,1778100855.437749,2,80505,,,,
12,1778100855.444927,2,80515,,,,
12,1778100855.454857,2,80525,,,,
12,1778100855.4674838,2,80535,,,,
12,1778100855.4755883,2,80545,,,,
12,1778100855.4848342,2,80555,,,,
12,1778100855.4983046,2,80565,,,,
12,1778100855.5076177,2,80575,,,,
12,1778100855.5178204,2,80585,,,,
12,1778100855.526736,2,80595,,,,
12,1778100855.5368137,2,80605,,,,
12,1778100855.54743,2,80615,,,,
12,1778100855.5566282,2,80625,,,,
12,1778100855.5647583,2,80635,,,,
12,1778100855.5747313,2,80645,,,,
12,1778100855.584758,2,80655,,,,
12,1778100855.5946019,2,80665,,,,
12,1778100855.6047285,2,80675,,,,
12,1778100855.6146104,2,80685,,,,
12,1778100855.630953,2,80695,,,,
12,1778100855.640313,2,80705,,,,
12,1778100855.6453118,2,80715,,,,
12,1778100855.6577106,2,80725,,,,
12,1778100855.667226,2,80735,,,,
12,1778100855.6748836,2,80745,,,,
12,1778100855.6873746,2,80755,,,,
12,1778100855.6973376,2,80765,,,,
12,1778100855.7047255,2,80775,,,,
12,1778100855.7187319,2,80785,,,,
12,1778100855.7246795,2,80795,,,,
12,1778100855.736566,2,80805,,,,
12,1778100855.745697,2,80815,,,,
12,1778100855.755792,2,80825,,,,
12,1778100855.7682128,2,80835,,,,
12,1778100855.7759738,2,80845,,,,
12,1778100855.7863736,2,80855,,,,
12,1778100855.7950268,2,80865,,,,
12,1778100855.8096268,2,80875,,,,
12,1778100855.8191633,2,80885,,,,
12,1778100855.8270106,2,80895,,,,
12,1778100855.835803,2,80905,,,,
12,1778100855.8446825,2,80915,,,,
12,1778100855.8647892,2,80925,,,,
12,1778100855.8653011,2,80935,,,,
12,1778100855.8783324,2,80945,,,,
12,1778100855.8846278,2,80955,,,,
12,1778100855.8966315,2,80965,,,,
12,1778100855.9047413,2,80975,,,,
12,1778100855.9191365,2,80985,,,,
12,1778100855.9319463,2,80995,,,,
12,1778100855.9358482,2,81005,,,,
12,1778100855.9461672,2,81015,,,,
12,1778100855.9604757,2,81025,,,,
12,1778100855.9658725,2,81035,,,,
12,1778100855.9789746,2,81045,,,,
12,1778100855.9877326,2,81055,,,,
12,1778100855.9948497,2,81065,,,,
12,1778100856.0049264,2,81075,,,,
12,1778100856.0148787,2,81085,,,,
12,1778100856.024965,2,81095,,,,
12,1778100856.0359101,2,81105,,,,
12,1778100856.045186,2,81115,,,,
12,1778100856.0572581,2,81125,,,,
12,1778100856.0688179,2,81135,,,,
12,1778100856.0749125,2,81145,,,,
12,1778100856.0849502,2,81155,,,,
12,1778100856.0959218,2,81165,,,,
12,1778100856.1099212,2,81175,,,,
12,1778100856.1157455,2,81185,,,,
12,1778100856.1286948,2,81195,,,,
12,1778100856.1353283,2,81205,,,,
12,1778100856.148002,2,81215,,,,
12,1778100856.1553922,2,81225,,,,
12,1778100856.17134,2,81235,,,,
12,1778100856.1748993,2,81245,,,,
12,1778100856.185301,2,81255,,,,
12,1778100856.205894,2,81265,,,,
12,1778100856.2086792,2,81275,,,,
12,1778100856.2151382,2,81285,,,,
12,1778100856.2297838,2,81295,,,,
12,1778100856.2362928,2,81305,,,,
12,1778100856.2554348,2,81315,,,,
12,1778100856.255469,2,81325,,,,
12,1778100856.2678332,2,81335,,,,
12,1778100856.2783327,2,81345,,,,
12,1778100856.2955132,2,81355,,,,
12,1778100856.2958286,2,81365,,,,
12,1778100856.306113,2,81375,,,,
12,1778100856.3189354,2,81385,,,,
12,1778100856.3246512,2,81395,,,,
12,1778100856.3348598,2,81405,,,,
12,1778100856.3467925,2,81415,,,,
12,1778100856.3555086,2,81425,,,,
12,1778100856.3675637,2,81435,,,,
12,1778100856.3798344,2,81445,,,,
12,1778100856.3898365,2,81455,,,,
12,1778100856.3947902,2,81465,,,,
12,1778100856.4054089,2,81475,,,,
12,1778100856.4151027,2,81485,,,,
12,1778100856.4288163,2,81495,,,,
12,1778100856.4363222,2,81505,,,,
12,1778100856.4456427,2,81515,,,,
12,1778100856.4552972,2,81525,,,,
12,1778100856.4734972,2,81535,,,,
12,1778100856.4840188,2,81545,,,,
12,1778100856.4848168,2,81555,,,,
12,1778100856.4949188,2,81565,,,,
12,1778100856.5114288,2,81575,,,,
12,1778100856.5148628,2,81585,,,,
12,1778100856.525909,2,81595,,,,
12,1778100856.5531993,2,81605,,,,
12,1778100856.5556297,2,81615,,,,
12,1778100856.558597,2,81625,,,,
12,1778100856.565543,2,81635,,,,
12,1778100856.5877419,2,81645,,,,
12,1778100856.5901365,2,81655,,,,
12,1778100856.614991,2,81665,,,,
12,1778100856.625899,2,81675,,,,
12,1778100856.62783,2,81685,,,,
12,1778100856.6296508,2,81695,,,,
12,1778100856.6365535,2,81705,,,,
12,1778100856.6468177,2,81715,,,,
12,1778100856.6568685,2,81725,,,,
12,1778100856.6695957,2,81735,,,,
12,1778100856.6828885,2,81745,,,,
12,1778100856.694584,2,81755,,,,
12,1778100856.694636,2,81765,,,,
12,1778100856.7050612,2,81775,,,,
12,1778100856.7151864,2,81785,,,,
12,1778100856.7358303,2,81795,,,,
12,1778100856.7449446,2,81805,,,,
12,1778100856.7497365,2,81815,,,,
12,1778100856.777902,2,81825,,,,
12,1778100856.7854445,2,81835,,,,
12,1778100856.7874796,2,81845,,,,
12,1778100856.7899368,2,81855,,,,
12,1778100856.7948084,2,81865,,,,
12,1778100856.8093414,2,81875,,,,
12,1778100856.8188276,2,81885,,,,
12,1778100856.8277888,2,81895,,,,
12,1778100856.8396792,2,81905,,,,
12,1778100856.8449357,2,81915,,,,
12,1778100856.8548946,2,81925,,,,
12,1778100856.8679023,2,81935,,,,
12,1778100856.8749962,2,81945,,,,
12,1778100856.9003596,2,81955,,,,
12,1778100856.9086132,2,81965,,,,
12,1778100856.9186978,2,81975,,,,
12,1778100856.9268067,2,81985,,,,
12,1778100856.9378302,2,81995,,,,
12,1778100856.9486454,2,82005,,,,
12,1778100856.9605672,2,82015,,,,
12,1778100856.964998,2,82025,,,,
12,1778100856.9697466,2,82035,,,,
12,1778100856.9748478,2,82045,,,,
12,1778100856.9898653,2,82055,,,,
12,1778100857.0027297,2,82065,,,,
12,1778100857.0049236,2,82075,,,,
12,1778100857.023744,2,82085,,,,
12,1778100857.033234,2,82095,,,,
12,1778100857.035464,2,82105,,,,
12,1778100857.0448766,2,82115,,,,
12,1778100857.0567145,2,82125,,,,
12,1778100857.0664468,2,82135,,,,
12,1778100857.0779054,2,82145,,,,
12,1778100857.0875793,2,82155,,,,
12,1778100857.095384,2,82165,,,,
12,1778100857.1056004,2,82175,,,,
12,1778100857.1155121,2,82185,,,,
12,1778100857.1246357,2,82195,,,,
12,1778100857.1346474,2,82205,,,,
12,1778100857.1471727,2,82215,,,,
12,1778100857.1546361,2,82225,,,,
12,1778100857.16712,2,82235,,,,
12,1778100857.1757243,2,82245,,,,
12,1778100857.1966093,2,82255,,,,
12,1778100857.202617,2,82265,,,,
12,1778100857.212068,2,82275,,,,
12,1778100857.220729,2,82285,,,,
12,1778100857.2332928,2,82295,,,,
12,1778100857.2352927,2,82305,,,,
12,1778100857.2547853,2,82315,,,,
12,1778100857.2548122,2,82325,,,,
12,1778100857.2657816,2,82335,,,,
12,1778100857.2962544,2,82345,,,,
12,1778100857.2985086,2,82355,,,,
12,1778100857.2988412,2,82365,,,,
12,1778100857.304711,2,82375,,,,
12,1778100857.314601,2,82385,,,,
12,1778100857.3251066,2,82395,,,,
12,1778100857.3348494,2,82405,,,,
12,1778100857.3488932,2,82415,,,,
12,1778100857.3578293,2,82425,,,,
12,1778100857.37145,2,82435,,,,
12,1778100857.3763535,2,82445,,,,
12,1778100857.390634,2,82455,,,,
12,1778100857.4066184,2,82465,,,,
12,1778100857.4116247,2,82475,,,,
12,1778100857.4173348,2,82485,,,,
12,1778100857.4343286,2,82495,,,,
12,1778100857.4366229,2,82505,,,,
12,1778100857.4457252,2,82515,,,,
12,1778100857.4563527,2,82525,,,,
12,1778100857.4695246,2,82535,,,,
12,1778100857.4748583,2,82545,,,,
12,1778100857.4936883,2,82555,,,,
12,1778100857.5026627,2,82565,,,,
12,1778100857.5064158,2,82575,,,,
12,1778100857.5167074,2,82585,,,,
12,1778100857.5299323,2,82595,,,,
12,1778100857.539913,2,82605,,,,
12,1778100857.545989,2,82615,,,,
12,1778100857.5617142,2,82625,,,,
12,1778100857.5793731,2,82635,,,,
12,1778100857.5813475,2,82645,,,,
12,1778100857.5846727,2,82655,,,,
12,1778100857.607464,2,82665,,,,
12,1778100857.6075795,2,82675,,,,
12,1778100857.614632,2,82685,,,,
12,1778100857.6268024,2,82695,,,,
12,1778100857.6365442,2,82705,,,,
12,1778100857.6488316,2,82715,,,,
12,1778100857.6587791,2,82725,,,,
12,1778100857.6665254,2,82735,,,,
12,1778100857.680264,2,82745,,,,
12,1778100857.6859112,2,82755,,,,
12,1778100857.6947427,2,82765,,,,
12,1778100857.7057128,2,82775,,,,
12,1778100857.7168202,2,82785,,,,
12,1778100857.7353356,2,82795,,,,
12,1778100857.7356918,2,82805,,,,
12,1778100857.7514765,2,82815,,,,
12,1778100857.7597468,2,82825,,,,
12,1778100857.7707984,2,82835,,,,
12,1778100857.7779365,2,82845,,,,
12,1778100857.7872016,2,82855,,,,
12,1778100857.7958014,2,82865,,,,
12,1778100857.8092873,2,82875,,,,
12,1778100857.816416,2,82885,,,,
12,1778100857.8308306,2,82895,,,,
12,1778100857.8393247,2,82905,,,,
12,1778100857.8466985,2,82915,,,,
12,1778100857.8554509,2,82925,,,,
12,1778100857.8648279,2,82935,,,,
12,1778100857.875624,2,82945,,,,
12,1778100857.8854115,2,82955,,,,
12,1778100857.8958209,2,82965,,,,
12,1778100857.9108322,2,82975,,,,
12,1778100857.9189978,2,82985,,,,
12,1778100857.9269161,2,82995,,,,
12,1778100857.9362917,2,83005,,,,
12,1778100857.9448044,2,83015,,,,
12,1778100857.95542,2,83025,,,,
12,1778100857.964818,2,83035,,,,
12,1778100857.97577,2,83045,,,,
12,1778100857.9849484,2,83055,,,,
12,1778100857.9958541,2,83065,,,,
12,1778100858.0047755,2,83075,,,,
12,1778100858.0156634,2,83085,,,,
12,1778100858.0266452,2,83095,,,,
12,1778100858.0356057,2,83105,,,,
12,1778100858.0539815,2,83115,,,,
12,1778100858.0571098,2,83125,,,,
12,1778100858.0670893,2,83135,,,,
12,1778100858.0755377,2,83145,,,,
12,1778100858.0857298,2,83155,,,,
12,1778100858.0954688,2,83165,,,,
12,1778100858.1106694,2,83175,,,,
12,1778100858.1169941,2,83185,,,,
12,1778100858.1282873,2,83195,,,,
12,1778100858.1376383,2,83205,,,,
12,1778100858.147106,2,83215,,,,
12,1778100858.1548033,2,83225,,,,
12,1778100858.1647422,2,83235,,,,
12,1778100858.1747568,2,83245,,,,
12,1778100858.1863678,2,83255,,,,
12,1778100858.2015734,2,83265,,,,
12,1778100858.2049456,2,83275,,,,
12,1778100858.2187953,2,83285,,,,
12,1778100858.2248995,2,83295,,,,
12,1778100858.2361739,2,83305,,,,
12,1778100858.2463925,2,83315,,,,
12,1778100858.25692,2,83325,,,,
12,1778100858.2698941,2,83335,,,,
12,1778100858.2853951,2,83345,,,,
12,1778100858.2855709,2,83355,,,,
12,1778100858.2950683,2,83365,,,,
12,1778100858.3054872,2,83375,,,,
12,1778100858.315707,2,83385,,,,
12,1778100858.324726,2,83395,,,,
12,1778100858.3361,2,83405,,,,
12,1778100858.3460636,2,83415,,,,
12,1778100858.3555555,2,83425,,,,
12,1778100858.3693125,2,83435,,,,
12,1778100858.374918,2,83445,,,,
12,1778100858.3880405,2,83455,,,,
12,1778100858.3976936,2,83465,,,,
12,1778100858.4068127,2,83475,,,,
12,1778100858.4186683,2,83485,,,,
12,1778100858.4280267,2,83495,,,,
12,1778100858.4347398,2,83505,,,,
12,1778100858.4447005,2,83515,,,,
12,1778100858.4545827,2,83525,,,,
12,1778100858.4647093,2,83535,,,,
12,1778100858.47555,2,83545,,,,
12,1778100858.4878154,2,83555,,,,
12,1778100858.4970555,2,83565,,,,
12,1778100858.505246,2,83575,,,,
12,1778100858.5166123,2,83585,,,,
12,1778100858.5253992,2,83595,,,,
12,1778100858.5366914,2,83605,,,,
12,1778100858.547215,2,83615,,,,
12,1778100858.5586154,2,83625,,,,
12,1778100858.5647025,2,83635,,,,
12,1778100858.574574,2,83645,,,,
12,1778100858.585264,2,83655,,,,
12,1778100858.5957334,2,83665,,,,
12,1778100858.6053598,2,83675,,,,
12,1778100858.619497,2,83685,,,,
12,1778100858.6311002,2,83695,,,,
12,1778100858.635933,2,83705,,,,
12,1778100858.646455,2,83715,,,,
12,1778100858.6572652,2,83725,,,,
12,1778100858.6646698,2,83735,,,,
12,1778100858.6775277,2,83745,,,,
12,1778100858.6849449,2,83755,,,,
12,1778100858.694659,2,83765,,,,
12,1778100858.7062852,2,83775,,,,
12,1778100858.7146125,2,83785,,,,
12,1778100858.7323847,2,83795,,,,
12,1778100858.734658,2,83805,,,,
12,1778100858.7462907,2,83815,,,,
12,1778100858.754727,2,83825,,,,
12,1778100858.7646742,2,83835,,,,
12,1778100858.7750251,2,83845,,,,
12,1778100858.7851605,2,83855,,,,
12,1778100858.7959607,2,83865,,,,
12,1778100858.8062623,2,83875,,,,
12,1778100858.8177874,2,83885,,,,
12,1778100858.833873,2,83895,,,,
12,1778100858.8357484,2,83905,,,,
12,1778100858.844829,2,83915,,,,
12,1778100858.8568025,2,83925,,,,
12,1778100858.8657982,2,83935,,,,
12,1778100858.8749125,2,83945,,,,
12,1778100858.8849385,2,83955,,,,
12,1778100858.8946447,2,83965,,,,
12,1778100858.904808,2,83975,,,,
12,1778100858.9156132,2,83985,,,,
12,1778100858.932271,2,83995,,,,
12,1778100858.9372175,2,84005,,,,
12,1778100858.944652,2,84015,,,,
12,1778100858.957606,2,84025,,,,
12,1778100858.9671001,2,84035,,,,
12,1778100858.9762135,2,84045,,,,
12,1778100858.9848063,2,84055,,,,
12,1778100858.9948926,2,84065,,,,
12,1778100859.0047953,2,84075,,,,
12,1778100859.017044,2,84085,,,,
12,1778100859.0251677,2,84095,,,,
12,1778100859.0374262,2,84105,,,,
12,1778100859.0494876,2,84115,,,,
12,1778100859.0573668,2,84125,,,,
12,1778100859.0679376,2,84135,,,,
12,1778100859.0759025,2,84145,,,,
12,1778100859.084823,2,84155,,,,
12,1778100859.0967655,2,84165,,,,
12,1778100859.1077182,2,84175,,,,
12,1778100859.1153786,2,84185,,,,
12,1778100859.1248543,2,84195,,,,
12,1778100859.1351752,2,84205,,,,
12,1778100859.144858,2,84215,,,,
12,1778100859.1558008,2,84225,,,,
12,1778100859.1647196,2,84235,,,,
12,1778100859.1747425,2,84245,,,,
12,1778100859.1848955,2,84255,,,,
12,1778100859.204206,2,84265,,,,
12,1778100859.205178,2,84275,,,,
12,1778100859.2159047,2,84285,,,,
12,1778100859.225829,2,84295,,,,
12,1778100859.2388546,2,84305,,,,
12,1778100859.2507954,2,84315,,,,
12,1778100859.256836,2,84325,,,,
12,1778100859.2704623,2,84335,,,,
12,1778100859.2746918,2,84345,,,,
12,1778100859.28483,2,84355,,,,
12,1778100859.2947366,2,84365,,,,
12,1778100859.304918,2,84375,,,,
12,1778100859.3149245,2,84385,,,,
12,1778100859.3268065,2,84395,,,,
12,1778100859.3466642,2,84405,,,,
12,1778100859.3467197,2,84415,,,,
12,1778100859.3598504,2,84425,,,,
12,1778100859.366996,2,84435,,,,
12,1778100859.3787858,2,84445,,,,
12,1778100859.385778,2,84455,,,,
12,1778100859.3959253,2,84465,,,,
12,1778100859.404867,2,84475,,,,
12,1778100859.414922,2,84485,,,,
12,1778100859.425708,2,84495,,,,
12,1778100859.4348016,2,84505,,,,
12,1778100859.4472544,2,84515,,,,
12,1778100859.4547517,2,84525,,,,
12,1778100859.464849,2,84535,,,,
12,1778100859.4762638,2,84545,,,,
12,1778100859.4901364,2,84555,,,,
12,1778100859.4948425,2,84565,,,,
12,1778100859.5066109,2,84575,,,,
12,1778100859.5205941,2,84585,,,,
12,1778100859.526818,2,84595,,,,
12,1778100859.5361814,2,84605,,,,
12,1778100859.5458117,2,84615,,,,
12,1778100859.5548184,2,84625,,,,
12,1778100859.5651329,2,84635,,,,
12,1778100859.5914824,2,84645,,,,
12,1778100859.5915072,2,84655,,,,
12,1778100859.5953987,2,84665,,,,
12,1778100859.6047199,2,84675,,,,
12,1778100859.6149106,2,84685,,,,
12,1778100859.6263213,2,84695,,,,
12,1778100859.63561,2,84705,,,,
12,1778100859.6477249,2,84715,,,,
12,1778100859.6565363,2,84725,,,,
12,1778100859.668971,2,84735,,,,
12,1778100859.6815362,2,84745,,,,
12,1778100859.6852293,2,84755,,,,
12,1778100859.6953692,2,84765,,,,
12,1778100859.7146883,2,84775,,,,
12,1778100859.7166233,2,84785,,,,
12,1778100859.7269125,2,84795,,,,
12,1778100859.739843,2,84805,,,,
12,1778100859.7455997,2,84815,,,,
12,1778100859.754594,2,84825,,,,
12,1778100859.7657318,2,84835,,,,
12,1778100859.77751,2,84845,,,,
12,1778100859.7946842,2,84855,,,,
12,1778100859.7962213,2,84865,,,,
12,1778100859.8088615,2,84875,,,,
12,1778100859.8159037,2,84885,,,,
12,1778100859.8252053,2,84895,,,,
12,1778100859.8354268,2,84905,,,,
12,1778100859.8455036,2,84915,,,,
12,1778100859.8578463,2,84925,,,,
12,1778100859.8705945,2,84935,,,,
12,1778100859.8755622,2,84945,,,,
12,1778100859.8853097,2,84955,,,,
12,1778100859.8987029,2,84965,,,,
12,1778100859.913544,2,84975,,,,
12,1778100859.9203124,2,84985,,,,
12,1778100859.9309647,2,84995,,,,
12,1778100859.937423,2,85005,,,,
12,1778100859.9456162,2,85015,,,,
12,1778100859.9588668,2,85025,,,,
12,1778100859.9712489,2,85035,,,,
12,1778100859.9792554,2,85045,,,,
12,1778100859.987789,2,85055,,,,
12,1778100859.9946978,2,85065,,,,
12,1778100860.0056195,2,85075,,,,
12,1778100860.0147738,2,85085,,,,
12,1778100860.0318463,2,85095,,,,
12,1778100860.0376587,2,85105,,,,
12,1778100860.0447824,2,85115,,,,
12,1778100860.0586379,2,85125,,,,
12,1778100860.0668857,2,85135,,,,
12,1778100860.0769477,2,85145,,,,
12,1778100860.0861838,2,85155,,,,
12,1778100860.0987043,2,85165,,,,
12,1778100860.105926,2,85175,,,,
12,1778100860.1159396,2,85185,,,,
12,1778100860.1270726,2,85195,,,,
12,1778100860.1350677,2,85205,,,,
12,1778100860.1450381,2,85215,,,,
12,1778100860.1556814,2,85225,,,,
12,1778100860.1651404,2,85235,,,,
12,1778100860.1757746,2,85245,,,,
12,1778100860.1869085,2,85255,,,,
12,1778100860.202503,2,85265,,,,
12,1778100860.207512,2,85275,,,,
12,1778100860.2186613,2,85285,,,,
12,1778100860.2257864,2,85295,,,,
12,1778100860.2368562,2,85305,,,,
12,1778100860.2472823,2,85315,,,,
12,1778100860.2547238,2,85325,,,,
12,1778100860.2697387,2,85335,,,,
12,1778100860.2755942,2,85345,,,,
12,1778100860.2846851,2,85355,,,,
12,1778100860.2946064,2,85365,,,,
12,1778100860.3066037,2,85375,,,,
12,1778100860.3146765,2,85385,,,,
12,1778100860.329708,2,85395,,,,
12,1778100860.3366039,2,85405,,,,
12,1778100860.3557549,2,85415,,,,
12,1778100860.3557677,2,85425,,,,
12,1778100860.3705444,2,85435,,,,
12,1778100860.3854668,2,85445,,,,
12,1778100860.3873525,2,85455,,,,
12,1778100860.3968062,2,85465,,,,
12,1778100860.4067967,2,85475,,,,
12,1778100860.4148333,2,85485,,,,
12,1778100860.4249756,2,85495,,,,
12,1778100860.434762,2,85505,,,,
12,1778100860.4522512,2,85515,,,,
12,1778100860.4557352,2,85525,,,,
12,1778100860.4722435,2,85535,,,,
12,1778100860.4829247,2,85545,,,,
12,1778100860.48576,2,85555,,,,
12,1778100860.4958494,2,85565,,,,
12,1778100860.504715,2,85575,,,,
12,1778100860.5172927,2,85585,,,,
12,1778100860.531774,2,85595,,,,
12,1778100860.5371575,2,85605,,,,
12,1778100860.5466456,2,85615,,,,
12,1778100860.5547109,2,85625,,,,
12,1778100860.5744724,2,85635,,,,
12,1778100860.574488,2,85645,,,,
12,1778100860.5886362,2,85655,,,,
12,1778100860.595577,2,85665,,,,
12,1778100860.6144207,2,85675,,,,
12,1778100860.626413,2,85685,,,,
12,1778100860.6338136,2,85695,,,,
12,1778100860.6357136,2,85705,,,,
12,1778100860.6473742,2,85715,,,,
12,1778100860.6568067,2,85725,,,,
12,1778100860.6648264,2,85735,,,,
12,1778100860.6796925,2,85745,,,,
12,1778100860.6853576,2,85755,,,,
12,1778100860.6988287,2,85765,,,,
12,1778100860.7047231,2,85775,,,,
12,1778100860.7147694,2,85785,,,,
12,1778100860.7253232,2,85795,,,,
12,1778100860.7346728,2,85805,,,,
12,1778100860.7466927,2,85815,,,,
12,1778100860.7600741,2,85825,,,,
12,1778100860.7697406,2,85835,,,,
12,1778100860.790591,2,85845,,,,
12,1778100860.7906137,2,85855,,,,
12,1778100860.7953205,2,85865,,,,
12,1778100860.8095698,2,85875,,,,
12,1778100860.8163655,2,85885,,,,
12,1778100860.8271034,2,85895,,,,
12,1778100860.8365645,2,85905,,,,
12,1778100860.8487422,2,85915,,,,
12,1778100860.8574722,2,85925,,,,
12,1778100860.8647861,2,85935,,,,
12,1778100860.8823202,2,85945,,,,
12,1778100860.884651,2,85955,,,,
12,1778100860.8957021,2,85965,,,,
12,1778100860.9108155,2,85975,,,,
12,1778100860.915676,2,85985,,,,
12,1778100860.9257689,2,85995,,,,
12,1778100860.934947,2,86005,,,,
12,1778100860.948736,2,86015,,,,
12,1778100860.9559114,2,86025,,,,
12,1778100860.967714,2,86035,,,,
12,1778100860.9880817,2,86045,,,,
12,1778100860.9902174,2,86055,,,,
12,1778100860.9945927,2,86065,,,,
12,1778100861.0068371,2,86075,,,,
12,1778100861.0152314,2,86085,,,,
12,1778100861.025857,2,86095,,,,
12,1778100861.0347219,2,86105,,,,
12,1778100861.050745,2,86115,,,,
12,1778100861.055862,2,86125,,,,
12,1778100861.0649335,2,86135,,,,
12,1778100861.0787306,2,86145,,,,
12,1778100861.0854137,2,86155,,,,
12,1778100861.0988533,2,86165,,,,
12,1778100861.1065702,2,86175,,,,
12,1778100861.1148984,2,86185,,,,
12,1778100861.1248298,2,86195,,,,
12,1778100861.134868,2,86205,,,,
12,1778100861.1474338,2,86215,,,,
12,1778100861.1562915,2,86225,,,,
12,1778100861.1699085,2,86235,,,,
12,1778100861.179093,2,86245,,,,
12,1778100861.1949415,2,86255,,,,
12,1778100861.195913,2,86265,,,,
12,1778100861.2057323,2,86275,,,,
12,1778100861.2204158,2,86285,,,,
12,1778100861.2248154,2,86295,,,,
12,1778100861.237219,2,86305,,,,
12,1778100861.2454197,2,86315,,,,
12,1778100861.2586024,2,86325,,,,
12,1778100861.2708368,2,86335,,,,
12,1778100861.276709,2,86345,,,,
12,1778100861.2857082,2,86355,,,,
12,1778100861.2952032,2,86365,,,,
12,1778100861.3069236,2,86375,,,,
12,1778100861.3227684,2,86385,,,,
12,1778100861.3247142,2,86395,,,,
12,1778100861.339742,2,86405,,,,
12,1778100861.3449247,2,86415,,,,
12,1778100861.358317,2,86425,,,,
12,1778100861.364843,2,86435,,,,
12,1778100861.379888,2,86445,,,,
12,1778100861.3851929,2,86455,,,,
12,1778100861.3984761,2,86465,,,,
12,1778100861.4173057,2,86475,,,,
12,1778100861.4175596,2,86485,,,,
12,1778100861.426649,2,86495,,,,
12,1778100861.437493,2,86505,,,,
12,1778100861.4449222,2,86515,,,,
12,1778100861.4567585,2,86525,,,,
12,1778100861.4677944,2,86535,,,,
12,1778100861.481191,2,86545,,,,
12,1778100861.4861088,2,86555,,,,
12,1778100861.4957721,2,86565,,,,
12,1778100861.5049212,2,86575,,,,
12,1778100861.5217216,2,86585,,,,
12,1778100861.5278335,2,86595,,,,
12,1778100861.5354455,2,86605,,,,
12,1778100861.54829,2,86615,,,,
12,1778100861.554892,2,86625,,,,
12,1778100861.5655801,2,86635,,,,
12,1778100861.5769036,2,86645,,,,
12,1778100861.5857203,2,86655,,,,
12,1778100861.5981996,2,86665,,,,
12,1778100861.6047592,2,86675,,,,
12,1778100861.6148446,2,86685,,,,
12,1778100861.62713,2,86695,,,,
12,1778100861.6348436,2,86705,,,,
12,1778100861.6479132,2,86715,,,,
12,1778100861.657871,2,86725,,,,
12,1778100861.6668777,2,86735,,,,
12,1778100861.6760795,2,86745,,,,
12,1778100861.6855319,2,86755,,,,
12,1778100861.695512,2,86765,,,,
12,1778100861.704829,2,86775,,,,
12,1778100861.7148411,2,86785,,,,
12,1778100861.728618,2,86795,,,,
12,1778100861.7347984,2,86805,,,,
12,1778100861.7447703,2,86815,,,,
12,1778100861.7547643,2,86825,,,,
12,1778100861.7656896,2,86835,,,,
12,1778100861.776806,2,86845,,,,
12,1778100861.7854388,2,86855,,,,
12,1778100861.7976909,2,86865,,,,
12,1778100861.8057196,2,86875,,,,
12,1778100861.819674,2,86885,,,,
12,1778100861.8267996,2,86895,,,,
12,1778100861.8347692,2,86905,,,,
12,1778100861.8455138,2,86915,,,,
12,1778100861.8548322,2,86925,,,,
12,1778100861.8647816,2,86935,,,,
12,1778100861.8852055,2,86945,,,,
12,1778100861.886416,2,86955,,,,
12,1778100861.90524,2,86965,,,,
12,1778100861.9184856,2,86975,,,,
12,1778100861.922889,2,86985,,,,
12,1778100861.9272192,2,86995,,,,
12,1778100861.9378111,2,87005,,,,
12,1778100861.9466739,2,87015,,,,
12,1778100861.9588315,2,87025,,,,
12,1778100861.9646108,2,87035,,,,
12,1778100861.9750705,2,87045,,,,
12,1778100861.98603,2,87055,,,,
12,1778100861.99492,2,87065,,,,
12,1778100862.0129,2,87075,,,,
12,1778100862.0157971,2,87085,,,,
12,1778100862.0246885,2,87095,,,,
12,1778100862.0408547,2,87105,,,,
12,1778100862.0458732,2,87115,,,,
12,1778100862.0555475,2,87125,,,,
12,1778100862.0663729,2,87135,,,,
12,1778100862.0790265,2,87145,,,,
12,1778100862.08684,2,87155,,,,
12,1778100862.0955904,2,87165,,,,
12,1778100862.1145854,2,87175,,,,
12,1778100862.121553,2,87185,,,,
12,1778100862.1277213,2,87195,,,,
12,1778100862.1351542,2,87205,,,,
12,1778100862.150902,2,87215,,,,
12,1778100862.1555204,2,87225,,,,
12,1778100862.1653876,2,87235,,,,
12,1778100862.1837666,2,87245,,,,
12,1778100862.1851804,2,87255,,,,
12,1778100862.194812,2,87265,,,,
12,1778100862.216268,2,87275,,,,
12,1778100862.2213576,2,87285,,,,
12,1778100862.2254667,2,87295,,,,
12,1778100862.2422986,2,87305,,,,
12,1778100862.2478356,2,87315,,,,
12,1778100862.255385,2,87325,,,,
12,1778100862.26454,2,87335,,,,
12,1778100862.274776,2,87345,,,,
12,1778100862.2853224,2,87355,,,,
12,1778100862.2946804,2,87365,,,,
12,1778100862.3054616,2,87375,,,,
12,1778100862.315875,2,87385,,,,
12,1778100862.3259323,2,87395,,,,
12,1778100862.33571,2,87405,,,,
12,1778100862.3468065,2,87415,,,,
12,1778100862.3552725,2,87425,,,,
12,1778100862.3648942,2,87435,,,,
12,1778100862.3867822,2,87445,,,,
12,1778100862.3902059,2,87455,,,,
12,1778100862.3952715,2,87465,,,,
12,1778100862.4127874,2,87475,,,,
12,1778100862.4203424,2,87485,,,,
12,1778100862.427406,2,87495,,,,
12,1778100862.4347055,2,87505,,,,
12,1778100862.4484572,2,87515,,,,
12,1778100862.4668484,2,87525,,,,
12,1778100862.466873,2,87535,,,,
12,1778100862.482804,2,87545,,,,
12,1778100862.4888992,2,87555,,,,
12,1778100862.4948273,2,87565,,,,
12,1778100862.5056586,2,87575,,,,
12,1778100862.5146585,2,87585,,,,
12,1778100862.5308113,2,87595,,,,
12,1778100862.5368757,2,87605,,,,
12,1778100862.5485172,2,87615,,,,
12,1778100862.5567858,2,87625,,,,
12,1778100862.5655634,2,87635,,,,
12,1778100862.5747778,2,87645,,,,
12,1778100862.5847852,2,87655,,,,
12,1778100862.5949008,2,87665,,,,
12,1778100862.608635,2,87675,,,,
12,1778100862.6286683,2,87685,,,,
12,1778100862.629725,2,87695,,,,
12,1778100862.6353366,2,87705,,,,
12,1778100862.6458657,2,87715,,,,
12,1778100862.6636739,2,87725,,,,
12,1778100862.6717727,2,87735,,,,
12,1778100862.6762938,2,87745,,,,
12,1778100862.684816,2,87755,,,,
12,1778100862.6949046,2,87765,,,,
12,1778100862.7064576,2,87775,,,,
12,1778100862.7152152,2,87785,,,,
12,1778100862.725278,2,87795,,,,
12,1778100862.7348158,2,87805,,,,
12,1778100862.7502313,2,87815,,,,
12,1778100862.7548935,2,87825,,,,
12,1778100862.7647862,2,87835,,,,
12,1778100862.7747083,2,87845,,,,
12,1778100862.7876217,2,87855,,,,
12,1778100862.7958148,2,87865,,,,
12,1778100862.8058383,2,87875,,,,
12,1778100862.8288252,2,87885,,,,
12,1778100862.830751,2,87895,,,,
12,1778100862.8456554,2,87905,,,,
12,1778100862.8568304,2,87915,,,,
12,1778100862.8602524,2,87925,,,,
12,1778100862.8647027,2,87935,,,,
12,1778100862.8767693,2,87945,,,,
12,1778100862.8889523,2,87955,,,,
12,1778100862.901543,2,87965,,,,
12,1778100862.9067216,2,87975,,,,
12,1778100862.914929,2,87985,,,,
12,1778100862.925809,2,87995,,,,
12,1778100862.936125,2,88005,,,,
12,1778100862.945928,2,88015,,,,
12,1778100862.9546826,2,88025,,,,
12,1778100862.9647496,2,88035,,,,
12,1778100862.9763837,2,88045,,,,
12,1778100862.9887378,2,88055,,,,
12,1778100862.9997768,2,88065,,,,
12,1778100863.00518,2,88075,,,,
12,1778100863.0176697,2,88085,,,,
12,1778100863.0278986,2,88095,,,,
12,1778100863.0398462,2,88105,,,,
12,1778100863.0449982,2,88115,,,,
12,1778100863.0552862,2,88125,,,,
12,1778100863.0658484,2,88135,,,,
12,1778100863.0763474,2,88145,,,,
12,1778100863.0859842,2,88155,,,,
12,1778100863.0953639,2,88165,,,,
12,1778100863.1051784,2,88175,,,,
12,1778100863.1145828,2,88185,,,,
12,1778100863.125496,2,88195,,,,
12,1778100863.1440845,2,88205,,,,
12,1778100863.1476455,2,88215,,,,
12,1778100863.1555994,2,88225,,,,
12,1778100863.169895,2,88235,,,,
12,1778100863.1749258,2,88245,,,,
12,1778100863.1848314,2,88255,,,,
12,1778100863.1948974,2,88265,,,,
12,1778100863.2055874,2,88275,,,,
12,1778100863.2179701,2,88285,,,,
12,1778100863.2359164,2,88295,,,,
12,1778100863.2403293,2,88305,,,,
12,1778100863.2483504,2,88315,,,,
12,1778100863.2579226,2,88325,,,,
12,1778100863.2656617,2,88335,,,,
12,1778100863.2771916,2,88345,,,,
12,1778100863.2848256,2,88355,,,,
12,1778100863.3017738,2,88365,,,,
12,1778100863.306723,2,88375,,,,
12,1778100863.3156853,2,88385,,,,
12,1778100863.3255048,2,88395,,,,
12,1778100863.338463,2,88405,,,,
12,1778100863.3457527,2,88415,,,,
12,1778100863.3605325,2,88425,,,,
12,1778100863.3668995,2,88435,,,,
12,1778100863.37689,2,88445,,,,
12,1778100863.3887873,2,88455,,,,
12,1778100863.397532,2,88465,,,,
12,1778100863.4050198,2,88475,,,,
12,1778100863.419257,2,88485,,,,
12,1778100863.4253185,2,88495,,,,
12,1778100863.435928,2,88505,,,,
12,1778100863.4448967,2,88515,,,,
12,1778100863.459951,2,88525,,,,
12,1778100863.472141,2,88535,,,,
12,1778100863.475854,2,88545,,,,
12,1778100863.485807,2,88555,,,,
12,1778100863.4986691,2,88565,,,,
12,1778100863.507939,2,88575,,,,
12,1778100863.5157878,2,88585,,,,
12,1778100863.524776,2,88595,,,,
12,1778100863.538715,2,88605,,,,
12,1778100863.5466723,2,88615,,,,
12,1778100863.554689,2,88625,,,,
12,1778100863.5655959,2,88635,,,,
12,1778100863.5768483,2,88645,,,,
12,1778100863.5896916,2,88655,,,,
12,1778100863.5950227,2,88665,,,,
12,1778100863.6159067,2,88675,,,,
12,1778100863.6278925,2,88685,,,,
12,1778100863.6279204,2,88695,,,,
12,1778100863.648825,2,88705,,,,
12,1778100863.655562,2,88715,,,,
12,1778100863.6586661,2,88725,,,,
12,1778100863.6667085,2,88735,,,,
12,1778100863.6748564,2,88745,,,,
12,1778100863.6847913,2,88755,,,,
12,1778100863.6948187,2,88765,,,,
12,1778100863.70579,2,88775,,,,
12,1778100863.7173772,2,88785,,,,
12,1778100863.7248092,2,88795,,,,
12,1778100863.7347932,2,88805,,,,
12,1778100863.7490492,2,88815,,,,
12,1778100863.7558534,2,88825,,,,
12,1778100863.7651434,2,88835,,,,
12,1778100863.7796516,2,88845,,,,
12,1778100863.7870603,2,88855,,,,
12,1778100863.7987735,2,88865,,,,
12,1778100863.8078125,2,88875,,,,
12,1778100863.8285136,2,88885,,,,
12,1778100863.8285384,2,88895,,,,
12,1778100863.8351982,2,88905,,,,
12,1778100863.8513596,2,88915,,,,
12,1778100863.8572278,2,88925,,,,
12,1778100863.864855,2,88935,,,,
12,1778100863.8787653,2,88945,,,,
12,1778100863.890816,2,88955,,,,
12,1778100863.9011507,2,88965,,,,
12,1778100863.9158223,2,88975,,,,
12,1778100863.9173875,2,88985,,,,
12,1778100863.9358025,2,88995,,,,
12,1778100863.9407134,2,89005,,,,
12,1778100863.9448447,2,89015,,,,
12,1778100863.9547226,2,89025,,,,
12,1778100863.9690025,2,89035,,,,
12,1778100863.9763527,2,89045,,,,
12,1778100863.9855766,2,89055,,,,
12,1778100863.9967673,2,89065,,,,
12,1778100864.006725,2,89075,,,,
12,1778100864.0148976,2,89085,,,,
12,1778100864.0248673,2,89095,,,,
12,1778100864.03511,2,89105,,,,
12,1778100864.0475845,2,89115,,,,
12,1778100864.0569603,2,89125,,,,
12,1778100864.0680287,2,89135,,,,
12,1778100864.0834801,2,89145,,,,
12,1778100864.09482,2,89155,,,,
12,1778100864.096879,2,89165,,,,
12,1778100864.1047351,2,89175,,,,
12,1778100864.115439,2,89185,,,,
12,1778100864.1254542,2,89195,,,,
12,1778100864.1348355,2,89205,,,,
12,1778100864.1448019,2,89215,,,,
12,1778100864.1616933,2,89225,,,,
12,1778100864.1758573,2,89235,,,,
12,1778100864.1913521,2,89245,,,,
12,1778100864.1930265,2,89255,,,,
12,1778100864.1951203,2,89265,,,,
12,1778100864.2048004,2,89275,,,,
12,1778100864.2160726,2,89285,,,,
12,1778100864.2266686,2,89295,,,,
12,1778100864.2377243,2,89305,,,,
12,1778100864.2464697,2,89315,,,,
12,1778100864.2597587,2,89325,,,,
12,1778100864.2687018,2,89335,,,,
12,1778100864.2753317,2,89345,,,,
12,1778100864.2847898,2,89355,,,,
12,1778100864.2948046,2,89365,,,,
12,1778100864.3049712,2,89375,,,,
12,1778100864.3177722,2,89385,,,,
12,1778100864.3249505,2,89395,,,,
12,1778100864.3364205,2,89405,,,,
12,1778100864.34472,2,89415,,,,
12,1778100864.3626502,2,89425,,,,
12,1778100864.366682,2,89435,,,,
12,1778100864.3794963,2,89445,,,,
12,1778100864.3860872,2,89455,,,,
12,1778100864.3950517,2,89465,,,,
12,1778100864.4071805,2,89475,,,,
12,1778100864.4186482,2,89485,,,,
12,1778100864.4259038,2,89495,,,,
12,1778100864.4437125,2,89505,,,,
12,1778100864.4457428,2,89515,,,,
12,1778100864.4558568,2,89525,,,,
12,1778100864.4648268,2,89535,,,,
12,1778100864.4764626,2,89545,,,,
12,1778100864.4845815,2,89555,,,,
12,1778100864.4948149,2,89565,,,,
12,1778100864.5064666,2,89575,,,,
12,1778100864.515434,2,89585,,,,
12,1778100864.5284243,2,89595,,,,
12,1778100864.5346658,2,89605,,,,
12,1778100864.5449142,2,89615,,,,
12,1778100864.554824,2,89625,,,,
12,1778100864.5683792,2,89635,,,,
12,1778100864.5773964,2,89645,,,,
12,1778100864.5870433,2,89655,,,,
12,1778100864.5957909,2,89665,,,,
12,1778100864.6078393,2,89675,,,,
12,1778100864.619045,2,89685,,,,
12,1778100864.6267273,2,89695,,,,
12,1778100864.6377969,2,89705,,,,
12,1778100864.6459713,2,89715,,,,
12,1778100864.6577947,2,89725,,,,
12,1778100864.6706939,2,89735,,,,
12,1778100864.6826901,2,89745,,,,
12,1778100864.6865532,2,89755,,,,
12,1778100864.7010932,2,89765,,,,
12,1778100864.711436,2,89775,,,,
12,1778100864.7155757,2,89785,,,,
12,1778100864.7262514,2,89795,,,,
12,1778100864.7346892,2,89805,,,,
12,1778100864.7458003,2,89815,,,,
12,1778100864.755023,2,89825,,,,
12,1778100864.7676933,2,89835,,,,
12,1778100864.7782423,2,89845,,,,
12,1778100864.7846813,2,89855,,,,
12,1778100864.796688,2,89865,,,,
12,1778100864.8135636,2,89875,,,,
12,1778100864.8170695,2,89885,,,,
12,1778100864.824686,2,89895,,,,
12,1778100864.8391352,2,89905,,,,
12,1778100864.8502533,2,89915,,,,
12,1778100864.8545656,2,89925,,,,
12,1778100864.866167,2,89935,,,,
12,1778100864.874925,2,89945,,,,
12,1778100864.885513,2,89955,,,,
12,1778100864.8956904,2,89965,,,,
12,1778100864.9067922,2,89975,,,,
12,1778100864.9155724,2,89985,,,,
12,1778100864.927823,2,89995,,,,
12,1778100864.9368932,2,90005,,,,
12,1778100864.951905,2,90015,,,,
12,1778100864.955365,2,90025,,,,
12,1778100864.9769847,2,90035,,,,
12,1778100864.9789662,2,90045,,,,
12,1778100864.987345,2,90055,,,,
12,1778100864.9960794,2,90065,,,,
12,1778100865.0055692,2,90075,,,,
12,1778100865.0167613,2,90085,,,,
12,1778100865.033841,2,90095,,,,
12,1778100865.0357869,2,90105,,,,
12,1778100865.0456657,2,90115,,,,
12,1778100865.0546699,2,90125,,,,
12,1778100865.066292,2,90135,,,,
12,1778100865.0927467,2,90145,,,,
12,1778100865.094723,2,90155,,,,
12,1778100865.0967941,2,90165,,,,
12,1778100865.1070802,2,90175,,,,
12,1778100865.1177468,2,90185,,,,
12,1778100865.1335511,2,90195,,,,
12,1778100865.1355884,2,90205,,,,
12,1778100865.1465387,2,90215,,,,
12,1778100865.1582704,2,90225,,,,
12,1778100865.1706264,2,90235,,,,
12,1778100865.1858113,2,90245,,,,
12,1778100865.194242,2,90255,,,,
12,1778100865.1967366,2,90265,,,,
12,1778100865.2138145,2,90275,,,,
12,1778100865.2177813,2,90285,,,,
12,1778100865.2273388,2,90295,,,,
12,1778100865.2347329,2,90305,,,,
12,1778100865.244772,2,90315,,,,
12,1778100865.254798,2,90325,,,,
12,1778100865.2648942,2,90335,,,,
12,1778100865.283412,2,90345,,,,
12,1778100865.294747,2,90355,,,,
12,1778100865.2966552,2,90365,,,,
12,1778100865.3104353,2,90375,,,,
12,1778100865.3179097,2,90385,,,,
12,1778100865.325805,2,90395,,,,
12,1778100865.3507788,2,90405,,,,
12,1778100865.3508105,2,90415,,,,
12,1778100865.363818,2,90425,,,,
12,1778100865.3736594,2,90435,,,,
12,1778100865.3756871,2,90445,,,,
12,1778100865.3882267,2,90455,,,,
12,1778100865.3970194,2,90465,,,,
12,1778100865.4199002,2,90475,,,,
12,1778100865.422212,2,90485,,,,
12,1778100865.4246397,2,90495,,,,
12,1778100865.4450586,2,90505,,,,
12,1778100865.4605763,2,90515,,,,
12,1778100865.4606347,2,90525,,,,
12,1778100865.4660194,2,90535,,,,
12,1778100865.475817,2,90545,,,,
12,1778100865.489193,2,90555,,,,
12,1778100865.4978905,2,90565,,,,
12,1778100865.5057664,2,90575,,,,
12,1778100865.5169575,2,90585,,,,
12,1778100865.524652,2,90595,,,,
12,1778100865.534719,2,90605,,,,
12,1778100865.544942,2,90615,,,,
12,1778100865.554831,2,90625,,,,
12,1778100865.5658967,2,90635,,,,
12,1778100865.5768147,2,90645,,,,
12,1778100865.5924063,2,90655,,,,
12,1778100865.59569,2,90665,,,,
12,1778100865.6078403,2,90675,,,,
12,1778100865.6197379,2,90685,,,,
12,1778100865.6246727,2,90695,,,,
12,1778100865.6367521,2,90705,,,,
12,1778100865.6458948,2,90715,,,,
12,1778100865.6557696,2,90725,,,,
12,1778100865.6673365,2,90735,,,,
12,1778100865.6757312,2,90745,,,,
12,1778100865.6851084,2,90755,,,,
12,1778100865.6947935,2,90765,,,,
12,1778100865.704751,2,90775,,,,
12,1778100865.714743,2,90785,,,,
12,1778100865.7248218,2,90795,,,,
12,1778100865.7407143,2,90805,,,,
12,1778100865.747909,2,90815,,,,
12,1778100865.7548773,2,90825,,,,
12,1778100865.7657163,2,90835,,,,
12,1778100865.774667,2,90845,,,,
12,1778100865.7926714,2,90855,,,,
12,1778100865.795516,2,90865,,,,
12,1778100865.8113894,2,90875,,,,
12,1778100865.817721,2,90885,,,,
12,1778100865.8249154,2,90895,,,,
12,1778100865.8376818,2,90905,,,,
12,1778100865.8466752,2,90915,,,,
12,1778100865.8547032,2,90925,,,,
12,1778100865.866685,2,90935,,,,
12,1778100865.8753276,2,90945,,,,
12,1778100865.8849132,2,90955,,,,
12,1778100865.8968394,2,90965,,,,
12,1778100865.9051719,2,90975,,,,
12,1778100865.915345,2,90985,,,,
12,1778100865.9277196,2,90995,,,,
12,1778100865.935769,2,91005,,,,
12,1778100865.9448202,2,91015,,,,
12,1778100865.9588335,2,91025,,,,
12,1778100865.9731345,2,91035,,,,
12,1778100865.9874163,2,91045,,,,
12,1778100865.9978259,2,91055,,,,
12,1778100866.003333,2,91065,,,,
12,1778100866.0136478,2,91075,,,,
12,1778100866.0150979,2,91085,,,,
12,1778100866.0277278,2,91095,,,,
12,1778100866.0364614,2,91105,,,,
12,1778100866.0447931,2,91115,,,,
12,1778100866.0562959,2,91125,,,,
12,1778100866.0686288,2,91135,,,,
12,1778100866.077413,2,91145,,,,
12,1778100866.0887861,2,91155,,,,
12,1778100866.0945528,2,91165,,,,
12,1778100866.1085503,2,91175,,,,
12,1778100866.116439,2,91185,,,,
12,1778100866.1247447,2,91195,,,,
12,1778100866.1347969,2,91205,,,,
12,1778100866.156402,2,91215,,,,
12,1778100866.156704,2,91225,,,,
12,1778100866.1667955,2,91235,,,,
12,1778100866.1767678,2,91245,,,,
12,1778100866.185313,2,91255,,,,
12,1778100866.1998143,2,91265,,,,
12,1778100866.207749,2,91275,,,,
12,1778100866.2155452,2,91285,,,,
12,1778100866.227354,2,91295,,,,
12,1778100866.2352233,2,91305,,,,
12,1778100866.248394,2,91315,,,,
12,1778100866.256181,2,91325,,,,
12,1778100866.2645924,2,91335,,,,
12,1778100866.2763205,2,91345,,,,
12,1778100866.2853003,2,91355,,,,
12,1778100866.3154302,2,91365,,,,
12,1778100866.315457,2,91375,,,,
12,1778100866.3183093,2,91385,,,,
12,1778100866.3255422,2,91395,,,,
12,1778100866.336552,2,91405,,,,
12,1778100866.3484786,2,91415,,,,
12,1778100866.3549554,2,91425,,,,
12,1778100866.3650384,2,91435,,,,
12,1778100866.3747764,2,91445,,,,
12,1778100866.3868606,2,91455,,,,
12,1778100866.397669,2,91465,,,,
12,1778100866.41348,2,91475,,,,
12,1778100866.4155016,2,91485,,,,
12,1778100866.4252007,2,91495,,,,
12,1778100866.435814,2,91505,,,,
12,1778100866.4457512,2,91515,,,,
12,1778100866.4566755,2,91525,,,,
12,1778100866.468267,2,91535,,,,
12,1778100866.477658,2,91545,,,,
12,1778100866.489488,2,91555,,,,
12,1778100866.5045953,2,91565,,,,
12,1778100866.5185215,2,91575,,,,
12,1778100866.5204296,2,91585,,,,
12,1778100866.5243762,2,91595,,,,
12,1778100866.5423632,2,91605,,,,
12,1778100866.5484104,2,91615,,,,
12,1778100866.5546455,2,91625,,,,
12,1778100866.5678947,2,91635,,,,
12,1778100866.5793586,2,91645,,,,
12,1778100866.5871012,2,91655,,,,
12,1778100866.5950966,2,91665,,,,
12,1778100866.6099665,2,91675,,,,
12,1778100866.6157954,2,91685,,,,
12,1778100866.6249247,2,91695,,,,
12,1778100866.6374466,2,91705,,,,
12,1778100866.654278,2,91715,,,,
12,1778100866.6619174,2,91725,,,,
12,1778100866.6664996,2,91735,,,,
12,1778100866.6747785,2,91745,,,,
12,1778100866.6854136,2,91755,,,,
12,1778100866.6957285,2,91765,,,,
12,1778100866.7054856,2,91775,,,,
12,1778100866.7208018,2,91785,,,,
12,1778100866.7259,2,91795,,,,
12,1778100866.7358756,2,91805,,,,
12,1778100866.7465584,2,91815,,,,
12,1778100866.761144,2,91825,,,,
12,1778100866.771229,2,91835,,,,
12,1778100866.777526,2,91845,,,,
12,1778100866.7878914,2,91855,,,,
12,1778100866.7947576,2,91865,,,,
12,1778100866.805456,2,91875,,,,
12,1778100866.8151534,2,91885,,,,
12,1778100866.8247457,2,91895,,,,
12,1778100866.8353612,2,91905,,,,
12,1778100866.8494136,2,91915,,,,
12,1778100866.854721,2,91925,,,,
12,1778100866.8708081,2,91935,,,,
12,1778100866.878574,2,91945,,,,
12,1778100866.8917809,2,91955,,,,
12,1778100866.8956583,2,91965,,,,
12,1778100866.9060483,2,91975,,,,
12,1778100866.9229546,2,91985,,,,
12,1778100866.9301682,2,91995,,,,
12,1778100866.9357214,2,92005,,,,
12,1778100866.9512815,2,92015,,,,
12,1778100866.9645307,2,92025,,,,
12,1778100866.9664257,2,92035,,,,
12,1778100866.9752724,2,92045,,,,
12,1778100866.9845557,2,92055,,,,
12,1778100866.996916,2,92065,,,,
12,1778100867.0048478,2,92075,,,,
12,1778100867.0187368,2,92085,,,,
12,1778100867.0256784,2,92095,,,,
12,1778100867.0345678,2,92105,,,,
12,1778100867.06276,2,92115,,,,
12,1778100867.0641634,2,92125,,,,
12,1778100867.065603,2,92135,,,,
12,1778100867.0768359,2,92145,,,,
12,1778100867.084746,2,92155,,,,
12,1778100867.0957692,2,92165,,,,
12,1778100867.1055872,2,92175,,,,
12,1778100867.1148036,2,92185,,,,
12,1778100867.1276004,2,92195,,,,
12,1778100867.1347773,2,92205,,,,
12,1778100867.1464956,2,92215,,,,
12,1778100867.1608896,2,92225,,,,
12,1778100867.164867,2,92235,,,,
12,1778100867.174671,2,92245,,,,
12,1778100867.185759,2,92255,,,,
12,1778100867.2040136,2,92265,,,,
12,1778100867.2047923,2,92275,,,,
12,1778100867.2176733,2,92285,,,,
12,1778100867.229087,2,92295,,,,
12,1778100867.2386684,2,92305,,,,
12,1778100867.2541792,2,92315,,,,
12,1778100867.2573283,2,92325,,,,
12,1778100867.270257,2,92335,,,,
12,1778100867.3010392,2,92345,,,,
12,1778100867.303465,2,92355,,,,
12,1778100867.3060043,2,92365,,,,
12,1778100867.3085775,2,92375,,,,
12,1778100867.3209713,2,92385,,,,
12,1778100867.3359373,2,92395,,,,
12,1778100867.3365023,2,92405,,,,
12,1778100867.3447657,2,92415,,,,
12,1778100867.360664,2,92425,,,,
12,1778100867.3645835,2,92435,,,,
12,1778100867.3776891,2,92445,,,,
12,1778100867.424527,2,92455,,,,
12,1778100867.424553,2,92465,,,,
12,1778100867.424564,2,92475,,,,
12,1778100867.4417067,2,92485,,,,
12,1778100867.4467661,2,92495,,,,
12,1778100867.446805,2,92505,,,,
12,1778100867.4507663,2,92515,,,,
12,1778100867.463802,2,92525,,,,
12,1778100867.4648132,2,92535,,,,
12,1778100867.4826472,2,92545,,,,
12,1778100867.4852016,2,92555,,,,
12,1778100867.5054953,2,92565,,,,
12,1778100867.508483,2,92575,,,,
12,1778100867.51463,2,92585,,,,
12,1778100867.529697,2,92595,,,,
12,1778100867.5407975,2,92605,,,,
12,1778100867.5446935,2,92615,,,,
12,1778100867.5547702,2,92625,,,,
12,1778100867.5676851,2,92635,,,,
12,1778100867.576398,2,92645,,,,
